desenho,periodo,coluna,exposicao,nivel,status,K
Painel,Total,total_desastres,Total de desastres,Total,estimado,1.0
Painel,Total,grupo_climatologico,Grupo | Climatológico,Grupo,estimado,1.0
Painel,Total,grupo_hidrologico,Grupo | Hidrológico,Grupo,estimado,1.0
Painel,Total,grupo_meteorologico,Grupo | Meteorológico,Grupo,estimado,1.0
Painel,Total,grupo_outros,Grupo | Outros,Grupo,estimado,1.0
Painel,Total,tipo_alagamentos,Tipologia | Alagamentos,Tipologia,estimado,1.0
Painel,Total,tipo_chuvas_intensas,Tipologia | Chuvas Intensas,Tipologia,estimado,1.0
Painel,Total,tipo_doencas_infecciosas,Tipologia | Doenças infecciosas,Tipologia,estimado,1.0
Painel,Total,tipo_enxurradas,Tipologia | Enxurradas,Tipologia,estimado,1.0
Painel,Total,tipo_erosao,Tipologia | Erosão,Tipologia,estimado,1.0
Painel,Total,tipo_estiagem_e_seca,Tipologia | Estiagem e Seca,Tipologia,estimado,1.0
Painel,Total,tipo_granizo,Tipologia | Granizo,Tipologia,estimado,1.0
Painel,Total,tipo_incendio_florestal,Tipologia | Incêndio Florestal,Tipologia,estimado,1.0
Painel,Total,tipo_inundacoes,Tipologia | Inundações,Tipologia,estimado,1.0
Painel,Total,tipo_movimento_de_massa,Tipologia | Movimento de Massa,Tipologia,estimado,1.0
Painel,Total,tipo_onda_de_calor_e_baixa_umidade,Tipologia | Onda de Calor e Baixa Umidade,Tipologia,estimado,1.0
Painel,Total,tipo_onda_de_frio,Tipologia | Onda de Frio,Tipologia,estimado,1.0
Painel,Total,tipo_outros,Tipologia | Outros,Tipologia,estimado,1.0
Painel,Total,tipo_rompimento_colapso_de_barragens,Tipologia | Rompimento/Colapso de barragens,Tipologia,estimado,1.0
Painel,Total,tipo_tornado,Tipologia | Tornado,Tipologia,estimado,1.0
Painel,Total,tipo_vendavais_e_ciclones,Tipologia | Vendavais e Ciclones,Tipologia,estimado,1.0
Painel,Total,analitica_Clima/hidrometeorologia,Clima/hidrometeorologia,Analítica,estimado,1.0
Painel,Total,analitica_Natural não diretamente climático,Natural não diretamente climático,Analítica,estimado,1.0
Painel,Total,analitica_Tecnológico/antrópico,Tecnológico/antrópico,Analítica,estimado,1.0
Painel,Pré,total_desastres,Total de desastres,Total,estimado,1.0
Painel,Pré,grupo_climatologico,Grupo | Climatológico,Grupo,estimado,1.0
Painel,Pré,grupo_hidrologico,Grupo | Hidrológico,Grupo,estimado,1.0
Painel,Pré,grupo_meteorologico,Grupo | Meteorológico,Grupo,estimado,1.0
Painel,Pré,grupo_outros,Grupo | Outros,Grupo,estimado,1.0
Painel,Pré,tipo_alagamentos,Tipologia | Alagamentos,Tipologia,estimado,6.0
Painel,Pré,tipo_chuvas_intensas,Tipologia | Chuvas Intensas,Tipologia,estimado,1.0
Painel,Pré,tipo_doencas_infecciosas,Tipologia | Doenças infecciosas,Tipologia,estimado,1.0
Painel,Pré,tipo_enxurradas,Tipologia | Enxurradas,Tipologia,estimado,1.0
Painel,Pré,tipo_erosao,Tipologia | Erosão,Tipologia,estimado,1.0
Painel,Pré,tipo_estiagem_e_seca,Tipologia | Estiagem e Seca,Tipologia,estimado,1.0
Painel,Pré,tipo_granizo,Tipologia | Granizo,Tipologia,estimado,1.0
Painel,Pré,tipo_incendio_florestal,Tipologia | Incêndio Florestal,Tipologia,estimado,1.0
Painel,Pré,tipo_inundacoes,Tipologia | Inundações,Tipologia,estimado,1.0
Painel,Pré,tipo_movimento_de_massa,Tipologia | Movimento de Massa,Tipologia,estimado,1.0
Painel,Pré,tipo_onda_de_calor_e_baixa_umidade,Tipologia | Onda de Calor e Baixa Umidade,Tipologia,não estimável na triagem prévia,
Painel,Pré,tipo_onda_de_frio,Tipologia | Onda de Frio,Tipologia,estimado,1.0
Painel,Pré,tipo_outros,Tipologia | Outros,Tipologia,estimado,1.0
Painel,Pré,tipo_rompimento_colapso_de_barragens,Tipologia | Rompimento/Colapso de barragens,Tipologia,não estimável na triagem prévia,
Painel,Pré,tipo_tornado,Tipologia | Tornado,Tipologia,estimado,1.0
Painel,Pré,tipo_vendavais_e_ciclones,Tipologia | Vendavais e Ciclones,Tipologia,estimado,1.0
Painel,Pré,analitica_Clima/hidrometeorologia,Clima/hidrometeorologia,Analítica,estimado,1.0
Painel,Pré,analitica_Natural não diretamente climático,Natural não diretamente climático,Analítica,estimado,1.0
Painel,Pré,analitica_Tecnológico/antrópico,Tecnológico/antrópico,Analítica,estimado,1.0
Nacional,Total,total_desastres,Total de desastres,Total,estimado,1.0
Nacional,Total,grupo_climatologico,Grupo | Climatológico,Grupo,estimado,1.0
Nacional,Total,grupo_hidrologico,Grupo | Hidrológico,Grupo,estimado,1.0
Nacional,Total,grupo_meteorologico,Grupo | Meteorológico,Grupo,estimado,1.0
Nacional,Total,grupo_outros,Grupo | Outros,Grupo,estimado,1.0
Nacional,Total,tipo_alagamentos,Tipologia | Alagamentos,Tipologia,estimado,1.0
Nacional,Total,tipo_chuvas_intensas,Tipologia | Chuvas Intensas,Tipologia,estimado,1.0
Nacional,Total,tipo_doencas_infecciosas,Tipologia | Doenças infecciosas,Tipologia,estimado,1.0
Nacional,Total,tipo_enxurradas,Tipologia | Enxurradas,Tipologia,estimado,1.0
Nacional,Total,tipo_erosao,Tipologia | Erosão,Tipologia,estimado,1.0
Nacional,Total,tipo_estiagem_e_seca,Tipologia | Estiagem e Seca,Tipologia,estimado,1.0
Nacional,Total,tipo_granizo,Tipologia | Granizo,Tipologia,estimado,1.0
Nacional,Total,tipo_incendio_florestal,Tipologia | Incêndio Florestal,Tipologia,estimado,1.0
Nacional,Total,tipo_inundacoes,Tipologia | Inundações,Tipologia,estimado,1.0
Nacional,Total,tipo_movimento_de_massa,Tipologia | Movimento de Massa,Tipologia,estimado,1.0
Nacional,Total,tipo_onda_de_calor_e_baixa_umidade,Tipologia | Onda de Calor e Baixa Umidade,Tipologia,estimado,1.0
Nacional,Total,tipo_onda_de_frio,Tipologia | Onda de Frio,Tipologia,estimado,1.0
Nacional,Total,tipo_outros,Tipologia | Outros,Tipologia,estimado,5.0
Nacional,Total,tipo_rompimento_colapso_de_barragens,Tipologia | Rompimento/Colapso de barragens,Tipologia,estimado,1.0
Nacional,Total,tipo_tornado,Tipologia | Tornado,Tipologia,estimado,1.0
Nacional,Total,tipo_vendavais_e_ciclones,Tipologia | Vendavais e Ciclones,Tipologia,estimado,2.0
Nacional,Total,analitica_Clima/hidrometeorologia,Clima/hidrometeorologia,Analítica,estimado,1.0
Nacional,Total,analitica_Natural não diretamente climático,Natural não diretamente climático,Analítica,estimado,1.0
Nacional,Total,analitica_Tecnológico/antrópico,Tecnológico/antrópico,Analítica,estimado,8.0
Nacional,Pré,total_desastres,Total de desastres,Total,estimado,1.0
Nacional,Pré,grupo_climatologico,Grupo | Climatológico,Grupo,estimado,1.0
Nacional,Pré,grupo_hidrologico,Grupo | Hidrológico,Grupo,estimado,1.0
Nacional,Pré,grupo_meteorologico,Grupo | Meteorológico,Grupo,estimado,1.0
Nacional,Pré,grupo_outros,Grupo | Outros,Grupo,estimado,1.0
Nacional,Pré,tipo_alagamentos,Tipologia | Alagamentos,Tipologia,estimado,1.0
Nacional,Pré,tipo_chuvas_intensas,Tipologia | Chuvas Intensas,Tipologia,estimado,1.0
Nacional,Pré,tipo_doencas_infecciosas,Tipologia | Doenças infecciosas,Tipologia,estimado,1.0
Nacional,Pré,tipo_enxurradas,Tipologia | Enxurradas,Tipologia,estimado,1.0
Nacional,Pré,tipo_erosao,Tipologia | Erosão,Tipologia,estimado,1.0
Nacional,Pré,tipo_estiagem_e_seca,Tipologia | Estiagem e Seca,Tipologia,estimado,1.0
Nacional,Pré,tipo_granizo,Tipologia | Granizo,Tipologia,estimado,1.0
Nacional,Pré,tipo_incendio_florestal,Tipologia | Incêndio Florestal,Tipologia,estimado,1.0
Nacional,Pré,tipo_inundacoes,Tipologia | Inundações,Tipologia,estimado,1.0
Nacional,Pré,tipo_movimento_de_massa,Tipologia | Movimento de Massa,Tipologia,estimado,1.0
Nacional,Pré,tipo_onda_de_calor_e_baixa_umidade,Tipologia | Onda de Calor e Baixa Umidade,Tipologia,não estimável na triagem prévia,
Nacional,Pré,tipo_onda_de_frio,Tipologia | Onda de Frio,Tipologia,estimado,1.0
Nacional,Pré,tipo_outros,Tipologia | Outros,Tipologia,estimado,1.0
Nacional,Pré,tipo_rompimento_colapso_de_barragens,Tipologia | Rompimento/Colapso de barragens,Tipologia,não estimável na triagem prévia,
Nacional,Pré,tipo_tornado,Tipologia | Tornado,Tipologia,estimado,1.0
Nacional,Pré,tipo_vendavais_e_ciclones,Tipologia | Vendavais e Ciclones,Tipologia,estimado,3.0
Nacional,Pré,analitica_Clima/hidrometeorologia,Clima/hidrometeorologia,Analítica,estimado,1.0
Nacional,Pré,analitica_Natural não diretamente climático,Natural não diretamente climático,Analítica,estimado,1.0
Nacional,Pré,analitica_Tecnológico/antrópico,Tecnológico/antrópico,Analítica,estimado,1.0
