desenho,periodo,coluna,K,lag,beta,beta_low,beta_high,beta_p,C,C_low,C_high
Nacional,Total,total_desastres,1,1,0.07338151784287482,-0.2551386320704655,0.40190166775621516,0.659078757647775,0.07338151784287482,-0.2551386320704655,0.40190166775621516
Nacional,Total,grupo_climatologico,1,1,-0.26181082963055874,-0.9779407093999659,0.4543190501388484,0.47054340719185406,-0.26181082963055874,-0.9779407093999659,0.4543190501388484
Nacional,Total,grupo_hidrologico,1,1,0.7010847814641106,-0.04987828553842499,1.4520478484666461,0.06700032527411416,0.7010847814641106,-0.04987828553842499,1.4520478484666461
Nacional,Total,grupo_meteorologico,1,1,-2.2320008595746548,-3.5365844886822506,-0.9274172304670592,0.0009559836042499838,-2.2320008595746548,-3.5365844886822506,-0.9274172304670592
Nacional,Total,grupo_outros,1,1,2.738465802415842,-0.041193998001157084,5.518125602832841,0.053436932928389864,2.738465802415842,-0.041193998001157084,5.518125602832841
Nacional,Total,tipo_alagamentos,1,1,9.525631565002701,2.2045860488964246,16.84667708110898,0.011206988922899062,9.525631565002701,2.2045860488964246,16.84667708110898
Nacional,Total,tipo_chuvas_intensas,1,1,1.0962470873360812,-0.10880861554973653,2.301302790221899,0.07418630046192047,1.0962470873360812,-0.10880861554973653,2.301302790221899
Nacional,Total,tipo_doencas_infecciosas,1,1,3.099841563743551,0.7611124002135976,5.438570727273504,0.00981545481348417,3.099841563743551,0.7611124002135976,5.438570727273504
Nacional,Total,tipo_enxurradas,1,1,-0.061694391421356395,-2.4014893748698025,2.27810059202709,0.9584487840834399,-0.061694391421356395,-2.4014893748698025,2.27810059202709
Nacional,Total,tipo_erosao,1,1,-2.227639156483775,-44.305345881533064,39.850067568565514,0.9166882833110354,-2.227639156483775,-44.305345881533064,39.850067568565514
Nacional,Total,tipo_estiagem_e_seca,1,1,-0.19528752435141178,-1.2004058210973856,0.8098307723945619,0.7011317984201288,-0.19528752435141178,-1.2004058210973856,0.8098307723945619
Nacional,Total,tipo_granizo,1,1,2.681929403873414,-6.982445971463441,12.346304779210268,0.5836982136915213,2.681929403873414,-6.982445971463441,12.346304779210268
Nacional,Total,tipo_incendio_florestal,1,1,-0.5709787634009946,-1.4263072989233623,0.284349772121373,0.18876170407427634,-0.5709787634009946,-1.4263072989233623,0.284349772121373
Nacional,Total,tipo_inundacoes,1,1,1.9954108626418248,0.06448803113206103,3.9263336941515883,0.04293711133007417,1.9954108626418248,0.06448803113206103,3.9263336941515883
Nacional,Total,tipo_movimento_de_massa,1,1,13.776154803769453,-0.7170763894832763,28.269385997022184,0.06226072919692829,13.776154803769453,-0.7170763894832763,28.269385997022184
Nacional,Total,tipo_onda_de_calor_e_baixa_umidade,1,1,-65.55234675909804,-112.01347974614578,-19.09121377205031,0.006074219172821609,-65.55234675909804,-112.01347974614578,-19.09121377205031
Nacional,Total,tipo_onda_de_frio,1,1,3.6247358625566766,-1.2452609455621233,8.494732670675477,0.14317931875031373,3.6247358625566766,-1.2452609455621233,8.494732670675477
Nacional,Total,tipo_outros,5,1,3.025307315997267,-6.258773708892804,12.309388340887338,0.5199115048509358,3.025307315997267,-6.258773708892804,12.309388340887338
Nacional,Total,tipo_outros,5,2,6.388800932661185,-2.0930859574534466,14.870687822775817,0.13843705448780305,9.414108248658453,-3.2204485005330508,22.048664997849954
Nacional,Total,tipo_outros,5,3,4.836237689737858,-0.8413461358054235,10.513821515281139,0.09426075997911146,14.250345938396311,0.11655924788058591,28.384132628912035
Nacional,Total,tipo_outros,5,4,-6.938159711647969,-13.07337940413823,-0.802940019157707,0.027009924024311512,7.312186226748342,-8.604790225394957,23.229162678891644
Nacional,Total,tipo_outros,5,5,39.523803076696126,21.32123603792122,57.72637011547103,3.584336099890572e-05,46.83598930344447,19.003989436834765,74.66798917005417
Nacional,Total,tipo_rompimento_colapso_de_barragens,1,1,-0.7307522753839799,-52.279672233070556,50.8181676823026,0.9776535837266597,-0.7307522753839799,-52.279672233070556,50.8181676823026
Nacional,Total,tipo_tornado,1,1,13.87823344205564,-43.46367680921711,71.2201436933284,0.6326504945092055,13.87823344205564,-43.46367680921711,71.2201436933284
Nacional,Total,tipo_vendavais_e_ciclones,2,1,-2.9621654318665636,-4.312659918211083,-1.611670945522044,2.9831673951420512e-05,-2.9621654318665636,-4.312659918211083,-1.611670945522044
Nacional,Total,tipo_vendavais_e_ciclones,2,2,-2.9937047545913145,-4.805278325425229,-1.1821311837573998,0.0013985412259732372,-5.955870186457878,-8.7647993992944,-3.1469409736213554
Nacional,Total,analitica_Clima/hidrometeorologia,1,1,0.05513245014887398,-0.27655185221992673,0.38681675251767467,0.7426348399871578,0.05513245014887398,-0.27655185221992673,0.38681675251767467
Nacional,Total,analitica_Natural não diretamente climático,1,1,4.143076843676909,0.6210124056719053,7.6651412816819136,0.021533084842517168,4.143076843676909,0.6210124056719053,7.6651412816819136
Nacional,Total,analitica_Tecnológico/antrópico,8,1,4.144277269113909,-5.59534631022067,13.883900848448487,0.400946449332708,4.144277269113909,-5.59534631022067,13.883900848448487
Nacional,Total,analitica_Tecnológico/antrópico,8,2,9.990046326452266,1.6602850408249914,18.31980761207954,0.019188497019840687,14.134323595566174,1.2447687062263206,27.023878484906028
Nacional,Total,analitica_Tecnológico/antrópico,8,3,7.17198511467635,-0.7217529740146409,15.065723203367341,0.07451571948567219,21.306308710242526,2.798900905072639,39.81371651541241
Nacional,Total,analitica_Tecnológico/antrópico,8,4,-3.4930722182081606,-10.761568796403331,3.775424359987011,0.3430162768199311,17.813236492034363,-1.0613285137429287,36.687801497811655
Nacional,Total,analitica_Tecnológico/antrópico,8,5,42.2427330065916,31.43503662099193,53.05042939219127,4.84082859180666e-12,60.05596949862596,37.94218193531525,82.16975706193668
Nacional,Total,analitica_Tecnológico/antrópico,8,6,-8.8172636511733,-20.063688139192465,2.4291608368458615,0.12313602821773066,51.238705847452664,31.916899769207514,70.56051192569781
Nacional,Total,analitica_Tecnológico/antrópico,8,7,-18.639541562800257,-37.02806577180545,-0.2510173537950635,0.04700552564549131,32.5991642846524,15.76641544768659,49.431913121618216
Nacional,Total,analitica_Tecnológico/antrópico,8,8,-21.9008363135683,-34.906536011308646,-8.895136615827951,0.0011534279704822439,10.698327971084105,-13.449254146075234,34.84591008824344
Nacional,Pré,total_desastres,1,1,-0.02738923096220028,-0.7797562691394699,0.7249778072150694,0.9422078462787918,-0.02738923096220028,-0.7797562691394699,0.7249778072150694
Nacional,Pré,grupo_climatologico,1,1,0.09789098126979984,-1.0669192017784326,1.2627011643180324,0.867100711217281,0.09789098126979984,-1.0669192017784326,1.2627011643180324
Nacional,Pré,grupo_hidrologico,1,1,-0.5194841612437253,-2.3060599524084866,1.2670916299210362,0.5630916134939488,-0.5194841612437253,-2.3060599524084866,1.2670916299210362
Nacional,Pré,grupo_meteorologico,1,1,2.5800691782097336,-7.305587804019785,12.465726160439251,0.6036409910006157,2.5800691782097336,-7.305587804019785,12.465726160439251
Nacional,Pré,grupo_outros,1,1,2.3871157487305,-1.0976368359948734,5.871868333455874,0.17577789656530243,2.3871157487305,-1.0976368359948734,5.871868333455874
Nacional,Pré,tipo_alagamentos,1,1,4.819737023562162,-19.24763153767957,28.887105584803894,0.6902277565051445,4.819737023562162,-19.24763153767957,28.887105584803894
Nacional,Pré,tipo_chuvas_intensas,1,1,-2.429007647265838,-5.802316450681419,0.9443011561497423,0.1550188875751331,-2.429007647265838,-5.802316450681419,0.9443011561497423
Nacional,Pré,tipo_doencas_infecciosas,1,1,3.860150430769454,-0.4136626951794664,8.133963556718374,0.0758398349852381,3.860150430769454,-0.4136626951794664,8.133963556718374
Nacional,Pré,tipo_enxurradas,1,1,-1.2485246654571824,-4.618423706363144,2.1213743754487795,0.4616286548126756,-1.2485246654571824,-4.618423706363144,2.1213743754487795
Nacional,Pré,tipo_erosao,1,1,-19.653523089976606,-71.20177435255752,31.894728172604307,0.4487678685078139,-19.653523089976606,-71.20177435255752,31.894728172604307
Nacional,Pré,tipo_estiagem_e_seca,1,1,0.032602946756908384,-1.1291168346258635,1.1943227281396804,0.9554310572301948,0.032602946756908384,-1.1291168346258635,1.1943227281396804
Nacional,Pré,tipo_granizo,1,1,13.53316763219544,-2.0171739686704218,29.0835092330613,0.08686073120560926,13.53316763219544,-2.0171739686704218,29.0835092330613
Nacional,Pré,tipo_incendio_florestal,1,1,6.364740182211966,-1.1153115553068904,13.844791919730822,0.09394715581805103,6.364740182211966,-1.1153115553068904,13.844791919730822
Nacional,Pré,tipo_inundacoes,1,1,0.4501709632849291,-11.756104539644324,12.656446466214183,0.9414532415332688,0.4501709632849291,-11.756104539644324,12.656446466214183
Nacional,Pré,tipo_movimento_de_massa,1,1,-11.519341379579577,-36.032969623677,12.994286864517841,0.35110077665558137,-11.519341379579577,-36.032969623677,12.994286864517841
Nacional,Pré,tipo_onda_de_frio,1,1,1.5673827679758787,-39.99298832354438,43.12775385949614,0.9401332159944045,1.5673827679758787,-39.99298832354438,43.12775385949614
Nacional,Pré,tipo_outros,1,1,1.2882800312346465,-13.855833511252541,16.432393573721836,0.8654912188619515,1.2882800312346465,-13.855833511252541,16.432393573721836
Nacional,Pré,tipo_tornado,1,1,33.21012873161244,-64.78210927229263,131.2023667355175,0.5005345958511294,33.21012873161244,-64.78210927229263,131.2023667355175
Nacional,Pré,tipo_vendavais_e_ciclones,3,1,-3.3694008002275444,-8.630546333853879,1.891744733398789,0.20503188957614957,-3.3694008002275444,-8.630546333853879,1.891744733398789
Nacional,Pré,tipo_vendavais_e_ciclones,3,2,-5.550027449493183,-10.919243672927038,-0.1808112260593271,0.042996223468986794,-8.919428249720728,-17.122463324454372,-0.7163931749870827
Nacional,Pré,tipo_vendavais_e_ciclones,3,3,10.845031223235186,6.240806198539099,15.449256247931272,1.5305211324328957e-05,1.925602973514458,-9.88594403343518,13.737149980464096
Nacional,Pré,analitica_Clima/hidrometeorologia,1,1,-0.06322632167528294,-0.8685656503483105,0.7421130069977445,0.8757725368625668,-0.06322632167528294,-0.8685656503483105,0.7421130069977445
Nacional,Pré,analitica_Natural não diretamente climático,1,1,1.0553479057537254,-3.3645127025327017,5.475208514040153,0.6347422728865507,1.0553479057537254,-3.3645127025327017,5.475208514040153
Nacional,Pré,analitica_Tecnológico/antrópico,1,1,1.600331466718241,-10.836063679002569,14.036726612439052,0.7978022802826643,1.600331466718241,-10.836063679002569,14.036726612439052
