periodo,exposicao,nivel,rotulo,K,CD_naive,CD_p_naive,CD_ressalva,rho_media,rho_abs_media,rho_max,rho_min,Levene,Levene_p_descritivo,hetero_ressalva,max_VIF,max_cor_lags,max_alavancagem_exposicao,maior_influencia_uf,maior_influencia_data,media_residuo,sd_residuo
Pré,total_climatico,Central,Total climático / hidrometeorológico (COBRADE 12/13/14),1,1.4530381739550815,0.1462131553202615,não calibrado sob TWFE; correlação negativa mecânica após remover tempo,0.0100126224585837,0.1913618593008109,0.6754757868509266,-0.5180239173933681,8.554556110665246,1.1841772825250478e-30,"Levene pressupõe independência, aqui descritivo",1.1966113304368915,0.4053477023420945,0.0190092955418076,PB,2015-06-01,-4.840092661367391e-19,0.0259244184721134
Pré,grupo_climatologico,Grupo,Climatológico,1,1.4603931541070942,0.1441820531861574,não calibrado sob TWFE; correlação negativa mecânica após remover tempo,0.0100633042925316,0.1908561513221972,0.6737904712702283,-0.5192698606619326,8.56147984974567,1.1035079279444305e-30,"Levene pressupõe independência, aqui descritivo",1.2163998851111308,0.4217842200367592,0.0209012345080034,PB,2015-06-01,-3.983439092983779e-19,0.0259185249343745
Pré,grupo_hidrologico,Grupo,Hidrológico,1,1.448782660745877,0.1473982875203495,não calibrado sob TWFE; correlação negativa mecânica após remover tempo,0.009983298489059,0.1910247077322405,0.6919284452471144,-0.519486927177461,8.559536345145155,1.125580340407248e-30,"Levene pressupõe independência, aqui descritivo",1.1250030707719028,0.3333369727368973,0.0230586918723738,RS,2017-07-01,-3.3409489166960734e-19,0.0259208615123527
Pré,grupo_meteorologico,Grupo,Meteorológico,1,1.4480940903139767,0.1475907381046291,não calibrado sob TWFE; correlação negativa mecânica após remover tempo,0.0099785536751275,0.1908025508672133,0.6652953312210245,-0.5153555547324359,8.550980222781213,1.2281233667450029e-30,"Levene pressupõe independência, aqui descritivo",1.2776352160308786,0.4661587486078172,0.0399516200374484,RS,2017-10-01,-3.3409489166960734e-19,0.0259170520815294
Pré,grupo_outros,Grupo,Outros,1,1.3810689455271736,0.1672577628614884,não calibrado sob TWFE; correlação negativa mecânica após remover tempo,0.0095166955615478,0.1911283056147887,0.6742331686077054,-0.5180366674549199,8.54286469688502,1.3340059341537063e-30,"Levene pressupõe independência, aqui descritivo",1.27601043246253,0.465088537635905,0.0666635317444529,SE,2016-03-01,-3.2124508814385315e-19,0.0259097678554408
Pré,tipo_alagamentos,Tipologia,Alagamentos,1,1.4222529447915515,0.154952833756531,não calibrado sob TWFE; correlação negativa mecânica após remover tempo,0.0098004870292189,0.1898828501606411,0.679612218771951,-0.5176714123861237,8.568411252759367,1.0282539506972723e-30,"Levene pressupõe independência, aqui descritivo",1.2509928905691488,0.4479229237480947,0.0213808488329128,RR,2018-10-01,-2.826956775665908e-19,0.0259206525773936
Pré,tipo_chuvas_intensas,Tipologia,Chuvas Intensas,15,0.447313258403723,0.6546488954101444,não calibrado sob TWFE; correlação negativa mecânica após remover tempo,0.0030823545157966,0.1795811029961964,0.6630804920212025,-0.4912162863221319,7.587870452045328,2.2400410432651472e-26,"Levene pressupõe independência, aqui descritivo",4.201870251638637,0.3597299736693132,0.0848793766881839,MT,2015-07-01,-3.298116238276893e-19,0.0256019885005635
Pré,tipo_doencas_infecciosas,Tipologia,Doenças infecciosas,1,1.4016267549593686,0.161026733186554,não calibrado sob TWFE; correlação negativa mecânica após remover tempo,0.0096583556969177,0.1902446933607488,0.6806176568003008,-0.5194573657959723,8.563293330142573,1.0833027622435269e-30,"Levene pressupõe independência, aqui descritivo",1.304592124621859,0.4831944739894622,0.196015852283254,SE,2016-03-01,-2.6984587404083666e-19,0.025917246042269
Pré,tipo_enxurradas,Tipologia,Enxurradas,1,1.4054092432372114,0.1598996197244072,não calibrado sob TWFE; correlação negativa mecânica após remover tempo,0.0096844201374526,0.1900475558315502,0.6903726470147935,-0.5213509004789191,8.51405092957603,1.789270325656804e-30,"Levene pressupõe independência, aqui descritivo",1.189869109171609,0.3994639218757247,0.0446155101702487,RS,2017-07-01,-4.02627177140296e-19,0.0259212581721953
Pré,tipo_erosao,Tipologia,Erosão,1,1.4359937520076076,0.1510041191504885,não calibrado sob TWFE; correlação negativa mecânica após remover tempo,0.0098951724390014,0.190286895413489,0.6759559400669788,-0.5208431990008383,8.5483306121887,1.2617345515456246e-30,"Levene pressupõe independência, aqui descritivo",1.2397001161846752,0.439719576797797,0.0241628369830986,MT,2016-01-01,-2.826956775665908e-19,0.0259234094183906
Pré,tipo_estiagem_e_seca,Tipologia,Estiagem e Seca,1,1.4444597348201411,0.1486096981907882,não calibrado sob TWFE; correlação negativa mecânica após remover tempo,0.0099535099907341,0.1907336317652029,0.6765075837719206,-0.5196582728977164,8.559999145791346,1.1202845826181184e-30,"Levene pressupõe independência, aqui descritivo",1.2331992080244447,0.4348574521843379,0.0211786718613481,PB,2015-06-01,-4.454598555594764e-19,0.0259150986304614
Pré,tipo_granizo,Tipologia,Granizo,1,1.4202598517813003,0.1555320448123253,não calibrado sob TWFE; correlação negativa mecânica após remover tempo,0.0097867529868556,0.1903701975248735,0.6750689069772277,-0.5130997560289331,8.502717499659624,2.008323121477426e-30,"Levene pressupõe independência, aqui descritivo",1.3556252722007065,0.5121845569812925,0.0635519009328844,RS,2015-10-01,-3.5979449872111563e-19,0.025916463874713
Pré,tipo_incendio_florestal,Tipologia,Incêndio Florestal,1,1.4795784913274963,0.1389857700332352,não calibrado sob TWFE; correlação negativa mecânica após remover tempo,0.0101955069708726,0.1915002476202737,0.6730914586953666,-0.518429068976914,8.57175880527209,9.937697307891822e-31,"Levene pressupõe independência, aqui descritivo",1.1601871328871916,0.3715778280128437,0.1145810517327217,RR,2016-02-01,-2.6556260619891863e-19,0.0259226457775396
Pré,tipo_inundacoes,Tipologia,Inundações,1,1.4033185511840005,0.1605218686798798,não calibrado sob TWFE; correlação negativa mecânica após remover tempo,0.00967001355779,0.1895859936108226,0.6953034784331654,-0.5225285208779276,8.551796859719397,1.2179456950042605e-30,"Levene pressupõe independência, aqui descritivo",1.1316636682542949,0.3410941639261052,0.0294354241958523,AM,2017-06-01,-4.3689331987564055e-19,0.0259137952648005
Pré,tipo_movimento_de_massa,Tipologia,Movimento de Massa,1,1.4058774445360227,0.1597605201025724,não calibrado sob TWFE; correlação negativa mecânica após remover tempo,0.0096876464276655,0.190586257121134,0.6694883947682463,-0.5194460842631796,8.548617957406325,1.2580454540633972e-30,"Levene pressupõe independência, aqui descritivo",1.2583799902035984,0.4531307519437946,0.0397819123627244,MG,2016-01-01,-1.8846378504439386e-19,0.0259236033557263
Pré,tipo_outros,Tipologia,Outros,1,1.420453128792662,0.1554758048925475,não calibrado sob TWFE; correlação negativa mecânica após remover tempo,0.0097880848236782,0.191342754333651,0.6799701382173493,-0.5192589671931781,8.513947650742649,1.791154435662238e-30,"Levene pressupõe independência, aqui descritivo",1.2289925107387525,0.4316542499734807,0.0770428433033159,MT,2019-07-01,-4.540263912433125e-19,0.0259210094486175
Pré,tipo_tornado,Tipologia,Tornado,1,1.4433937945471198,0.1489095711818631,não calibrado sob TWFE; correlação negativa mecânica após remover tempo,0.0099461647896868,0.1902172005855248,0.6698109759902852,-0.5036355487553136,8.581626787012821,8.987007260160594e-31,"Levene pressupõe independência, aqui descritivo",1.3388163447767685,0.5030621858936853,0.1780560570156922,RS,2018-08-01,-5.225586767140012e-19,0.0259216908734193
Pré,tipo_vendavais_e_ciclones,Tipologia,Vendavais e Ciclones,14,1.1500107591608164,0.2501394398988491,não calibrado sob TWFE; correlação negativa mecânica após remover tempo,0.0079245155159581,0.1752093137411409,0.6671501342375731,-0.5170505491864091,7.840923156499215,1.7033205993078012e-27,"Levene pressupõe independência, aqui descritivo",6.330807941157472,0.469689906873907,0.1040443512855327,RS,2017-10-01,-2.1844665993782013e-19,0.0256590228821592
Total,total_climatico,Central,Total climático / hidrometeorológico (COBRADE 12/13/14),1,-1.2387731803658062,0.2154295087348349,não calibrado sob TWFE; correlação negativa mecânica após remover tempo,-0.0060612857035952,0.1852006291816933,0.5902539916519813,-0.5213070403741902,15.21741321557504,2.131939256116916e-63,"Levene pressupõe independência, aqui descritivo",1.1654576575725846,0.3767863716133908,0.0095687180346525,MT,2024-08-01,-3.4554093514632953e-20,0.0222704041540709
Total,grupo_climatologico,Grupo,Climatológico,1,-1.2218161832998666,0.2217771472327596,não calibrado sob TWFE; correlação negativa mecânica após remover tempo,-0.0059783155477016,0.1849505808142705,0.5986702928389623,-0.5187657840722321,15.159370267104048,4.006112937490647e-63,"Levene pressupõe independência, aqui descritivo",1.1533100255787918,0.3645962893930522,0.0105845386296985,TO,2024-02-01,-4.319261689329118e-20,0.0222820576341834
Total,grupo_hidrologico,Grupo,Hidrológico,1,-1.189978049183207,0.2340550197298333,não calibrado sob TWFE; correlação negativa mecânica após remover tempo,-0.005822532366237,0.1843727731428827,0.5982260990225856,-0.5134918446597956,15.283300159811446,1.0419907239189816e-63,"Levene pressupõe independência, aqui descritivo",1.08949187599181,0.2866023901934793,0.0096779938593467,RS,2017-07-01,-9.502375716524061e-20,0.0222623865824688
Total,grupo_meteorologico,Grupo,Meteorológico,9,-1.2519460547004642,0.2105895215031449,não calibrado sob TWFE; correlação negativa mecânica após remover tempo,-0.0061257402430907,0.1805509889327717,0.5887349825432774,-0.5050270814203419,14.689666910411455,6.627369801064395e-61,"Levene pressupõe independência, aqui descritivo",2.9819279720197804,0.4431299981663085,0.0357109266414647,RS,2017-10-01,-1.2957785067987354e-19,0.0222203359100888
Total,grupo_outros,Grupo,Outros,1,-1.2617980565099118,0.2070214617064719,não calibrado sob TWFE; correlação negativa mecânica após remover tempo,-0.0061739458376789,0.1842991588306066,0.5946929384229147,-0.5132954773921031,15.13479928006215,5.23246997594946e-63,"Levene pressupõe independência, aqui descritivo",1.2439481575079945,0.4428408039919909,0.0309212722381281,SE,2016-03-01,1.7277046757316474e-20,0.0222672267305858
Total,tipo_alagamentos,Tipologia,Alagamentos,1,-1.2079351840006658,0.2270721947496583,não calibrado sob TWFE; correlação negativa mecânica após remover tempo,-0.0059103961707427,0.1836745761624805,0.5976728364372782,-0.5142461258502038,15.177137897180916,3.302624654566462e-63,"Levene pressupõe independência, aqui descritivo",1.2361255800307924,0.4370591552801503,0.0150244152688027,RR,2018-10-01,8.638523378658237e-21,0.022259105552211
Total,tipo_chuvas_intensas,Tipologia,Chuvas Intensas,16,-1.7407170216353482,0.0817331931111168,não calibrado sob TWFE; correlação negativa mecânica após remover tempo,-0.0085172841682991,0.1782896996285787,0.5873266096760175,-0.5194057349904116,14.39018060576217,1.7277384703110408e-59,"Levene pressupõe independência, aqui descritivo",4.514528159980151,0.3050705906374601,0.0479695244069379,RS,2024-06-01,-6.910818702926591e-20,0.0221453530719652
Total,tipo_doencas_infecciosas,Tipologia,Doenças infecciosas,1,-1.2415450089633406,0.2144044819175463,não calibrado sob TWFE; correlação negativa mecânica após remover tempo,-0.0060748481905115,0.1845543770657903,0.5952326280790429,-0.5169234895745531,15.1535622258158,4.267154547233189e-63,"Levene pressupõe independência, aqui descritivo",1.301526872453978,0.4813228081985685,0.1846617240752432,SE,2016-03-01,-2.591557013597471e-20,0.0222791901346027
Total,tipo_enxurradas,Tipologia,Enxurradas,1,-1.2649856891755444,0.2058764579499792,não calibrado sob TWFE; correlação negativa mecânica após remover tempo,-0.006189542843338,0.1841913864293607,0.5910182986416368,-0.5160684833392715,15.10951282076659,6.887737309173737e-63,"Levene pressupõe independência, aqui descritivo",1.2053121565411231,0.412721947312822,0.0239514568404767,RS,2017-07-01,-1.3821637405853181e-19,0.0222714996319872
Total,tipo_erosao,Tipologia,Erosão,1,-1.2131260002237474,0.2250816507543702,não calibrado sob TWFE; correlação negativa mecânica após remover tempo,-0.0059357947026626,0.1849110898509814,0.5952341064316252,-0.513768666248754,15.20641582551129,2.4025700462800456e-63,"Levene pressupõe independência, aqui descritivo",1.29226438249281,0.4755676000520991,0.0125960533625548,MT,2016-01-01,-1.3821637405853181e-19,0.0222784683782583
Total,tipo_estiagem_e_seca,Tipologia,Estiagem e Seca,1,-1.212384171186632,0.2253653571875684,não calibrado sob TWFE; correlação negativa mecânica após remover tempo,-0.0059321649520283,0.1848381004931661,0.6017078318277655,-0.5144692131770703,15.162950310592416,3.853229410427172e-63,"Levene pressupõe independência, aqui descritivo",1.1645998991569555,0.3759468136663951,0.0116294100220848,TO,2024-02-01,-3.4554093514632953e-20,0.0222809633325154
Total,tipo_granizo,Tipologia,Granizo,1,-1.2198484365286435,0.2225223358457884,não calibrado sob TWFE; correlação negativa mecânica após remover tempo,-0.0059686874127357,0.1853550689673614,0.5956952678889906,-0.5180762068011016,15.118345935163578,6.257156864720624e-63,"Levene pressupõe independência, aqui descritivo",1.3033228047379972,0.4824213663674395,0.0269377247429156,RS,2015-10-01,-1.4685489743718999e-19,0.0222779658055627
Total,tipo_incendio_florestal,Tipologia,Incêndio Florestal,6,-1.3495991959545492,0.1771445822326883,não calibrado sob TWFE; correlação negativa mecânica após remover tempo,-0.0066035545826131,0.1833178727942217,0.5850763217419931,-0.510410503042169,14.984279061932549,2.6878248754260023e-62,"Levene pressupõe independência, aqui descritivo",1.759906591763457,0.3773854271735016,0.0694560250881202,TO,2024-12-01,-2.591557013597471e-20,0.0222426666235506
Total,tipo_inundacoes,Tipologia,Inundações,1,-1.2347666589874322,0.2169173592373287,não calibrado sob TWFE; correlação negativa mecânica após remover tempo,-0.0060416818962665,0.1844912417749719,0.5955347055266801,-0.5176066552221664,15.165076450376974,3.7652105489775703e-63,"Levene pressupõe independência, aqui descritivo",1.1251762344525866,0.3335421057017776,0.0312915827220401,TO,2022-01-01,3.4554093514632953e-20,0.0222723837025302
Total,tipo_movimento_de_massa,Tipologia,Movimento de Massa,5,-1.243040312216647,0.2138529788058232,não calibrado sob TWFE; correlação negativa mecânica após remover tempo,-0.0060821646713455,0.1835280630316322,0.599764616746803,-0.5149966382291626,15.11239567260487,6.675242263519545e-63,"Levene pressupõe independência, aqui descritivo",1.992955253288327,0.4457372494582249,0.0208524443202706,MT,2022-04-01,-2.591557013597471e-20,0.0222317315939356
Total,tipo_onda_de_calor_e_baixa_umidade,Tipologia,Onda de Calor e Baixa Umidade,14,-1.6161796049379091,0.106055486999484,não calibrado sob TWFE; correlação negativa mecânica após remover tempo,-0.0079079257519601,0.1798994117625375,0.58072932230143,-0.5198116130671531,14.725705383190403,4.477229463394903e-61,"Levene pressupõe independência, aqui descritivo",4.04605680283967,0.508600716025495,0.2394639068898625,MT,2020-08-01,3.4554093514632953e-20,0.0221608667331565
Total,tipo_onda_de_frio,Tipologia,Onda de Frio,1,-1.2644529161573852,0.2060675101469971,não calibrado sob TWFE; correlação negativa mecânica após remover tempo,-0.0061869359984939,0.1846298771719591,0.5962289313638391,-0.513624278132863,15.0432911003759,1.4149220706332794e-62,"Levene pressupõe independência, aqui descritivo",1.1354457362012855,0.3453818227443558,0.1810311344919686,MS,2021-08-01,-1.1230080392255708e-19,0.0222655993845222
Total,tipo_outros,Tipologia,Outros,1,-1.2358358413810937,0.2165195893759295,não calibrado sob TWFE; correlação negativa mecânica após remover tempo,-0.0060469133785587,0.1847108867269913,0.5969945716790429,-0.5131244315284779,15.085493156555446,8.942823519084188e-63,"Levene pressupõe independência, aqui descritivo",1.2236310934762118,0.4275046486344331,0.021840852232629,MS,2024-07-01,-3.4554093514632953e-20,0.0222802106774114
Total,tipo_rompimento_colapso_de_barragens,Tipologia,Rompimento/Colapso de barragens,4,-1.2556503472846838,0.209242768765878,não calibrado sob TWFE; correlação negativa mecânica após remover tempo,-0.006143865252607,0.1842653427721423,0.6046274920967657,-0.5224091778202818,15.108908181942288,6.933156542080912e-63,"Levene pressupõe independência, aqui descritivo",2.822835149416863,0.5044289603952646,0.1871696394015848,PI,2018-08-01,-6.046966365060766e-20,0.0222400372646117
Total,tipo_tornado,Tipologia,Tornado,1,-1.2213614981920384,0.2219491781328439,não calibrado sob TWFE; correlação negativa mecânica após remover tempo,-0.0059760907850192,0.1848741613121711,0.5962476201560716,-0.5168682717046497,15.175725564851176,3.353708576232617e-63,"Levene pressupõe independência, aqui descritivo",1.2989221832567424,0.4797196474843106,0.0951538893738129,RS,2018-08-01,8.638523378658237e-21,0.0222814733119554
Total,tipo_vendavais_e_ciclones,Tipologia,Vendavais e Ciclones,9,-1.3722827483008355,0.1699754340320343,não calibrado sob TWFE; correlação negativa mecânica após remover tempo,-0.006714544628024646,0.1787184634287792,0.5878764526308087,-0.5015066495823318,14.505962641057577,4.896226983072715e-60,"Levene pressupõe independência, aqui descritivo",3.078580716626942,0.4533616583250328,0.03792640237790397,SC,2021-01-01,-1.7277046757316472e-19,0.022196408220984842
