periodo,exposicao,nivel,rotulo,K,uf,share_variancia_acumulado,N_eff_scores
Pré,total_climatico,Central,Total climático / hidrometeorológico (COBRADE 12/13/14),1,AC,0.0030517522634851,6.6449562469344166
Pré,total_climatico,Central,Total climático / hidrometeorológico (COBRADE 12/13/14),1,AL,0.0134092260122743,6.6449562469344166
Pré,total_climatico,Central,Total climático / hidrometeorológico (COBRADE 12/13/14),1,AM,0.0005632703941893,6.6449562469344166
Pré,total_climatico,Central,Total climático / hidrometeorológico (COBRADE 12/13/14),1,AP,0.0063932986881044,6.6449562469344166
Pré,total_climatico,Central,Total climático / hidrometeorológico (COBRADE 12/13/14),1,BA,0.0013205254496144,6.6449562469344166
Pré,total_climatico,Central,Total climático / hidrometeorológico (COBRADE 12/13/14),1,CE,0.0056009212555687,6.6449562469344166
Pré,total_climatico,Central,Total climático / hidrometeorológico (COBRADE 12/13/14),1,DF,1.0890787628180844e-05,6.6449562469344166
Pré,total_climatico,Central,Total climático / hidrometeorológico (COBRADE 12/13/14),1,ES,0.0638491770063376,6.6449562469344166
Pré,total_climatico,Central,Total climático / hidrometeorológico (COBRADE 12/13/14),1,GO,9.005267367158778e-07,6.6449562469344166
Pré,total_climatico,Central,Total climático / hidrometeorológico (COBRADE 12/13/14),1,MA,0.0002469444014845,6.6449562469344166
Pré,total_climatico,Central,Total climático / hidrometeorológico (COBRADE 12/13/14),1,MG,0.0064569035011517,6.6449562469344166
Pré,total_climatico,Central,Total climático / hidrometeorológico (COBRADE 12/13/14),1,MS,0.2302122989361879,6.6449562469344166
Pré,total_climatico,Central,Total climático / hidrometeorológico (COBRADE 12/13/14),1,MT,0.0667398047182729,6.6449562469344166
Pré,total_climatico,Central,Total climático / hidrometeorológico (COBRADE 12/13/14),1,PA,0.0790908610541512,6.6449562469344166
Pré,total_climatico,Central,Total climático / hidrometeorológico (COBRADE 12/13/14),1,PB,0.0202101929876566,6.6449562469344166
Pré,total_climatico,Central,Total climático / hidrometeorológico (COBRADE 12/13/14),1,PE,0.0175627252065899,6.6449562469344166
Pré,total_climatico,Central,Total climático / hidrometeorológico (COBRADE 12/13/14),1,PI,0.0302056736260226,6.6449562469344166
Pré,total_climatico,Central,Total climático / hidrometeorológico (COBRADE 12/13/14),1,PR,0.0160958787553243,6.6449562469344166
Pré,total_climatico,Central,Total climático / hidrometeorológico (COBRADE 12/13/14),1,RJ,0.0008920074255403,6.6449562469344166
Pré,total_climatico,Central,Total climático / hidrometeorológico (COBRADE 12/13/14),1,RN,0.0066932125603241,6.6449562469344166
Pré,total_climatico,Central,Total climático / hidrometeorológico (COBRADE 12/13/14),1,RO,0.0017863771775629,6.6449562469344166
Pré,total_climatico,Central,Total climático / hidrometeorológico (COBRADE 12/13/14),1,RR,0.2694126616715874,6.6449562469344166
Pré,total_climatico,Central,Total climático / hidrometeorológico (COBRADE 12/13/14),1,RS,0.0611246783236221,6.6449562469344166
Pré,total_climatico,Central,Total climático / hidrometeorológico (COBRADE 12/13/14),1,SC,0.0083603635370637,6.6449562469344166
Pré,total_climatico,Central,Total climático / hidrometeorológico (COBRADE 12/13/14),1,SE,0.0324134050371643,6.6449562469344166
Pré,total_climatico,Central,Total climático / hidrometeorológico (COBRADE 12/13/14),1,SP,0.0034126320949859,6.6449562469344166
Pré,total_climatico,Central,Total climático / hidrometeorológico (COBRADE 12/13/14),1,TO,0.054883416601368,6.6449562469344166
Pré,grupo_climatologico,Grupo,Climatológico,1,AC,0.0063486631743448,6.191368167915512
Pré,grupo_climatologico,Grupo,Climatológico,1,AL,0.0066274855574487,6.191368167915512
Pré,grupo_climatologico,Grupo,Climatológico,1,AM,0.0205460885933789,6.191368167915512
Pré,grupo_climatologico,Grupo,Climatológico,1,AP,0.0116118998632446,6.191368167915512
Pré,grupo_climatologico,Grupo,Climatológico,1,BA,0.0042072278595093,6.191368167915512
Pré,grupo_climatologico,Grupo,Climatológico,1,CE,0.0458710830359522,6.191368167915512
Pré,grupo_climatologico,Grupo,Climatológico,1,DF,0.001114110529079,6.191368167915512
Pré,grupo_climatologico,Grupo,Climatológico,1,ES,0.0056481890977568,6.191368167915512
Pré,grupo_climatologico,Grupo,Climatológico,1,GO,0.0075937185159237,6.191368167915512
Pré,grupo_climatologico,Grupo,Climatológico,1,MA,0.0127163887627931,6.191368167915512
Pré,grupo_climatologico,Grupo,Climatológico,1,MG,0.0120506624671601,6.191368167915512
Pré,grupo_climatologico,Grupo,Climatológico,1,MS,0.0306584425417507,6.191368167915512
Pré,grupo_climatologico,Grupo,Climatológico,1,MT,0.2690466308894084,6.191368167915512
Pré,grupo_climatologico,Grupo,Climatológico,1,PA,8.606306889716608e-07,6.191368167915512
Pré,grupo_climatologico,Grupo,Climatológico,1,PB,0.0001011251781464,6.191368167915512
Pré,grupo_climatologico,Grupo,Climatológico,1,PE,0.0510997893742721,6.191368167915512
Pré,grupo_climatologico,Grupo,Climatológico,1,PI,0.0289690802537254,6.191368167915512
Pré,grupo_climatologico,Grupo,Climatológico,1,PR,0.0016265371948322,6.191368167915512
Pré,grupo_climatologico,Grupo,Climatológico,1,RJ,0.0080744961226952,6.191368167915512
Pré,grupo_climatologico,Grupo,Climatológico,1,RN,0.0943300865184481,6.191368167915512
Pré,grupo_climatologico,Grupo,Climatológico,1,RO,0.0031846961518481,6.191368167915512
Pré,grupo_climatologico,Grupo,Climatológico,1,RR,0.2174723646940686,6.191368167915512
Pré,grupo_climatologico,Grupo,Climatológico,1,RS,2.881195124126404e-07,6.191368167915512
Pré,grupo_climatologico,Grupo,Climatológico,1,SC,0.0002943518082411,6.191368167915512
Pré,grupo_climatologico,Grupo,Climatológico,1,SE,0.0013499087146463,6.191368167915512
Pré,grupo_climatologico,Grupo,Climatológico,1,SP,0.0003787244023679,6.191368167915512
Pré,grupo_climatologico,Grupo,Climatológico,1,TO,0.1590770999487559,6.191368167915512
Pré,grupo_hidrologico,Grupo,Hidrológico,1,AC,0.0547742373484724,7.744770919148864
Pré,grupo_hidrologico,Grupo,Hidrológico,1,AL,0.0259874563757166,7.744770919148864
Pré,grupo_hidrologico,Grupo,Hidrológico,1,AM,0.0089805227227193,7.744770919148864
Pré,grupo_hidrologico,Grupo,Hidrológico,1,AP,0.0024067575044258,7.744770919148864
Pré,grupo_hidrologico,Grupo,Hidrológico,1,BA,0.0283491140891336,7.744770919148864
Pré,grupo_hidrologico,Grupo,Hidrológico,1,CE,2.227432336780173e-05,7.744770919148864
Pré,grupo_hidrologico,Grupo,Hidrológico,1,DF,0.0096647348737937,7.744770919148864
Pré,grupo_hidrologico,Grupo,Hidrológico,1,ES,0.076809845233108,7.744770919148864
Pré,grupo_hidrologico,Grupo,Hidrológico,1,GO,0.0017040330932518,7.744770919148864
Pré,grupo_hidrologico,Grupo,Hidrológico,1,MA,0.0070136456823544,7.744770919148864
Pré,grupo_hidrologico,Grupo,Hidrológico,1,MG,0.0102259329838597,7.744770919148864
Pré,grupo_hidrologico,Grupo,Hidrológico,1,MS,0.1534475523325597,7.744770919148864
Pré,grupo_hidrologico,Grupo,Hidrológico,1,MT,0.1143388115644942,7.744770919148864
Pré,grupo_hidrologico,Grupo,Hidrológico,1,PA,0.2660952572614529,7.744770919148864
Pré,grupo_hidrologico,Grupo,Hidrológico,1,PB,0.0079830253723558,7.744770919148864
Pré,grupo_hidrologico,Grupo,Hidrológico,1,PE,0.0278881160764154,7.744770919148864
Pré,grupo_hidrologico,Grupo,Hidrológico,1,PI,0.0035051970754629,7.744770919148864
Pré,grupo_hidrologico,Grupo,Hidrológico,1,PR,0.0384090807618843,7.744770919148864
Pré,grupo_hidrologico,Grupo,Hidrológico,1,RJ,0.0014501699671581,7.744770919148864
Pré,grupo_hidrologico,Grupo,Hidrológico,1,RN,0.0054466696874348,7.744770919148864
Pré,grupo_hidrologico,Grupo,Hidrológico,1,RO,0.015986043762484,7.744770919148864
Pré,grupo_hidrologico,Grupo,Hidrológico,1,RR,0.0129876432296827,7.744770919148864
Pré,grupo_hidrologico,Grupo,Hidrológico,1,RS,0.0014530047826111,7.744770919148864
Pré,grupo_hidrologico,Grupo,Hidrológico,1,SC,0.005603438457747,7.744770919148864
Pré,grupo_hidrologico,Grupo,Hidrológico,1,SE,0.0861277176914491,7.744770919148864
Pré,grupo_hidrologico,Grupo,Hidrológico,1,SP,0.0070420562868439,7.744770919148864
Pré,grupo_hidrologico,Grupo,Hidrológico,1,TO,0.0262976614597595,7.744770919148864
Pré,grupo_meteorologico,Grupo,Meteorológico,1,AC,0.0109614658514185,2.399865136044304
Pré,grupo_meteorologico,Grupo,Meteorológico,1,AL,0.0005032221272941,2.399865136044304
Pré,grupo_meteorologico,Grupo,Meteorológico,1,AM,0.0128217297843142,2.399865136044304
Pré,grupo_meteorologico,Grupo,Meteorológico,1,AP,0.0059832417682153,2.399865136044304
Pré,grupo_meteorologico,Grupo,Meteorológico,1,BA,0.0020909176326513,2.399865136044304
Pré,grupo_meteorologico,Grupo,Meteorológico,1,CE,0.0024593698696487,2.399865136044304
Pré,grupo_meteorologico,Grupo,Meteorológico,1,DF,0.0009714754396185,2.399865136044304
Pré,grupo_meteorologico,Grupo,Meteorológico,1,ES,0.159179851468327,2.399865136044304
Pré,grupo_meteorologico,Grupo,Meteorológico,1,GO,0.0025861764816986,2.399865136044304
Pré,grupo_meteorologico,Grupo,Meteorológico,1,MA,0.0024890756115147,2.399865136044304
Pré,grupo_meteorologico,Grupo,Meteorológico,1,MG,0.0264858462421257,2.399865136044304
Pré,grupo_meteorologico,Grupo,Meteorológico,1,MS,0.0033296127289949,2.399865136044304
Pré,grupo_meteorologico,Grupo,Meteorológico,1,MT,0.0195211369853192,2.399865136044304
Pré,grupo_meteorologico,Grupo,Meteorológico,1,PA,0.0045411352498957,2.399865136044304
Pré,grupo_meteorologico,Grupo,Meteorológico,1,PB,0.0002608827827883,2.399865136044304
Pré,grupo_meteorologico,Grupo,Meteorológico,1,PE,0.0004444601968052,2.399865136044304
Pré,grupo_meteorologico,Grupo,Meteorológico,1,PI,0.0003081088427971,2.399865136044304
Pré,grupo_meteorologico,Grupo,Meteorológico,1,PR,0.0213423977282391,2.399865136044304
Pré,grupo_meteorologico,Grupo,Meteorológico,1,RJ,0.0092396346327084,2.399865136044304
Pré,grupo_meteorologico,Grupo,Meteorológico,1,RN,0.0005809858243985,2.399865136044304
Pré,grupo_meteorologico,Grupo,Meteorológico,1,RO,0.0067634880216289,2.399865136044304
Pré,grupo_meteorologico,Grupo,Meteorológico,1,RR,9.47042241301857e-06,2.399865136044304
Pré,grupo_meteorologico,Grupo,Meteorológico,1,RS,0.6211646637979082,2.399865136044304
Pré,grupo_meteorologico,Grupo,Meteorológico,1,SC,0.0265105880368698,2.399865136044304
Pré,grupo_meteorologico,Grupo,Meteorológico,1,SE,0.0050455940749212,2.399865136044304
Pré,grupo_meteorologico,Grupo,Meteorológico,1,SP,0.0021864925190305,2.399865136044304
Pré,grupo_meteorologico,Grupo,Meteorológico,1,TO,0.0522189758784546,2.399865136044304
Pré,grupo_outros,Grupo,Outros,1,AC,0.002434462183324,5.922550647816225
Pré,grupo_outros,Grupo,Outros,1,AL,0.0030974203882202,5.922550647816225
Pré,grupo_outros,Grupo,Outros,1,AM,0.0232330048926486,5.922550647816225
Pré,grupo_outros,Grupo,Outros,1,AP,0.0754685493836585,5.922550647816225
Pré,grupo_outros,Grupo,Outros,1,BA,0.0760992875782049,5.922550647816225
Pré,grupo_outros,Grupo,Outros,1,CE,0.0089222455038745,5.922550647816225
Pré,grupo_outros,Grupo,Outros,1,DF,9.801926426198408e-05,5.922550647816225
Pré,grupo_outros,Grupo,Outros,1,ES,0.0408912311186311,5.922550647816225
Pré,grupo_outros,Grupo,Outros,1,GO,0.0474319354252553,5.922550647816225
Pré,grupo_outros,Grupo,Outros,1,MA,0.0016483864668767,5.922550647816225
Pré,grupo_outros,Grupo,Outros,1,MG,0.0094024370221021,5.922550647816225
Pré,grupo_outros,Grupo,Outros,1,MS,0.063588388135004,5.922550647816225
Pré,grupo_outros,Grupo,Outros,1,MT,0.0141800495730813,5.922550647816225
Pré,grupo_outros,Grupo,Outros,1,PA,0.0682383511673479,5.922550647816225
Pré,grupo_outros,Grupo,Outros,1,PB,0.0008264408426732,5.922550647816225
Pré,grupo_outros,Grupo,Outros,1,PE,0.0017904218990976,5.922550647816225
Pré,grupo_outros,Grupo,Outros,1,PI,0.0714969819965654,5.922550647816225
Pré,grupo_outros,Grupo,Outros,1,PR,0.005274856050576,5.922550647816225
Pré,grupo_outros,Grupo,Outros,1,RJ,0.0008389229214804,5.922550647816225
Pré,grupo_outros,Grupo,Outros,1,RN,0.0051049448785399,5.922550647816225
Pré,grupo_outros,Grupo,Outros,1,RO,0.000390276551526,5.922550647816225
Pré,grupo_outros,Grupo,Outros,1,RR,0.3634091387795589,5.922550647816225
Pré,grupo_outros,Grupo,Outros,1,RS,0.0115506859746097,5.922550647816225
Pré,grupo_outros,Grupo,Outros,1,SC,0.027364330886549,5.922550647816225
Pré,grupo_outros,Grupo,Outros,1,SE,0.0754329945501797,5.922550647816225
Pré,grupo_outros,Grupo,Outros,1,SP,0.0007987891122603,5.922550647816225
Pré,grupo_outros,Grupo,Outros,1,TO,0.0009874474538917,5.922550647816225
Pré,tipo_alagamentos,Tipologia,Alagamentos,1,AC,0.034143454875244,4.906106107073303
Pré,tipo_alagamentos,Tipologia,Alagamentos,1,AL,0.0261047074877786,4.906106107073303
Pré,tipo_alagamentos,Tipologia,Alagamentos,1,AM,0.0031512548484598,4.906106107073303
Pré,tipo_alagamentos,Tipologia,Alagamentos,1,AP,0.0205719854060556,4.906106107073303
Pré,tipo_alagamentos,Tipologia,Alagamentos,1,BA,5.33240307568087e-06,4.906106107073303
Pré,tipo_alagamentos,Tipologia,Alagamentos,1,CE,3.157508463162205e-05,4.906106107073303
Pré,tipo_alagamentos,Tipologia,Alagamentos,1,DF,0.0054993545847999,4.906106107073303
Pré,tipo_alagamentos,Tipologia,Alagamentos,1,ES,0.0021154740160247,4.906106107073303
Pré,tipo_alagamentos,Tipologia,Alagamentos,1,GO,0.0002588571563639,4.906106107073303
Pré,tipo_alagamentos,Tipologia,Alagamentos,1,MA,0.0052276797343388,4.906106107073303
Pré,tipo_alagamentos,Tipologia,Alagamentos,1,MG,0.0001297749512705,4.906106107073303
Pré,tipo_alagamentos,Tipologia,Alagamentos,1,MS,0.1091074808353541,4.906106107073303
Pré,tipo_alagamentos,Tipologia,Alagamentos,1,MT,0.0959883527994496,4.906106107073303
Pré,tipo_alagamentos,Tipologia,Alagamentos,1,PA,0.3897556527151209,4.906106107073303
Pré,tipo_alagamentos,Tipologia,Alagamentos,1,PB,0.0085771860899884,4.906106107073303
Pré,tipo_alagamentos,Tipologia,Alagamentos,1,PE,0.0640800198957081,4.906106107073303
Pré,tipo_alagamentos,Tipologia,Alagamentos,1,PI,0.1473605503171621,4.906106107073303
Pré,tipo_alagamentos,Tipologia,Alagamentos,1,PR,0.0022459809855738,4.906106107073303
Pré,tipo_alagamentos,Tipologia,Alagamentos,1,RJ,0.0001643489367301,4.906106107073303
Pré,tipo_alagamentos,Tipologia,Alagamentos,1,RN,2.422535525667556e-05,4.906106107073303
Pré,tipo_alagamentos,Tipologia,Alagamentos,1,RO,0.0014217676341665,4.906106107073303
Pré,tipo_alagamentos,Tipologia,Alagamentos,1,RR,0.0045563160541899,4.906106107073303
Pré,tipo_alagamentos,Tipologia,Alagamentos,1,RS,0.0054283558402253,4.906106107073303
Pré,tipo_alagamentos,Tipologia,Alagamentos,1,SC,0.0276572191801092,4.906106107073303
Pré,tipo_alagamentos,Tipologia,Alagamentos,1,SE,0.0415551306521349,4.906106107073303
Pré,tipo_alagamentos,Tipologia,Alagamentos,1,SP,0.0014872964839195,4.906106107073303
Pré,tipo_alagamentos,Tipologia,Alagamentos,1,TO,0.003350665676867,4.906106107073303
Pré,tipo_chuvas_intensas,Tipologia,Chuvas Intensas,15,AC,0.000389067764882,1.3222636914400183
Pré,tipo_chuvas_intensas,Tipologia,Chuvas Intensas,15,AL,0.0027406982142582,1.3222636914400183
Pré,tipo_chuvas_intensas,Tipologia,Chuvas Intensas,15,AM,0.0001165773535775,1.3222636914400183
Pré,tipo_chuvas_intensas,Tipologia,Chuvas Intensas,15,AP,0.0007853052750617,1.3222636914400183
Pré,tipo_chuvas_intensas,Tipologia,Chuvas Intensas,15,BA,0.0011637054494007,1.3222636914400183
Pré,tipo_chuvas_intensas,Tipologia,Chuvas Intensas,15,CE,0.0006563798803816,1.3222636914400183
Pré,tipo_chuvas_intensas,Tipologia,Chuvas Intensas,15,DF,2.897823960689331e-05,1.3222636914400183
Pré,tipo_chuvas_intensas,Tipologia,Chuvas Intensas,15,ES,0.000900234601724,1.3222636914400183
Pré,tipo_chuvas_intensas,Tipologia,Chuvas Intensas,15,GO,0.0024320127141965,1.3222636914400183
Pré,tipo_chuvas_intensas,Tipologia,Chuvas Intensas,15,MA,0.030991012977121,1.3222636914400183
Pré,tipo_chuvas_intensas,Tipologia,Chuvas Intensas,15,MG,0.0335151667034269,1.3222636914400183
Pré,tipo_chuvas_intensas,Tipologia,Chuvas Intensas,15,MS,0.0069625162326781,1.3222636914400183
Pré,tipo_chuvas_intensas,Tipologia,Chuvas Intensas,15,MT,0.867765769654068,1.3222636914400183
Pré,tipo_chuvas_intensas,Tipologia,Chuvas Intensas,15,PA,0.0014467155675043,1.3222636914400183
Pré,tipo_chuvas_intensas,Tipologia,Chuvas Intensas,15,PB,1.1841422011388172e-05,1.3222636914400183
Pré,tipo_chuvas_intensas,Tipologia,Chuvas Intensas,15,PE,6.085582356286411e-05,1.3222636914400183
Pré,tipo_chuvas_intensas,Tipologia,Chuvas Intensas,15,PI,9.451977783811512e-06,1.3222636914400183
Pré,tipo_chuvas_intensas,Tipologia,Chuvas Intensas,15,PR,0.0004811325782026,1.3222636914400183
Pré,tipo_chuvas_intensas,Tipologia,Chuvas Intensas,15,RJ,0.0042003682956611,1.3222636914400183
Pré,tipo_chuvas_intensas,Tipologia,Chuvas Intensas,15,RN,0.0009141120263804,1.3222636914400183
Pré,tipo_chuvas_intensas,Tipologia,Chuvas Intensas,15,RO,0.0027188613994612,1.3222636914400183
Pré,tipo_chuvas_intensas,Tipologia,Chuvas Intensas,15,RR,0.0021904390786302,1.3222636914400183
Pré,tipo_chuvas_intensas,Tipologia,Chuvas Intensas,15,RS,0.0037291005083866,1.3222636914400183
Pré,tipo_chuvas_intensas,Tipologia,Chuvas Intensas,15,SC,0.0325137779379411,1.3222636914400183
Pré,tipo_chuvas_intensas,Tipologia,Chuvas Intensas,15,SE,0.000388714125503,1.3222636914400183
Pré,tipo_chuvas_intensas,Tipologia,Chuvas Intensas,15,SP,2.7217751127293848e-05,1.3222636914400183
Pré,tipo_chuvas_intensas,Tipologia,Chuvas Intensas,15,TO,0.0028599864474599,1.3222636914400183
Pré,tipo_doencas_infecciosas,Tipologia,Doenças infecciosas,1,AC,0.0007894100004884,2.5682958279072903
Pré,tipo_doencas_infecciosas,Tipologia,Doenças infecciosas,1,AL,0.0010896518315281,2.5682958279072903
Pré,tipo_doencas_infecciosas,Tipologia,Doenças infecciosas,1,AM,0.0026757930412035,2.5682958279072903
Pré,tipo_doencas_infecciosas,Tipologia,Doenças infecciosas,1,AP,0.0818911984454877,2.5682958279072903
Pré,tipo_doencas_infecciosas,Tipologia,Doenças infecciosas,1,BA,0.0014865993411847,2.5682958279072903
Pré,tipo_doencas_infecciosas,Tipologia,Doenças infecciosas,1,CE,4.334570219122552e-05,2.5682958279072903
Pré,tipo_doencas_infecciosas,Tipologia,Doenças infecciosas,1,DF,0.0003565485525346,2.5682958279072903
Pré,tipo_doencas_infecciosas,Tipologia,Doenças infecciosas,1,ES,6.298215104030239e-06,2.5682958279072903
Pré,tipo_doencas_infecciosas,Tipologia,Doenças infecciosas,1,GO,0.0015716651736388,2.5682958279072903
Pré,tipo_doencas_infecciosas,Tipologia,Doenças infecciosas,1,MA,0.0001489607812862,2.5682958279072903
Pré,tipo_doencas_infecciosas,Tipologia,Doenças infecciosas,1,MG,0.0068438446125124,2.5682958279072903
Pré,tipo_doencas_infecciosas,Tipologia,Doenças infecciosas,1,MS,0.0327787401036226,2.5682958279072903
Pré,tipo_doencas_infecciosas,Tipologia,Doenças infecciosas,1,MT,0.0114270076946526,2.5682958279072903
Pré,tipo_doencas_infecciosas,Tipologia,Doenças infecciosas,1,PA,0.007880272909592,2.5682958279072903
Pré,tipo_doencas_infecciosas,Tipologia,Doenças infecciosas,1,PB,7.654336844048315e-05,2.5682958279072903
Pré,tipo_doencas_infecciosas,Tipologia,Doenças infecciosas,1,PE,0.0064399736310177,2.5682958279072903
Pré,tipo_doencas_infecciosas,Tipologia,Doenças infecciosas,1,PI,1.6300433062505137e-05,2.5682958279072903
Pré,tipo_doencas_infecciosas,Tipologia,Doenças infecciosas,1,PR,0.0011794637843257,2.5682958279072903
Pré,tipo_doencas_infecciosas,Tipologia,Doenças infecciosas,1,RJ,0.001946272463115,2.5682958279072903
Pré,tipo_doencas_infecciosas,Tipologia,Doenças infecciosas,1,RN,0.0151924626886591,2.5682958279072903
Pré,tipo_doencas_infecciosas,Tipologia,Doenças infecciosas,1,RO,1.5821780406124364e-06,2.5682958279072903
Pré,tipo_doencas_infecciosas,Tipologia,Doenças infecciosas,1,RR,0.5621187202402962,2.5682958279072903
Pré,tipo_doencas_infecciosas,Tipologia,Doenças infecciosas,1,RS,9.685564625899188e-07,2.5682958279072903
Pré,tipo_doencas_infecciosas,Tipologia,Doenças infecciosas,1,SC,0.0090268358379072,2.5682958279072903
Pré,tipo_doencas_infecciosas,Tipologia,Doenças infecciosas,1,SE,0.2549370606133773,2.5682958279072903
Pré,tipo_doencas_infecciosas,Tipologia,Doenças infecciosas,1,SP,4.444080212816043e-05,2.5682958279072903
Pré,tipo_doencas_infecciosas,Tipologia,Doenças infecciosas,1,TO,3.0038998139532303e-05,2.5682958279072903
Pré,tipo_enxurradas,Tipologia,Enxurradas,1,AC,0.0049016072852208,2.580330694953733
Pré,tipo_enxurradas,Tipologia,Enxurradas,1,AL,0.011332301101397,2.580330694953733
Pré,tipo_enxurradas,Tipologia,Enxurradas,1,AM,0.0006077094623817,2.580330694953733
Pré,tipo_enxurradas,Tipologia,Enxurradas,1,AP,2.337919458105268e-05,2.580330694953733
Pré,tipo_enxurradas,Tipologia,Enxurradas,1,BA,0.0252887098385453,2.580330694953733
Pré,tipo_enxurradas,Tipologia,Enxurradas,1,CE,0.0018684009561549,2.580330694953733
Pré,tipo_enxurradas,Tipologia,Enxurradas,1,DF,0.002295190684418,2.580330694953733
Pré,tipo_enxurradas,Tipologia,Enxurradas,1,ES,0.0007147349822519,2.580330694953733
Pré,tipo_enxurradas,Tipologia,Enxurradas,1,GO,0.0031548609034879,2.580330694953733
Pré,tipo_enxurradas,Tipologia,Enxurradas,1,MA,0.0004236212895073,2.580330694953733
Pré,tipo_enxurradas,Tipologia,Enxurradas,1,MG,0.0013966281594255,2.580330694953733
Pré,tipo_enxurradas,Tipologia,Enxurradas,1,MS,0.0063673101633871,2.580330694953733
Pré,tipo_enxurradas,Tipologia,Enxurradas,1,MT,0.523039272264947,2.580330694953733
Pré,tipo_enxurradas,Tipologia,Enxurradas,1,PA,0.3338933095561149,2.580330694953733
Pré,tipo_enxurradas,Tipologia,Enxurradas,1,PB,0.0008072208401121,2.580330694953733
Pré,tipo_enxurradas,Tipologia,Enxurradas,1,PE,0.0005990669740062,2.580330694953733
Pré,tipo_enxurradas,Tipologia,Enxurradas,1,PI,0.0012041721632445,2.580330694953733
Pré,tipo_enxurradas,Tipologia,Enxurradas,1,PR,0.0353929661820868,2.580330694953733
Pré,tipo_enxurradas,Tipologia,Enxurradas,1,RJ,0.0121119450313273,2.580330694953733
Pré,tipo_enxurradas,Tipologia,Enxurradas,1,RN,0.003280236468632,2.580330694953733
Pré,tipo_enxurradas,Tipologia,Enxurradas,1,RO,0.0048033201432904,2.580330694953733
Pré,tipo_enxurradas,Tipologia,Enxurradas,1,RR,0.011421716439457,2.580330694953733
Pré,tipo_enxurradas,Tipologia,Enxurradas,1,RS,0.0050606993402544,2.580330694953733
Pré,tipo_enxurradas,Tipologia,Enxurradas,1,SC,8.023992538269003e-05,2.580330694953733
Pré,tipo_enxurradas,Tipologia,Enxurradas,1,SE,0.0023889307654389,2.580330694953733
Pré,tipo_enxurradas,Tipologia,Enxurradas,1,SP,0.0012919357913568,2.580330694953733
Pré,tipo_enxurradas,Tipologia,Enxurradas,1,TO,0.0062505140935897,2.580330694953733
Pré,tipo_erosao,Tipologia,Erosão,1,AC,0.0013733949553448,2.192631246357468
Pré,tipo_erosao,Tipologia,Erosão,1,AL,0.0006081634928163,2.192631246357468
Pré,tipo_erosao,Tipologia,Erosão,1,AM,0.048283967895946,2.192631246357468
Pré,tipo_erosao,Tipologia,Erosão,1,AP,0.016256840029572,2.192631246357468
Pré,tipo_erosao,Tipologia,Erosão,1,BA,0.0112029913238659,2.192631246357468
Pré,tipo_erosao,Tipologia,Erosão,1,CE,0.0027733045714643,2.192631246357468
Pré,tipo_erosao,Tipologia,Erosão,1,DF,0.0001288020365729,2.192631246357468
Pré,tipo_erosao,Tipologia,Erosão,1,ES,0.0106501208842773,2.192631246357468
Pré,tipo_erosao,Tipologia,Erosão,1,GO,0.1025098044213107,2.192631246357468
Pré,tipo_erosao,Tipologia,Erosão,1,MA,0.0042607329465127,2.192631246357468
Pré,tipo_erosao,Tipologia,Erosão,1,MG,0.0060906421568605,2.192631246357468
Pré,tipo_erosao,Tipologia,Erosão,1,MS,0.0506284210970417,2.192631246357468
Pré,tipo_erosao,Tipologia,Erosão,1,MT,0.6620483668232512,2.192631246357468
Pré,tipo_erosao,Tipologia,Erosão,1,PA,1.508715722042498e-07,2.192631246357468
Pré,tipo_erosao,Tipologia,Erosão,1,PB,0.0113139386969455,2.192631246357468
Pré,tipo_erosao,Tipologia,Erosão,1,PE,0.007656008442507,2.192631246357468
Pré,tipo_erosao,Tipologia,Erosão,1,PI,8.198980532997656e-05,2.192631246357468
Pré,tipo_erosao,Tipologia,Erosão,1,PR,0.0007442654281433,2.192631246357468
Pré,tipo_erosao,Tipologia,Erosão,1,RJ,0.0028133463180721,2.192631246357468
Pré,tipo_erosao,Tipologia,Erosão,1,RN,0.0388006965481518,2.192631246357468
Pré,tipo_erosao,Tipologia,Erosão,1,RO,6.0953535495992266e-05,2.192631246357468
Pré,tipo_erosao,Tipologia,Erosão,1,RR,0.0041692015680906,2.192631246357468
Pré,tipo_erosao,Tipologia,Erosão,1,RS,0.0050155657914841,2.192631246357468
Pré,tipo_erosao,Tipologia,Erosão,1,SC,0.0041498478189334,2.192631246357468
Pré,tipo_erosao,Tipologia,Erosão,1,SE,0.0011021106671151,2.192631246357468
Pré,tipo_erosao,Tipologia,Erosão,1,SP,0.0053251711225331,2.192631246357468
Pré,tipo_erosao,Tipologia,Erosão,1,TO,0.0019512007507882,2.192631246357468
Pré,tipo_estiagem_e_seca,Tipologia,Estiagem e Seca,1,AC,0.0258846444196149,7.184048910885204
Pré,tipo_estiagem_e_seca,Tipologia,Estiagem e Seca,1,AL,0.0153069575636498,7.184048910885204
Pré,tipo_estiagem_e_seca,Tipologia,Estiagem e Seca,1,AM,0.0021623571238908,7.184048910885204
Pré,tipo_estiagem_e_seca,Tipologia,Estiagem e Seca,1,AP,0.0106169033410646,7.184048910885204
Pré,tipo_estiagem_e_seca,Tipologia,Estiagem e Seca,1,BA,0.0126878927310812,7.184048910885204
Pré,tipo_estiagem_e_seca,Tipologia,Estiagem e Seca,1,CE,0.0971352670128321,7.184048910885204
Pré,tipo_estiagem_e_seca,Tipologia,Estiagem e Seca,1,DF,0.0020538266837981,7.184048910885204
Pré,tipo_estiagem_e_seca,Tipologia,Estiagem e Seca,1,ES,0.0002368657543321,7.184048910885204
Pré,tipo_estiagem_e_seca,Tipologia,Estiagem e Seca,1,GO,0.014528035405186,7.184048910885204
Pré,tipo_estiagem_e_seca,Tipologia,Estiagem e Seca,1,MA,0.013024956601424,7.184048910885204
Pré,tipo_estiagem_e_seca,Tipologia,Estiagem e Seca,1,MG,0.0201855428825711,7.184048910885204
Pré,tipo_estiagem_e_seca,Tipologia,Estiagem e Seca,1,MS,0.0001626856692762,7.184048910885204
Pré,tipo_estiagem_e_seca,Tipologia,Estiagem e Seca,1,MT,0.0234438478191394,7.184048910885204
Pré,tipo_estiagem_e_seca,Tipologia,Estiagem e Seca,1,PA,0.0026559639527463,7.184048910885204
Pré,tipo_estiagem_e_seca,Tipologia,Estiagem e Seca,1,PB,0.0141171767683836,7.184048910885204
Pré,tipo_estiagem_e_seca,Tipologia,Estiagem e Seca,1,PE,0.0619277154159323,7.184048910885204
Pré,tipo_estiagem_e_seca,Tipologia,Estiagem e Seca,1,PI,0.0639130471548267,7.184048910885204
Pré,tipo_estiagem_e_seca,Tipologia,Estiagem e Seca,1,PR,0.0003433908656414,7.184048910885204
Pré,tipo_estiagem_e_seca,Tipologia,Estiagem e Seca,1,RJ,0.0297285597854688,7.184048910885204
Pré,tipo_estiagem_e_seca,Tipologia,Estiagem e Seca,1,RN,0.2400037380257099,7.184048910885204
Pré,tipo_estiagem_e_seca,Tipologia,Estiagem e Seca,1,RO,0.0060112799655439,7.184048910885204
Pré,tipo_estiagem_e_seca,Tipologia,Estiagem e Seca,1,RR,0.1242537270873205,7.184048910885204
Pré,tipo_estiagem_e_seca,Tipologia,Estiagem e Seca,1,RS,0.0017401443798496,7.184048910885204
Pré,tipo_estiagem_e_seca,Tipologia,Estiagem e Seca,1,SC,3.9041330085953546e-05,7.184048910885204
Pré,tipo_estiagem_e_seca,Tipologia,Estiagem e Seca,1,SE,0.0022069996698929,7.184048910885204
Pré,tipo_estiagem_e_seca,Tipologia,Estiagem e Seca,1,SP,0.0031862955281453,7.184048910885204
Pré,tipo_estiagem_e_seca,Tipologia,Estiagem e Seca,1,TO,0.2124431370625911,7.184048910885204
Pré,tipo_granizo,Tipologia,Granizo,1,AC,0.002412668551511,2.177006992977873
Pré,tipo_granizo,Tipologia,Granizo,1,AL,0.0002487451280968,2.177006992977873
Pré,tipo_granizo,Tipologia,Granizo,1,AM,0.0007143335297799,2.177006992977873
Pré,tipo_granizo,Tipologia,Granizo,1,AP,0.0011003310542925,2.177006992977873
Pré,tipo_granizo,Tipologia,Granizo,1,BA,0.0068344924204374,2.177006992977873
Pré,tipo_granizo,Tipologia,Granizo,1,CE,0.0006171486602669,2.177006992977873
Pré,tipo_granizo,Tipologia,Granizo,1,DF,0.0013261048813101,2.177006992977873
Pré,tipo_granizo,Tipologia,Granizo,1,ES,0.0012596338874598,2.177006992977873
Pré,tipo_granizo,Tipologia,Granizo,1,GO,3.998832303290033e-06,2.177006992977873
Pré,tipo_granizo,Tipologia,Granizo,1,MA,0.0008232679976198,2.177006992977873
Pré,tipo_granizo,Tipologia,Granizo,1,MG,0.0185050923309839,2.177006992977873
Pré,tipo_granizo,Tipologia,Granizo,1,MS,2.5752727571877003e-06,2.177006992977873
Pré,tipo_granizo,Tipologia,Granizo,1,MT,0.004240970851054,2.177006992977873
Pré,tipo_granizo,Tipologia,Granizo,1,PA,0.0026136438326926,2.177006992977873
Pré,tipo_granizo,Tipologia,Granizo,1,PB,1.736276127635927e-07,2.177006992977873
Pré,tipo_granizo,Tipologia,Granizo,1,PE,0.0004949154623444,2.177006992977873
Pré,tipo_granizo,Tipologia,Granizo,1,PI,2.568089627922696e-06,2.177006992977873
Pré,tipo_granizo,Tipologia,Granizo,1,PR,0.0333020626276451,2.177006992977873
Pré,tipo_granizo,Tipologia,Granizo,1,RJ,0.0011354974838877,2.177006992977873
Pré,tipo_granizo,Tipologia,Granizo,1,RN,0.0001361381787057,2.177006992977873
Pré,tipo_granizo,Tipologia,Granizo,1,RO,0.0003952808019346,2.177006992977873
Pré,tipo_granizo,Tipologia,Granizo,1,RR,0.0098052892399381,2.177006992977873
Pré,tipo_granizo,Tipologia,Granizo,1,RS,0.6063185548818641,2.177006992977873
Pré,tipo_granizo,Tipologia,Granizo,1,SC,0.3001041091869029,2.177006992977873
Pré,tipo_granizo,Tipologia,Granizo,1,SE,2.251171921179681e-05,2.177006992977873
Pré,tipo_granizo,Tipologia,Granizo,1,SP,0.0038279611494819,2.177006992977873
Pré,tipo_granizo,Tipologia,Granizo,1,TO,0.0037519303202769,2.177006992977873
Pré,tipo_incendio_florestal,Tipologia,Incêndio Florestal,1,AC,0.0018764120848123,1.6065448448305293
Pré,tipo_incendio_florestal,Tipologia,Incêndio Florestal,1,AL,5.878038277555218e-05,1.6065448448305293
Pré,tipo_incendio_florestal,Tipologia,Incêndio Florestal,1,AM,0.0317021805877825,1.6065448448305293
Pré,tipo_incendio_florestal,Tipologia,Incêndio Florestal,1,AP,0.0065953185633381,1.6065448448305293
Pré,tipo_incendio_florestal,Tipologia,Incêndio Florestal,1,BA,0.0215428128841171,1.6065448448305293
Pré,tipo_incendio_florestal,Tipologia,Incêndio Florestal,1,CE,6.260820138951985e-05,1.6065448448305293
Pré,tipo_incendio_florestal,Tipologia,Incêndio Florestal,1,DF,3.452845051614154e-05,1.6065448448305293
Pré,tipo_incendio_florestal,Tipologia,Incêndio Florestal,1,ES,0.0423823510363736,1.6065448448305293
Pré,tipo_incendio_florestal,Tipologia,Incêndio Florestal,1,GO,0.000650834144328,1.6065448448305293
Pré,tipo_incendio_florestal,Tipologia,Incêndio Florestal,1,MA,0.0030543404503109,1.6065448448305293
Pré,tipo_incendio_florestal,Tipologia,Incêndio Florestal,1,MG,7.693921684091664e-05,1.6065448448305293
Pré,tipo_incendio_florestal,Tipologia,Incêndio Florestal,1,MS,0.0010741192739526,1.6065448448305293
Pré,tipo_incendio_florestal,Tipologia,Incêndio Florestal,1,MT,0.7836996874256024,1.6065448448305293
Pré,tipo_incendio_florestal,Tipologia,Incêndio Florestal,1,PA,0.0038467886229981,1.6065448448305293
Pré,tipo_incendio_florestal,Tipologia,Incêndio Florestal,1,PB,0.0010875260466163,1.6065448448305293
Pré,tipo_incendio_florestal,Tipologia,Incêndio Florestal,1,PE,0.0004481132320043,1.6065448448305293
Pré,tipo_incendio_florestal,Tipologia,Incêndio Florestal,1,PI,0.0017690894814501,1.6065448448305293
Pré,tipo_incendio_florestal,Tipologia,Incêndio Florestal,1,PR,0.0008786449860676,1.6065448448305293
Pré,tipo_incendio_florestal,Tipologia,Incêndio Florestal,1,RJ,0.0015622035740255,1.6065448448305293
Pré,tipo_incendio_florestal,Tipologia,Incêndio Florestal,1,RN,0.0037497521486063,1.6065448448305293
Pré,tipo_incendio_florestal,Tipologia,Incêndio Florestal,1,RO,0.0001291951343641,1.6065448448305293
Pré,tipo_incendio_florestal,Tipologia,Incêndio Florestal,1,RR,0.0683571739817818,1.6065448448305293
Pré,tipo_incendio_florestal,Tipologia,Incêndio Florestal,1,RS,0.0127013249226772,1.6065448448305293
Pré,tipo_incendio_florestal,Tipologia,Incêndio Florestal,1,SC,0.0002445186030841,1.6065448448305293
Pré,tipo_incendio_florestal,Tipologia,Incêndio Florestal,1,SE,0.0002477861233526,1.6065448448305293
Pré,tipo_incendio_florestal,Tipologia,Incêndio Florestal,1,SP,0.0066049909739667,1.6065448448305293
Pré,tipo_incendio_florestal,Tipologia,Incêndio Florestal,1,TO,0.0055619794668646,1.6065448448305293
Pré,tipo_inundacoes,Tipologia,Inundações,1,AC,0.1880187927391097,7.933226882554125
Pré,tipo_inundacoes,Tipologia,Inundações,1,AL,0.0009707539480193,7.933226882554125
Pré,tipo_inundacoes,Tipologia,Inundações,1,AM,0.0010542803086556,7.933226882554125
Pré,tipo_inundacoes,Tipologia,Inundações,1,AP,0.010840588466745,7.933226882554125
Pré,tipo_inundacoes,Tipologia,Inundações,1,BA,0.0265017482704889,7.933226882554125
Pré,tipo_inundacoes,Tipologia,Inundações,1,CE,0.0018608518007748,7.933226882554125
Pré,tipo_inundacoes,Tipologia,Inundações,1,DF,0.0031323061516757,7.933226882554125
Pré,tipo_inundacoes,Tipologia,Inundações,1,ES,0.0719405271560434,7.933226882554125
Pré,tipo_inundacoes,Tipologia,Inundações,1,GO,0.0013750145901046,7.933226882554125
Pré,tipo_inundacoes,Tipologia,Inundações,1,MA,0.1944537947367523,7.933226882554125
Pré,tipo_inundacoes,Tipologia,Inundações,1,MG,0.0074963789336357,7.933226882554125
Pré,tipo_inundacoes,Tipologia,Inundações,1,MS,0.0027392611308845,7.933226882554125
Pré,tipo_inundacoes,Tipologia,Inundações,1,MT,0.0820413951855115,7.933226882554125
Pré,tipo_inundacoes,Tipologia,Inundações,1,PA,0.1540305591864037,7.933226882554125
Pré,tipo_inundacoes,Tipologia,Inundações,1,PB,4.071989662825236e-06,7.933226882554125
Pré,tipo_inundacoes,Tipologia,Inundações,1,PE,0.0046314073760734,7.933226882554125
Pré,tipo_inundacoes,Tipologia,Inundações,1,PI,0.0429149045759514,7.933226882554125
Pré,tipo_inundacoes,Tipologia,Inundações,1,PR,0.0002298937079895,7.933226882554125
Pré,tipo_inundacoes,Tipologia,Inundações,1,RJ,0.0521389428985959,7.933226882554125
Pré,tipo_inundacoes,Tipologia,Inundações,1,RN,0.0059121488845555,7.933226882554125
Pré,tipo_inundacoes,Tipologia,Inundações,1,RO,0.0009903266966761,7.933226882554125
Pré,tipo_inundacoes,Tipologia,Inundações,1,RR,0.0018637262261635,7.933226882554125
Pré,tipo_inundacoes,Tipologia,Inundações,1,RS,0.003558202694389,7.933226882554125
Pré,tipo_inundacoes,Tipologia,Inundações,1,SC,0.0005289528628964,7.933226882554125
Pré,tipo_inundacoes,Tipologia,Inundações,1,SE,0.0278379444875892,7.933226882554125
Pré,tipo_inundacoes,Tipologia,Inundações,1,SP,0.0086627033422131,7.933226882554125
Pré,tipo_inundacoes,Tipologia,Inundações,1,TO,0.1042705216524382,7.933226882554125
Pré,tipo_movimento_de_massa,Tipologia,Movimento de Massa,1,AC,0.0077521480892525,5.39720777289075
Pré,tipo_movimento_de_massa,Tipologia,Movimento de Massa,1,AL,0.0004244030515214,5.39720777289075
Pré,tipo_movimento_de_massa,Tipologia,Movimento de Massa,1,AM,0.0551104536902357,5.39720777289075
Pré,tipo_movimento_de_massa,Tipologia,Movimento de Massa,1,AP,0.0107284371945559,5.39720777289075
Pré,tipo_movimento_de_massa,Tipologia,Movimento de Massa,1,BA,0.0020114728999707,5.39720777289075
Pré,tipo_movimento_de_massa,Tipologia,Movimento de Massa,1,CE,0.0116860086447524,5.39720777289075
Pré,tipo_movimento_de_massa,Tipologia,Movimento de Massa,1,DF,0.0038499513104176,5.39720777289075
Pré,tipo_movimento_de_massa,Tipologia,Movimento de Massa,1,ES,0.0206085679439833,5.39720777289075
Pré,tipo_movimento_de_massa,Tipologia,Movimento de Massa,1,GO,0.0036081492671596,5.39720777289075
Pré,tipo_movimento_de_massa,Tipologia,Movimento de Massa,1,MA,0.0010375450266405,5.39720777289075
Pré,tipo_movimento_de_massa,Tipologia,Movimento de Massa,1,MG,0.0953784527481793,5.39720777289075
Pré,tipo_movimento_de_massa,Tipologia,Movimento de Massa,1,MS,0.0062616837506978,5.39720777289075
Pré,tipo_movimento_de_massa,Tipologia,Movimento de Massa,1,MT,0.359207760269179,5.39720777289075
Pré,tipo_movimento_de_massa,Tipologia,Movimento de Massa,1,PA,0.1720267686812397,5.39720777289075
Pré,tipo_movimento_de_massa,Tipologia,Movimento de Massa,1,PB,0.0027986547325451,5.39720777289075
Pré,tipo_movimento_de_massa,Tipologia,Movimento de Massa,1,PE,0.0288421895187775,5.39720777289075
Pré,tipo_movimento_de_massa,Tipologia,Movimento de Massa,1,PI,2.991951362040648e-05,5.39720777289075
Pré,tipo_movimento_de_massa,Tipologia,Movimento de Massa,1,PR,0.0001657302283722,5.39720777289075
Pré,tipo_movimento_de_massa,Tipologia,Movimento de Massa,1,RJ,0.0589078942079975,5.39720777289075
Pré,tipo_movimento_de_massa,Tipologia,Movimento de Massa,1,RN,0.0026968389014196,5.39720777289075
Pré,tipo_movimento_de_massa,Tipologia,Movimento de Massa,1,RO,0.0006307226490709,5.39720777289075
Pré,tipo_movimento_de_massa,Tipologia,Movimento de Massa,1,RR,0.0026360498478167,5.39720777289075
Pré,tipo_movimento_de_massa,Tipologia,Movimento de Massa,1,RS,0.0177065143196492,5.39720777289075
Pré,tipo_movimento_de_massa,Tipologia,Movimento de Massa,1,SC,0.0007661466619443,5.39720777289075
Pré,tipo_movimento_de_massa,Tipologia,Movimento de Massa,1,SE,0.0338878596151846,5.39720777289075
Pré,tipo_movimento_de_massa,Tipologia,Movimento de Massa,1,SP,0.0880551717395234,5.39720777289075
Pré,tipo_movimento_de_massa,Tipologia,Movimento de Massa,1,TO,0.0131845054962922,5.39720777289075
Pré,tipo_outros,Tipologia,Outros,1,AC,0.0090791443642131,2.7265835008648973
Pré,tipo_outros,Tipologia,Outros,1,AL,0.0034922076920984,2.7265835008648973
Pré,tipo_outros,Tipologia,Outros,1,AM,0.0154653309096632,2.7265835008648973
Pré,tipo_outros,Tipologia,Outros,1,AP,4.047591895945668e-05,2.7265835008648973
Pré,tipo_outros,Tipologia,Outros,1,BA,0.0306886978652516,2.7265835008648973
Pré,tipo_outros,Tipologia,Outros,1,CE,0.0020181909153683,2.7265835008648973
Pré,tipo_outros,Tipologia,Outros,1,DF,7.367864035818695e-05,2.7265835008648973
Pré,tipo_outros,Tipologia,Outros,1,ES,0.1109501716135922,2.7265835008648973
Pré,tipo_outros,Tipologia,Outros,1,GO,0.010824949969049,2.7265835008648973
Pré,tipo_outros,Tipologia,Outros,1,MA,1.5550962088065195e-06,2.7265835008648973
Pré,tipo_outros,Tipologia,Outros,1,MG,0.0356973119038773,2.7265835008648973
Pré,tipo_outros,Tipologia,Outros,1,MS,0.0082822474563318,2.7265835008648973
Pré,tipo_outros,Tipologia,Outros,1,MT,0.5819629984708915,2.7265835008648973
Pré,tipo_outros,Tipologia,Outros,1,PA,0.100861715908739,2.7265835008648973
Pré,tipo_outros,Tipologia,Outros,1,PB,0.0012392886158257,2.7265835008648973
Pré,tipo_outros,Tipologia,Outros,1,PE,0.0079081634176184,2.7265835008648973
Pré,tipo_outros,Tipologia,Outros,1,PI,0.0005678565820357,2.7265835008648973
Pré,tipo_outros,Tipologia,Outros,1,PR,0.001903803703478,2.7265835008648973
Pré,tipo_outros,Tipologia,Outros,1,RJ,0.0001263096768956,2.7265835008648973
Pré,tipo_outros,Tipologia,Outros,1,RN,0.0010068165611792,2.7265835008648973
Pré,tipo_outros,Tipologia,Outros,1,RO,0.0006415820345593,2.7265835008648973
Pré,tipo_outros,Tipologia,Outros,1,RR,0.0149578422408711,2.7265835008648973
Pré,tipo_outros,Tipologia,Outros,1,RS,0.0495799070175913,2.7265835008648973
Pré,tipo_outros,Tipologia,Outros,1,SC,3.513136200490113e-05,2.7265835008648973
Pré,tipo_outros,Tipologia,Outros,1,SE,0.009848928417211,2.7265835008648973
Pré,tipo_outros,Tipologia,Outros,1,SP,4.938858245634984e-05,2.7265835008648973
Pré,tipo_outros,Tipologia,Outros,1,TO,0.0026963050636705,2.7265835008648973
Pré,tipo_tornado,Tipologia,Tornado,1,AC,0.0151161529953449,6.608596799155138
Pré,tipo_tornado,Tipologia,Tornado,1,AL,0.0003002755253037,6.608596799155138
Pré,tipo_tornado,Tipologia,Tornado,1,AM,0.0054962167016779,6.608596799155138
Pré,tipo_tornado,Tipologia,Tornado,1,AP,0.0508792860646025,6.608596799155138
Pré,tipo_tornado,Tipologia,Tornado,1,BA,0.0022352881190456,6.608596799155138
Pré,tipo_tornado,Tipologia,Tornado,1,CE,0.0001941615467448,6.608596799155138
Pré,tipo_tornado,Tipologia,Tornado,1,DF,0.0015377719255091,6.608596799155138
Pré,tipo_tornado,Tipologia,Tornado,1,ES,0.0072021570501857,6.608596799155138
Pré,tipo_tornado,Tipologia,Tornado,1,GO,0.0009021460068567,6.608596799155138
Pré,tipo_tornado,Tipologia,Tornado,1,MA,0.0010550168199057,6.608596799155138
Pré,tipo_tornado,Tipologia,Tornado,1,MG,0.0295105856425887,6.608596799155138
Pré,tipo_tornado,Tipologia,Tornado,1,MS,0.0094712119347746,6.608596799155138
Pré,tipo_tornado,Tipologia,Tornado,1,MT,0.1642953981288684,6.608596799155138
Pré,tipo_tornado,Tipologia,Tornado,1,PA,0.0008136333529069,6.608596799155138
Pré,tipo_tornado,Tipologia,Tornado,1,PB,0.0036340138411242,6.608596799155138
Pré,tipo_tornado,Tipologia,Tornado,1,PE,0.0006390495400526,6.608596799155138
Pré,tipo_tornado,Tipologia,Tornado,1,PI,0.0232641268621409,6.608596799155138
Pré,tipo_tornado,Tipologia,Tornado,1,PR,0.1193835307482049,6.608596799155138
Pré,tipo_tornado,Tipologia,Tornado,1,RJ,0.0004446934851805,6.608596799155138
Pré,tipo_tornado,Tipologia,Tornado,1,RN,0.0167095690800881,6.608596799155138
Pré,tipo_tornado,Tipologia,Tornado,1,RO,0.0052578419563349,6.608596799155138
Pré,tipo_tornado,Tipologia,Tornado,1,RR,0.0509285627263446,6.608596799155138
Pré,tipo_tornado,Tipologia,Tornado,1,RS,0.238704938458458,6.608596799155138
Pré,tipo_tornado,Tipologia,Tornado,1,SC,0.2114082266735437,6.608596799155138
Pré,tipo_tornado,Tipologia,Tornado,1,SE,0.0039980148332844,6.608596799155138
Pré,tipo_tornado,Tipologia,Tornado,1,SP,0.0322229623776448,6.608596799155138
Pré,tipo_tornado,Tipologia,Tornado,1,TO,0.004395167603282,6.608596799155138
Pré,tipo_vendavais_e_ciclones,Tipologia,Vendavais e Ciclones,14,AC,0.0012964754529185,3.6663115997045055
Pré,tipo_vendavais_e_ciclones,Tipologia,Vendavais e Ciclones,14,AL,0.003109702925995,3.6663115997045055
Pré,tipo_vendavais_e_ciclones,Tipologia,Vendavais e Ciclones,14,AM,0.0023161245006652,3.6663115997045055
Pré,tipo_vendavais_e_ciclones,Tipologia,Vendavais e Ciclones,14,AP,0.0073458181731246,3.6663115997045055
Pré,tipo_vendavais_e_ciclones,Tipologia,Vendavais e Ciclones,14,BA,0.0014354129644861,3.6663115997045055
Pré,tipo_vendavais_e_ciclones,Tipologia,Vendavais e Ciclones,14,CE,0.0001239497483563,3.6663115997045055
Pré,tipo_vendavais_e_ciclones,Tipologia,Vendavais e Ciclones,14,DF,0.0011324241244494,3.6663115997045055
Pré,tipo_vendavais_e_ciclones,Tipologia,Vendavais e Ciclones,14,ES,0.0054114347255395,3.6663115997045055
Pré,tipo_vendavais_e_ciclones,Tipologia,Vendavais e Ciclones,14,GO,0.0283204528190649,3.6663115997045055
Pré,tipo_vendavais_e_ciclones,Tipologia,Vendavais e Ciclones,14,MA,0.0024288967152597,3.6663115997045055
Pré,tipo_vendavais_e_ciclones,Tipologia,Vendavais e Ciclones,14,MG,0.002511136922359,3.6663115997045055
Pré,tipo_vendavais_e_ciclones,Tipologia,Vendavais e Ciclones,14,MS,3.79150527056168e-06,3.6663115997045055
Pré,tipo_vendavais_e_ciclones,Tipologia,Vendavais e Ciclones,14,MT,0.3838047305209875,3.6663115997045055
Pré,tipo_vendavais_e_ciclones,Tipologia,Vendavais e Ciclones,14,PA,0.0374949297738748,3.6663115997045055
Pré,tipo_vendavais_e_ciclones,Tipologia,Vendavais e Ciclones,14,PB,0.0045217738899206,3.6663115997045055
Pré,tipo_vendavais_e_ciclones,Tipologia,Vendavais e Ciclones,14,PE,0.0001400039937872,3.6663115997045055
Pré,tipo_vendavais_e_ciclones,Tipologia,Vendavais e Ciclones,14,PI,0.0103882797594137,3.6663115997045055
Pré,tipo_vendavais_e_ciclones,Tipologia,Vendavais e Ciclones,14,PR,0.0034361352333701,3.6663115997045055
Pré,tipo_vendavais_e_ciclones,Tipologia,Vendavais e Ciclones,14,RJ,0.0223474071657921,3.6663115997045055
Pré,tipo_vendavais_e_ciclones,Tipologia,Vendavais e Ciclones,14,RN,0.0009243706629373,3.6663115997045055
Pré,tipo_vendavais_e_ciclones,Tipologia,Vendavais e Ciclones,14,RO,0.0020026393058699,3.6663115997045055
Pré,tipo_vendavais_e_ciclones,Tipologia,Vendavais e Ciclones,14,RR,0.3402207662108653,3.6663115997045055
Pré,tipo_vendavais_e_ciclones,Tipologia,Vendavais e Ciclones,14,RS,0.06490664029612,3.6663115997045055
Pré,tipo_vendavais_e_ciclones,Tipologia,Vendavais e Ciclones,14,SC,0.009291753505925,3.6663115997045055
Pré,tipo_vendavais_e_ciclones,Tipologia,Vendavais e Ciclones,14,SE,0.0046367251835368,3.6663115997045055
Pré,tipo_vendavais_e_ciclones,Tipologia,Vendavais e Ciclones,14,SP,0.0472804885049244,3.6663115997045055
Pré,tipo_vendavais_e_ciclones,Tipologia,Vendavais e Ciclones,14,TO,0.0131677354151853,3.6663115997045055
Total,total_climatico,Central,Total climático / hidrometeorológico (COBRADE 12/13/14),1,AC,0.0807829720065651,4.334070179778305
Total,total_climatico,Central,Total climático / hidrometeorológico (COBRADE 12/13/14),1,AL,0.001121543828036,4.334070179778305
Total,total_climatico,Central,Total climático / hidrometeorológico (COBRADE 12/13/14),1,AM,0.0039005493877934,4.334070179778305
Total,total_climatico,Central,Total climático / hidrometeorológico (COBRADE 12/13/14),1,AP,0.0430838501008532,4.334070179778305
Total,total_climatico,Central,Total climático / hidrometeorológico (COBRADE 12/13/14),1,BA,0.0023561954888363,4.334070179778305
Total,total_climatico,Central,Total climático / hidrometeorológico (COBRADE 12/13/14),1,CE,0.0065462163885306,4.334070179778305
Total,total_climatico,Central,Total climático / hidrometeorológico (COBRADE 12/13/14),1,DF,1.679374046882731e-05,4.334070179778305
Total,total_climatico,Central,Total climático / hidrometeorológico (COBRADE 12/13/14),1,ES,0.0364151281521027,4.334070179778305
Total,total_climatico,Central,Total climático / hidrometeorológico (COBRADE 12/13/14),1,GO,0.0043531725438784,4.334070179778305
Total,total_climatico,Central,Total climático / hidrometeorológico (COBRADE 12/13/14),1,MA,0.0012742367931905,4.334070179778305
Total,total_climatico,Central,Total climático / hidrometeorológico (COBRADE 12/13/14),1,MG,0.0074057591004483,4.334070179778305
Total,total_climatico,Central,Total climático / hidrometeorológico (COBRADE 12/13/14),1,MS,0.1072773517965029,4.334070179778305
Total,total_climatico,Central,Total climático / hidrometeorológico (COBRADE 12/13/14),1,MT,0.4387887849433023,4.334070179778305
Total,total_climatico,Central,Total climático / hidrometeorológico (COBRADE 12/13/14),1,PA,0.0280524892011696,4.334070179778305
Total,total_climatico,Central,Total climático / hidrometeorológico (COBRADE 12/13/14),1,PB,0.0429060135398969,4.334070179778305
Total,total_climatico,Central,Total climático / hidrometeorológico (COBRADE 12/13/14),1,PE,0.0304345240389344,4.334070179778305
Total,total_climatico,Central,Total climático / hidrometeorológico (COBRADE 12/13/14),1,PI,0.0257609736633989,4.334070179778305
Total,total_climatico,Central,Total climático / hidrometeorológico (COBRADE 12/13/14),1,PR,0.0001106120575524,4.334070179778305
Total,total_climatico,Central,Total climático / hidrometeorológico (COBRADE 12/13/14),1,RJ,0.0010835957483369,4.334070179778305
Total,total_climatico,Central,Total climático / hidrometeorológico (COBRADE 12/13/14),1,RN,0.0004266783609666,4.334070179778305
Total,total_climatico,Central,Total climático / hidrometeorológico (COBRADE 12/13/14),1,RO,0.005679410608929,4.334070179778305
Total,total_climatico,Central,Total climático / hidrometeorológico (COBRADE 12/13/14),1,RR,0.1109569961367359,4.334070179778305
Total,total_climatico,Central,Total climático / hidrometeorológico (COBRADE 12/13/14),1,RS,0.0002026699388942,4.334070179778305
Total,total_climatico,Central,Total climático / hidrometeorológico (COBRADE 12/13/14),1,SC,0.0003756990266273,4.334070179778305
Total,total_climatico,Central,Total climático / hidrometeorológico (COBRADE 12/13/14),1,SE,0.0048440446821841,4.334070179778305
Total,total_climatico,Central,Total climático / hidrometeorológico (COBRADE 12/13/14),1,SP,5.1821508541870383e-08,4.334070179778305
Total,total_climatico,Central,Total climático / hidrometeorológico (COBRADE 12/13/14),1,TO,0.0158436869043551,4.334070179778305
Total,grupo_climatologico,Grupo,Climatológico,1,AC,0.0127012259023344,2.968069937383796
Total,grupo_climatologico,Grupo,Climatológico,1,AL,0.0004424003339277,2.968069937383796
Total,grupo_climatologico,Grupo,Climatológico,1,AM,0.0078917430946606,2.968069937383796
Total,grupo_climatologico,Grupo,Climatológico,1,AP,0.0111936833537006,2.968069937383796
Total,grupo_climatologico,Grupo,Climatológico,1,BA,0.004817045582147,2.968069937383796
Total,grupo_climatologico,Grupo,Climatológico,1,CE,0.0043889352974772,2.968069937383796
Total,grupo_climatologico,Grupo,Climatológico,1,DF,0.0029718362306656,2.968069937383796
Total,grupo_climatologico,Grupo,Climatológico,1,ES,0.0053858079340557,2.968069937383796
Total,grupo_climatologico,Grupo,Climatológico,1,GO,0.0054800887058151,2.968069937383796
Total,grupo_climatologico,Grupo,Climatológico,1,MA,0.0014834761111276,2.968069937383796
Total,grupo_climatologico,Grupo,Climatológico,1,MG,9.090608515661448e-06,2.968069937383796
Total,grupo_climatologico,Grupo,Climatológico,1,MS,0.0495212113956677,2.968069937383796
Total,grupo_climatologico,Grupo,Climatológico,1,MT,0.5570250051567076,2.968069937383796
Total,grupo_climatologico,Grupo,Climatológico,1,PA,0.0023066346433299,2.968069937383796
Total,grupo_climatologico,Grupo,Climatológico,1,PB,0.0038834475785527,2.968069937383796
Total,grupo_climatologico,Grupo,Climatológico,1,PE,0.1053596587525716,2.968069937383796
Total,grupo_climatologico,Grupo,Climatológico,1,PI,0.0452520620697369,2.968069937383796
Total,grupo_climatologico,Grupo,Climatológico,1,PR,0.000693133948909,2.968069937383796
Total,grupo_climatologico,Grupo,Climatológico,1,RJ,0.0001073197758735,2.968069937383796
Total,grupo_climatologico,Grupo,Climatológico,1,RN,0.0172220262880496,2.968069937383796
Total,grupo_climatologico,Grupo,Climatológico,1,RO,0.0307881953702681,2.968069937383796
Total,grupo_climatologico,Grupo,Climatológico,1,RR,0.0921210513586133,2.968069937383796
Total,grupo_climatologico,Grupo,Climatológico,1,RS,0.0280963649600169,2.968069937383796
Total,grupo_climatologico,Grupo,Climatológico,1,SC,0.0041532391834141,2.968069937383796
Total,grupo_climatologico,Grupo,Climatológico,1,SE,0.0002326274923141,2.968069937383796
Total,grupo_climatologico,Grupo,Climatológico,1,SP,0.0026496443564484,2.968069937383796
Total,grupo_climatologico,Grupo,Climatológico,1,TO,0.003823044515098,2.968069937383796
Total,grupo_hidrologico,Grupo,Hidrológico,1,AC,0.1759272912031882,8.596982249212475
Total,grupo_hidrologico,Grupo,Hidrológico,1,AL,0.0090026405154064,8.596982249212475
Total,grupo_hidrologico,Grupo,Hidrológico,1,AM,0.0612248014748624,8.596982249212475
Total,grupo_hidrologico,Grupo,Hidrológico,1,AP,0.0018752922691709,8.596982249212475
Total,grupo_hidrologico,Grupo,Hidrológico,1,BA,0.1487512929706367,8.596982249212475
Total,grupo_hidrologico,Grupo,Hidrológico,1,CE,0.0203122529095008,8.596982249212475
Total,grupo_hidrologico,Grupo,Hidrológico,1,DF,0.0285156371634238,8.596982249212475
Total,grupo_hidrologico,Grupo,Hidrológico,1,ES,0.0812190557056385,8.596982249212475
Total,grupo_hidrologico,Grupo,Hidrológico,1,GO,0.0011490432887169,8.596982249212475
Total,grupo_hidrologico,Grupo,Hidrológico,1,MA,0.0114871846131766,8.596982249212475
Total,grupo_hidrologico,Grupo,Hidrológico,1,MG,0.032506091959338,8.596982249212475
Total,grupo_hidrologico,Grupo,Hidrológico,1,MS,7.928829645826078e-05,8.596982249212475
Total,grupo_hidrologico,Grupo,Hidrológico,1,MT,0.0708924346187149,8.596982249212475
Total,grupo_hidrologico,Grupo,Hidrológico,1,PA,0.2007646477037795,8.596982249212475
Total,grupo_hidrologico,Grupo,Hidrológico,1,PB,0.0004778115060266,8.596982249212475
Total,grupo_hidrologico,Grupo,Hidrológico,1,PE,0.0458249217875739,8.596982249212475
Total,grupo_hidrologico,Grupo,Hidrológico,1,PI,0.02786395528053,8.596982249212475
Total,grupo_hidrologico,Grupo,Hidrológico,1,PR,0.0024645147227618,8.596982249212475
Total,grupo_hidrologico,Grupo,Hidrológico,1,RJ,0.0004787460570051,8.596982249212475
Total,grupo_hidrologico,Grupo,Hidrológico,1,RN,0.0024671622797223,8.596982249212475
Total,grupo_hidrologico,Grupo,Hidrológico,1,RO,0.0087122750540049,8.596982249212475
Total,grupo_hidrologico,Grupo,Hidrológico,1,RR,0.008606325338167,8.596982249212475
Total,grupo_hidrologico,Grupo,Hidrológico,1,RS,0.0003632123296475,8.596982249212475
Total,grupo_hidrologico,Grupo,Hidrológico,1,SC,0.0427300846629869,8.596982249212475
Total,grupo_hidrologico,Grupo,Hidrológico,1,SE,0.0140602260560433,8.596982249212475
Total,grupo_hidrologico,Grupo,Hidrológico,1,SP,0.0011127735656104,8.596982249212475
Total,grupo_hidrologico,Grupo,Hidrológico,1,TO,0.0011310366679075,8.596982249212475
Total,grupo_meteorologico,Grupo,Meteorológico,9,AC,0.0025206373824055,2.688914415036524
Total,grupo_meteorologico,Grupo,Meteorológico,9,AL,0.0011723986967687,2.688914415036524
Total,grupo_meteorologico,Grupo,Meteorológico,9,AM,0.0007160650878599,2.688914415036524
Total,grupo_meteorologico,Grupo,Meteorológico,9,AP,0.0044938949914167,2.688914415036524
Total,grupo_meteorologico,Grupo,Meteorológico,9,BA,0.0007523771778212,2.688914415036524
Total,grupo_meteorologico,Grupo,Meteorológico,9,CE,8.76355829829746e-05,2.688914415036524
Total,grupo_meteorologico,Grupo,Meteorológico,9,DF,0.0125312795168571,2.688914415036524
Total,grupo_meteorologico,Grupo,Meteorológico,9,ES,0.0431375572942678,2.688914415036524
Total,grupo_meteorologico,Grupo,Meteorológico,9,GO,0.0004971038771825,2.688914415036524
Total,grupo_meteorologico,Grupo,Meteorológico,9,MA,0.0007652222206078,2.688914415036524
Total,grupo_meteorologico,Grupo,Meteorológico,9,MG,0.0652257307419184,2.688914415036524
Total,grupo_meteorologico,Grupo,Meteorológico,9,MS,0.1532704043970525,2.688914415036524
Total,grupo_meteorologico,Grupo,Meteorológico,9,MT,0.580243542383254,2.688914415036524
Total,grupo_meteorologico,Grupo,Meteorológico,9,PA,0.0030814614457234,2.688914415036524
Total,grupo_meteorologico,Grupo,Meteorológico,9,PB,8.345637463265119e-06,2.688914415036524
Total,grupo_meteorologico,Grupo,Meteorológico,9,PE,0.0013523720780839,2.688914415036524
Total,grupo_meteorologico,Grupo,Meteorológico,9,PI,0.0049962448373393,2.688914415036524
Total,grupo_meteorologico,Grupo,Meteorológico,9,PR,0.003321783155453,2.688914415036524
Total,grupo_meteorologico,Grupo,Meteorológico,9,RJ,0.0115929238394703,2.688914415036524
Total,grupo_meteorologico,Grupo,Meteorológico,9,RN,0.0011320458675959,2.688914415036524
Total,grupo_meteorologico,Grupo,Meteorológico,9,RO,0.0115357921417823,2.688914415036524
Total,grupo_meteorologico,Grupo,Meteorológico,9,RR,0.0018990070620446,2.688914415036524
Total,grupo_meteorologico,Grupo,Meteorológico,9,RS,0.0690263964612944,2.688914415036524
Total,grupo_meteorologico,Grupo,Meteorológico,9,SC,0.0009449671978243,2.688914415036524
Total,grupo_meteorologico,Grupo,Meteorológico,9,SE,3.1976869866881935e-05,2.688914415036524
Total,grupo_meteorologico,Grupo,Meteorológico,9,SP,0.0110589478972278,2.688914415036524
Total,grupo_meteorologico,Grupo,Meteorológico,9,TO,0.0146038861584346,2.688914415036524
Total,grupo_outros,Grupo,Outros,1,AC,0.0004749101534628,6.073173913254836
Total,grupo_outros,Grupo,Outros,1,AL,0.0001991173171461,6.073173913254836
Total,grupo_outros,Grupo,Outros,1,AM,0.0417696869766078,6.073173913254836
Total,grupo_outros,Grupo,Outros,1,AP,0.0044068821583117,6.073173913254836
Total,grupo_outros,Grupo,Outros,1,BA,0.0199174993297083,6.073173913254836
Total,grupo_outros,Grupo,Outros,1,CE,0.0114923789264327,6.073173913254836
Total,grupo_outros,Grupo,Outros,1,DF,0.0004148258927619,6.073173913254836
Total,grupo_outros,Grupo,Outros,1,ES,0.2566734989195954,6.073173913254836
Total,grupo_outros,Grupo,Outros,1,GO,0.043568066880475,6.073173913254836
Total,grupo_outros,Grupo,Outros,1,MA,0.0306193250491112,6.073173913254836
Total,grupo_outros,Grupo,Outros,1,MG,0.0056404362924353,6.073173913254836
Total,grupo_outros,Grupo,Outros,1,MS,0.0009023023968723,6.073173913254836
Total,grupo_outros,Grupo,Outros,1,MT,0.1178724251021515,6.073173913254836
Total,grupo_outros,Grupo,Outros,1,PA,0.0430107687385909,6.073173913254836
Total,grupo_outros,Grupo,Outros,1,PB,0.001564508805189,6.073173913254836
Total,grupo_outros,Grupo,Outros,1,PE,0.0015382887838727,6.073173913254836
Total,grupo_outros,Grupo,Outros,1,PI,0.0315335863738228,6.073173913254836
Total,grupo_outros,Grupo,Outros,1,PR,0.0010333470316047,6.073173913254836
Total,grupo_outros,Grupo,Outros,1,RJ,0.0072623583454381,6.073173913254836
Total,grupo_outros,Grupo,Outros,1,RN,0.0506742552172494,6.073173913254836
Total,grupo_outros,Grupo,Outros,1,RO,0.0012647952978852,6.073173913254836
Total,grupo_outros,Grupo,Outros,1,RR,0.2708687083625687,6.073173913254836
Total,grupo_outros,Grupo,Outros,1,RS,0.0075191583144096,6.073173913254836
Total,grupo_outros,Grupo,Outros,1,SC,0.0118206923361167,6.073173913254836
Total,grupo_outros,Grupo,Outros,1,SE,0.024014143703143,6.073173913254836
Total,grupo_outros,Grupo,Outros,1,SP,0.0048222921684091,6.073173913254836
Total,grupo_outros,Grupo,Outros,1,TO,0.009121741126627,6.073173913254836
Total,tipo_alagamentos,Tipologia,Alagamentos,1,AC,0.0332521026611378,4.527320948752787
Total,tipo_alagamentos,Tipologia,Alagamentos,1,AL,0.0095586508057101,4.527320948752787
Total,tipo_alagamentos,Tipologia,Alagamentos,1,AM,0.0070896128202429,4.527320948752787
Total,tipo_alagamentos,Tipologia,Alagamentos,1,AP,0.0178979836734936,4.527320948752787
Total,tipo_alagamentos,Tipologia,Alagamentos,1,BA,0.0053223654797793,4.527320948752787
Total,tipo_alagamentos,Tipologia,Alagamentos,1,CE,4.625431410489704e-05,4.527320948752787
Total,tipo_alagamentos,Tipologia,Alagamentos,1,DF,0.016695751660681,4.527320948752787
Total,tipo_alagamentos,Tipologia,Alagamentos,1,ES,0.058653714495054,4.527320948752787
Total,tipo_alagamentos,Tipologia,Alagamentos,1,GO,0.0003540177208415,4.527320948752787
Total,tipo_alagamentos,Tipologia,Alagamentos,1,MA,0.0536858256382221,4.527320948752787
Total,tipo_alagamentos,Tipologia,Alagamentos,1,MG,0.0048959553942069,4.527320948752787
Total,tipo_alagamentos,Tipologia,Alagamentos,1,MS,0.0772326817209032,4.527320948752787
Total,tipo_alagamentos,Tipologia,Alagamentos,1,MT,0.0134078279154947,4.527320948752787
Total,tipo_alagamentos,Tipologia,Alagamentos,1,PA,0.434690621691406,4.527320948752787
Total,tipo_alagamentos,Tipologia,Alagamentos,1,PB,0.0013773891052421,4.527320948752787
Total,tipo_alagamentos,Tipologia,Alagamentos,1,PE,0.0426004192652966,4.527320948752787
Total,tipo_alagamentos,Tipologia,Alagamentos,1,PI,0.1184079894473758,4.527320948752787
Total,tipo_alagamentos,Tipologia,Alagamentos,1,PR,0.0232469288259571,4.527320948752787
Total,tipo_alagamentos,Tipologia,Alagamentos,1,RJ,0.0014729212449758,4.527320948752787
Total,tipo_alagamentos,Tipologia,Alagamentos,1,RN,0.0225422784712867,4.527320948752787
Total,tipo_alagamentos,Tipologia,Alagamentos,1,RO,0.0014198576603709,4.527320948752787
Total,tipo_alagamentos,Tipologia,Alagamentos,1,RR,0.0046971786848469,4.527320948752787
Total,tipo_alagamentos,Tipologia,Alagamentos,1,RS,0.0094801399247676,4.527320948752787
Total,tipo_alagamentos,Tipologia,Alagamentos,1,SC,0.0172726316060752,4.527320948752787
Total,tipo_alagamentos,Tipologia,Alagamentos,1,SE,0.0128180250585295,4.527320948752787
Total,tipo_alagamentos,Tipologia,Alagamentos,1,SP,0.0024580828050068,4.527320948752787
Total,tipo_alagamentos,Tipologia,Alagamentos,1,TO,0.0094227919089898,4.527320948752787
Total,tipo_chuvas_intensas,Tipologia,Chuvas Intensas,16,AC,0.0040820887807321,2.858568587875855
Total,tipo_chuvas_intensas,Tipologia,Chuvas Intensas,16,AL,0.0218649358057932,2.858568587875855
Total,tipo_chuvas_intensas,Tipologia,Chuvas Intensas,16,AM,0.0003923596696599,2.858568587875855
Total,tipo_chuvas_intensas,Tipologia,Chuvas Intensas,16,AP,0.0012943525152642,2.858568587875855
Total,tipo_chuvas_intensas,Tipologia,Chuvas Intensas,16,BA,0.0361420128134794,2.858568587875855
Total,tipo_chuvas_intensas,Tipologia,Chuvas Intensas,16,CE,0.0056310907691554,2.858568587875855
Total,tipo_chuvas_intensas,Tipologia,Chuvas Intensas,16,DF,0.0045861614506149,2.858568587875855
Total,tipo_chuvas_intensas,Tipologia,Chuvas Intensas,16,ES,0.0069900996676559,2.858568587875855
Total,tipo_chuvas_intensas,Tipologia,Chuvas Intensas,16,GO,0.0040951743072831,2.858568587875855
Total,tipo_chuvas_intensas,Tipologia,Chuvas Intensas,16,MA,0.0020700659435489,2.858568587875855
Total,tipo_chuvas_intensas,Tipologia,Chuvas Intensas,16,MG,0.0009566620983936,2.858568587875855
Total,tipo_chuvas_intensas,Tipologia,Chuvas Intensas,16,MS,0.216109793811941,2.858568587875855
Total,tipo_chuvas_intensas,Tipologia,Chuvas Intensas,16,MT,0.5440394675592325,2.858568587875855
Total,tipo_chuvas_intensas,Tipologia,Chuvas Intensas,16,PA,0.0073984799889785,2.858568587875855
Total,tipo_chuvas_intensas,Tipologia,Chuvas Intensas,16,PB,0.00290374759309,2.858568587875855
Total,tipo_chuvas_intensas,Tipologia,Chuvas Intensas,16,PE,0.0080485754519341,2.858568587875855
Total,tipo_chuvas_intensas,Tipologia,Chuvas Intensas,16,PI,0.0008662630368242,2.858568587875855
Total,tipo_chuvas_intensas,Tipologia,Chuvas Intensas,16,PR,0.0040129580585591,2.858568587875855
Total,tipo_chuvas_intensas,Tipologia,Chuvas Intensas,16,RJ,0.048782635686959,2.858568587875855
Total,tipo_chuvas_intensas,Tipologia,Chuvas Intensas,16,RN,0.0011479913812159,2.858568587875855
Total,tipo_chuvas_intensas,Tipologia,Chuvas Intensas,16,RO,0.0010568341869607,2.858568587875855
Total,tipo_chuvas_intensas,Tipologia,Chuvas Intensas,16,RR,0.0002620525374531,2.858568587875855
Total,tipo_chuvas_intensas,Tipologia,Chuvas Intensas,16,RS,0.0355305997856694,2.858568587875855
Total,tipo_chuvas_intensas,Tipologia,Chuvas Intensas,16,SC,0.0376863940461896,2.858568587875855
Total,tipo_chuvas_intensas,Tipologia,Chuvas Intensas,16,SE,0.0004218820277969,2.858568587875855
Total,tipo_chuvas_intensas,Tipologia,Chuvas Intensas,16,SP,0.0021014287783891,2.858568587875855
Total,tipo_chuvas_intensas,Tipologia,Chuvas Intensas,16,TO,0.0015258922472251,2.858568587875855
Total,tipo_doencas_infecciosas,Tipologia,Doenças infecciosas,1,AC,0.0007520270083397,2.797418669087295
Total,tipo_doencas_infecciosas,Tipologia,Doenças infecciosas,1,AL,0.0008803893229052,2.797418669087295
Total,tipo_doencas_infecciosas,Tipologia,Doenças infecciosas,1,AM,0.0031334162762384,2.797418669087295
Total,tipo_doencas_infecciosas,Tipologia,Doenças infecciosas,1,AP,0.078626809032526,2.797418669087295
Total,tipo_doencas_infecciosas,Tipologia,Doenças infecciosas,1,BA,0.0013040584597367,2.797418669087295
Total,tipo_doencas_infecciosas,Tipologia,Doenças infecciosas,1,CE,9.540194674676248e-06,2.797418669087295
Total,tipo_doencas_infecciosas,Tipologia,Doenças infecciosas,1,DF,0.0002524221525703,2.797418669087295
Total,tipo_doencas_infecciosas,Tipologia,Doenças infecciosas,1,ES,1.059689099213982e-05,2.797418669087295
Total,tipo_doencas_infecciosas,Tipologia,Doenças infecciosas,1,GO,0.0012360293019228,2.797418669087295
Total,tipo_doencas_infecciosas,Tipologia,Doenças infecciosas,1,MA,0.0008540068328106,2.797418669087295
Total,tipo_doencas_infecciosas,Tipologia,Doenças infecciosas,1,MG,0.0001913610779105,2.797418669087295
Total,tipo_doencas_infecciosas,Tipologia,Doenças infecciosas,1,MS,0.1321892106689926,2.797418669087295
Total,tipo_doencas_infecciosas,Tipologia,Doenças infecciosas,1,MT,0.0074873656939606,2.797418669087295
Total,tipo_doencas_infecciosas,Tipologia,Doenças infecciosas,1,PA,0.0082089167820851,2.797418669087295
Total,tipo_doencas_infecciosas,Tipologia,Doenças infecciosas,1,PB,0.0003915459647808,2.797418669087295
Total,tipo_doencas_infecciosas,Tipologia,Doenças infecciosas,1,PE,0.0061271448481078,2.797418669087295
Total,tipo_doencas_infecciosas,Tipologia,Doenças infecciosas,1,PI,6.396201413977894e-06,2.797418669087295
Total,tipo_doencas_infecciosas,Tipologia,Doenças infecciosas,1,PR,0.0010475112829573,2.797418669087295
Total,tipo_doencas_infecciosas,Tipologia,Doenças infecciosas,1,RJ,0.0021759671442834,2.797418669087295
Total,tipo_doencas_infecciosas,Tipologia,Doenças infecciosas,1,RN,0.0141987004692982,2.797418669087295
Total,tipo_doencas_infecciosas,Tipologia,Doenças infecciosas,1,RO,5.453292513009141e-05,2.797418669087295
Total,tipo_doencas_infecciosas,Tipologia,Doenças infecciosas,1,RR,0.5465375300766263,2.797418669087295
Total,tipo_doencas_infecciosas,Tipologia,Doenças infecciosas,1,RS,1.34149327714252e-05,2.797418669087295
Total,tipo_doencas_infecciosas,Tipologia,Doenças infecciosas,1,SC,0.0080183852966718,2.797418669087295
Total,tipo_doencas_infecciosas,Tipologia,Doenças infecciosas,1,SE,0.1861850665868825,2.797418669087295
Total,tipo_doencas_infecciosas,Tipologia,Doenças infecciosas,1,SP,3.111950456500397e-05,2.797418669087295
Total,tipo_doencas_infecciosas,Tipologia,Doenças infecciosas,1,TO,7.653507084510117e-05,2.797418669087295
Total,tipo_enxurradas,Tipologia,Enxurradas,1,AC,0.0056059766217077,2.783696961225277
Total,tipo_enxurradas,Tipologia,Enxurradas,1,AL,0.0060317095358869,2.783696961225277
Total,tipo_enxurradas,Tipologia,Enxurradas,1,AM,0.0008470031108529,2.783696961225277
Total,tipo_enxurradas,Tipologia,Enxurradas,1,AP,6.282589180420285e-05,2.783696961225277
Total,tipo_enxurradas,Tipologia,Enxurradas,1,BA,0.027806821573911,2.783696961225277
Total,tipo_enxurradas,Tipologia,Enxurradas,1,CE,0.0095872176796569,2.783696961225277
Total,tipo_enxurradas,Tipologia,Enxurradas,1,DF,0.0024076658470728,2.783696961225277
Total,tipo_enxurradas,Tipologia,Enxurradas,1,ES,0.0010449214107624,2.783696961225277
Total,tipo_enxurradas,Tipologia,Enxurradas,1,GO,0.000387095446277,2.783696961225277
Total,tipo_enxurradas,Tipologia,Enxurradas,1,MA,0.0041145018009495,2.783696961225277
Total,tipo_enxurradas,Tipologia,Enxurradas,1,MG,0.003520682474739,2.783696961225277
Total,tipo_enxurradas,Tipologia,Enxurradas,1,MS,0.0109351297522658,2.783696961225277
Total,tipo_enxurradas,Tipologia,Enxurradas,1,MT,0.4635682555596703,2.783696961225277
Total,tipo_enxurradas,Tipologia,Enxurradas,1,PA,0.376949726016835,2.783696961225277
Total,tipo_enxurradas,Tipologia,Enxurradas,1,PB,1.6635850497641226e-05,2.783696961225277
Total,tipo_enxurradas,Tipologia,Enxurradas,1,PE,0.0013496777446975,2.783696961225277
Total,tipo_enxurradas,Tipologia,Enxurradas,1,PI,0.0110362053484157,2.783696961225277
Total,tipo_enxurradas,Tipologia,Enxurradas,1,PR,0.0185304322195435,2.783696961225277
Total,tipo_enxurradas,Tipologia,Enxurradas,1,RJ,0.0188044402769206,2.783696961225277
Total,tipo_enxurradas,Tipologia,Enxurradas,1,RN,0.0085893018362863,2.783696961225277
Total,tipo_enxurradas,Tipologia,Enxurradas,1,RO,0.0036352099737453,2.783696961225277
Total,tipo_enxurradas,Tipologia,Enxurradas,1,RR,0.0007735231907875,2.783696961225277
Total,tipo_enxurradas,Tipologia,Enxurradas,1,RS,0.008761423233631,2.783696961225277
Total,tipo_enxurradas,Tipologia,Enxurradas,1,SC,0.0015982086034489,2.783696961225277
Total,tipo_enxurradas,Tipologia,Enxurradas,1,SE,0.0008154056645477,2.783696961225277
Total,tipo_enxurradas,Tipologia,Enxurradas,1,SP,0.0001788711587471,2.783696961225277
Total,tipo_enxurradas,Tipologia,Enxurradas,1,TO,0.0130411321763385,2.783696961225277
Total,tipo_erosao,Tipologia,Erosão,1,AC,0.0009603575553651,3.769354822556753
Total,tipo_erosao,Tipologia,Erosão,1,AL,0.0078227312944271,3.769354822556753
Total,tipo_erosao,Tipologia,Erosão,1,AM,0.0588940147755708,3.769354822556753
Total,tipo_erosao,Tipologia,Erosão,1,AP,0.0022851741815577,3.769354822556753
Total,tipo_erosao,Tipologia,Erosão,1,BA,0.0112025295076238,3.769354822556753
Total,tipo_erosao,Tipologia,Erosão,1,CE,0.0130274886347191,3.769354822556753
Total,tipo_erosao,Tipologia,Erosão,1,DF,0.000704569448678,3.769354822556753
Total,tipo_erosao,Tipologia,Erosão,1,ES,0.0010055040157762,3.769354822556753
Total,tipo_erosao,Tipologia,Erosão,1,GO,0.1336968258016573,3.769354822556753
Total,tipo_erosao,Tipologia,Erosão,1,MA,0.0538536095824675,3.769354822556753
Total,tipo_erosao,Tipologia,Erosão,1,MG,0.0060221428943949,3.769354822556753
Total,tipo_erosao,Tipologia,Erosão,1,MS,0.066335020903729,3.769354822556753
Total,tipo_erosao,Tipologia,Erosão,1,MT,0.4813712248372181,3.769354822556753
Total,tipo_erosao,Tipologia,Erosão,1,PA,0.0457413064820389,3.769354822556753
Total,tipo_erosao,Tipologia,Erosão,1,PB,0.0083850162261923,3.769354822556753
Total,tipo_erosao,Tipologia,Erosão,1,PE,0.007515855303533,3.769354822556753
Total,tipo_erosao,Tipologia,Erosão,1,PI,0.0006350230051036,3.769354822556753
Total,tipo_erosao,Tipologia,Erosão,1,PR,0.0002520513171549,3.769354822556753
Total,tipo_erosao,Tipologia,Erosão,1,RJ,0.0364670312518041,3.769354822556753
Total,tipo_erosao,Tipologia,Erosão,1,RN,0.0212510810812252,3.769354822556753
Total,tipo_erosao,Tipologia,Erosão,1,RO,0.0046840874422865,3.769354822556753
Total,tipo_erosao,Tipologia,Erosão,1,RR,0.0011383606104924,3.769354822556753
Total,tipo_erosao,Tipologia,Erosão,1,RS,0.0010237038851633,3.769354822556753
Total,tipo_erosao,Tipologia,Erosão,1,SC,0.0032890033628925,3.769354822556753
Total,tipo_erosao,Tipologia,Erosão,1,SE,0.0018596157739434,3.769354822556753
Total,tipo_erosao,Tipologia,Erosão,1,SP,0.0115528808484918,3.769354822556753
Total,tipo_erosao,Tipologia,Erosão,1,TO,0.0190237899764925,3.769354822556753
Total,tipo_estiagem_e_seca,Tipologia,Estiagem e Seca,1,AC,0.0424212462483424,9.621848528834132
Total,tipo_estiagem_e_seca,Tipologia,Estiagem e Seca,1,AL,0.0036688470180668,9.621848528834132
Total,tipo_estiagem_e_seca,Tipologia,Estiagem e Seca,1,AM,0.0025043575801298,9.621848528834132
Total,tipo_estiagem_e_seca,Tipologia,Estiagem e Seca,1,AP,0.0066884859376214,9.621848528834132
Total,tipo_estiagem_e_seca,Tipologia,Estiagem e Seca,1,BA,0.0076428354783394,9.621848528834132
Total,tipo_estiagem_e_seca,Tipologia,Estiagem e Seca,1,CE,0.0403924341195152,9.621848528834132
Total,tipo_estiagem_e_seca,Tipologia,Estiagem e Seca,1,DF,3.79534967253075e-05,9.621848528834132
Total,tipo_estiagem_e_seca,Tipologia,Estiagem e Seca,1,ES,0.0045580125420108,9.621848528834132
Total,tipo_estiagem_e_seca,Tipologia,Estiagem e Seca,1,GO,0.0029878771590315,9.621848528834132
Total,tipo_estiagem_e_seca,Tipologia,Estiagem e Seca,1,MA,0.0006183122582273,9.621848528834132
Total,tipo_estiagem_e_seca,Tipologia,Estiagem e Seca,1,MG,0.0181884024416222,9.621848528834132
Total,tipo_estiagem_e_seca,Tipologia,Estiagem e Seca,1,MS,0.0114879003842479,9.621848528834132
Total,tipo_estiagem_e_seca,Tipologia,Estiagem e Seca,1,MT,0.0651361916905507,9.621848528834132
Total,tipo_estiagem_e_seca,Tipologia,Estiagem e Seca,1,PA,0.0189616777312874,9.621848528834132
Total,tipo_estiagem_e_seca,Tipologia,Estiagem e Seca,1,PB,0.0073620732209777,9.621848528834132
Total,tipo_estiagem_e_seca,Tipologia,Estiagem e Seca,1,PE,0.1558410273998348,9.621848528834132
Total,tipo_estiagem_e_seca,Tipologia,Estiagem e Seca,1,PI,0.1215621803050822,9.621848528834132
Total,tipo_estiagem_e_seca,Tipologia,Estiagem e Seca,1,PR,0.0048987963146695,9.621848528834132
Total,tipo_estiagem_e_seca,Tipologia,Estiagem e Seca,1,RJ,0.024069857456267,9.621848528834132
Total,tipo_estiagem_e_seca,Tipologia,Estiagem e Seca,1,RN,0.1683375258169503,9.621848528834132
Total,tipo_estiagem_e_seca,Tipologia,Estiagem e Seca,1,RO,0.1039258777319642,9.621848528834132
Total,tipo_estiagem_e_seca,Tipologia,Estiagem e Seca,1,RR,0.1130291097526738,9.621848528834132
Total,tipo_estiagem_e_seca,Tipologia,Estiagem e Seca,1,RS,0.0594468091708106,9.621848528834132
Total,tipo_estiagem_e_seca,Tipologia,Estiagem e Seca,1,SC,0.0040581522004923,9.621848528834132
Total,tipo_estiagem_e_seca,Tipologia,Estiagem e Seca,1,SE,0.0094596112315284,9.621848528834132
Total,tipo_estiagem_e_seca,Tipologia,Estiagem e Seca,1,SP,0.0002617841738315,9.621848528834132
Total,tipo_estiagem_e_seca,Tipologia,Estiagem e Seca,1,TO,0.0024526611391982,9.621848528834132
Total,tipo_granizo,Tipologia,Granizo,1,AC,0.0068306916561028,2.562632695966258
Total,tipo_granizo,Tipologia,Granizo,1,AL,1.449446555605471e-05,2.562632695966258
Total,tipo_granizo,Tipologia,Granizo,1,AM,0.0006963480943741,2.562632695966258
Total,tipo_granizo,Tipologia,Granizo,1,AP,0.0047551233088522,2.562632695966258
Total,tipo_granizo,Tipologia,Granizo,1,BA,0.0078151532565326,2.562632695966258
Total,tipo_granizo,Tipologia,Granizo,1,CE,0.0008634307212089,2.562632695966258
Total,tipo_granizo,Tipologia,Granizo,1,DF,0.0017087599304418,2.562632695966258
Total,tipo_granizo,Tipologia,Granizo,1,ES,0.0005496018427865,2.562632695966258
Total,tipo_granizo,Tipologia,Granizo,1,GO,0.0004026524159875,2.562632695966258
Total,tipo_granizo,Tipologia,Granizo,1,MA,0.0031006176786782,2.562632695966258
Total,tipo_granizo,Tipologia,Granizo,1,MG,4.382929196805613e-05,2.562632695966258
Total,tipo_granizo,Tipologia,Granizo,1,MS,0.0023294798272344,2.562632695966258
Total,tipo_granizo,Tipologia,Granizo,1,MT,0.00687775171184,2.562632695966258
Total,tipo_granizo,Tipologia,Granizo,1,PA,0.0044600305858281,2.562632695966258
Total,tipo_granizo,Tipologia,Granizo,1,PB,0.0001175346989213,2.562632695966258
Total,tipo_granizo,Tipologia,Granizo,1,PE,0.0018172930557052,2.562632695966258
Total,tipo_granizo,Tipologia,Granizo,1,PI,2.9981387397002487e-06,2.562632695966258
Total,tipo_granizo,Tipologia,Granizo,1,PR,0.0143235252455243,2.562632695966258
Total,tipo_granizo,Tipologia,Granizo,1,RJ,0.0323115059257019,2.562632695966258
Total,tipo_granizo,Tipologia,Granizo,1,RN,8.495358431649074e-06,2.562632695966258
Total,tipo_granizo,Tipologia,Granizo,1,RO,6.48735652736016e-05,2.562632695966258
Total,tipo_granizo,Tipologia,Granizo,1,RR,0.023399664348959,2.562632695966258
Total,tipo_granizo,Tipologia,Granizo,1,RS,0.4882649850898604,2.562632695966258
Total,tipo_granizo,Tipologia,Granizo,1,SC,0.3869467940467977,2.562632695966258
Total,tipo_granizo,Tipologia,Granizo,1,SE,0.0002905523358576,2.562632695966258
Total,tipo_granizo,Tipologia,Granizo,1,SP,0.0046257255722912,2.562632695966258
Total,tipo_granizo,Tipologia,Granizo,1,TO,0.007378087830544,2.562632695966258
Total,tipo_incendio_florestal,Tipologia,Incêndio Florestal,6,AC,0.0104748179251631,3.415789116052239
Total,tipo_incendio_florestal,Tipologia,Incêndio Florestal,6,AL,0.0028967669150762,3.415789116052239
Total,tipo_incendio_florestal,Tipologia,Incêndio Florestal,6,AM,0.0008022123980798,3.415789116052239
Total,tipo_incendio_florestal,Tipologia,Incêndio Florestal,6,AP,0.0005555502067826,3.415789116052239
Total,tipo_incendio_florestal,Tipologia,Incêndio Florestal,6,BA,0.0615428441972988,3.415789116052239
Total,tipo_incendio_florestal,Tipologia,Incêndio Florestal,6,CE,0.0062606282207659,3.415789116052239
Total,tipo_incendio_florestal,Tipologia,Incêndio Florestal,6,DF,0.009001201398588,3.415789116052239
Total,tipo_incendio_florestal,Tipologia,Incêndio Florestal,6,ES,0.0039409088925892,3.415789116052239
Total,tipo_incendio_florestal,Tipologia,Incêndio Florestal,6,GO,0.0065016109882863,3.415789116052239
Total,tipo_incendio_florestal,Tipologia,Incêndio Florestal,6,MA,0.0717171460570179,3.415789116052239
Total,tipo_incendio_florestal,Tipologia,Incêndio Florestal,6,MG,0.0035946445328842,3.415789116052239
Total,tipo_incendio_florestal,Tipologia,Incêndio Florestal,6,MS,0.2537362552323093,3.415789116052239
Total,tipo_incendio_florestal,Tipologia,Incêndio Florestal,6,MT,0.4658325073843749,3.415789116052239
Total,tipo_incendio_florestal,Tipologia,Incêndio Florestal,6,PA,0.0012181513250026,3.415789116052239
Total,tipo_incendio_florestal,Tipologia,Incêndio Florestal,6,PB,0.0059749667760262,3.415789116052239
Total,tipo_incendio_florestal,Tipologia,Incêndio Florestal,6,PE,0.000302864381306,3.415789116052239
Total,tipo_incendio_florestal,Tipologia,Incêndio Florestal,6,PI,0.0057763088964169,3.415789116052239
Total,tipo_incendio_florestal,Tipologia,Incêndio Florestal,6,PR,0.0021424639520604,3.415789116052239
Total,tipo_incendio_florestal,Tipologia,Incêndio Florestal,6,RJ,0.0113406929499112,3.415789116052239
Total,tipo_incendio_florestal,Tipologia,Incêndio Florestal,6,RN,0.0024990595950496,3.415789116052239
Total,tipo_incendio_florestal,Tipologia,Incêndio Florestal,6,RO,0.001718152548432,3.415789116052239
Total,tipo_incendio_florestal,Tipologia,Incêndio Florestal,6,RR,0.035158745598248,3.415789116052239
Total,tipo_incendio_florestal,Tipologia,Incêndio Florestal,6,RS,0.0007711216201468,3.415789116052239
Total,tipo_incendio_florestal,Tipologia,Incêndio Florestal,6,SC,0.002416303798363,3.415789116052239
Total,tipo_incendio_florestal,Tipologia,Incêndio Florestal,6,SE,0.0006200710150648,3.415789116052239
Total,tipo_incendio_florestal,Tipologia,Incêndio Florestal,6,SP,0.0246014790847234,3.415789116052239
Total,tipo_incendio_florestal,Tipologia,Incêndio Florestal,6,TO,0.0086025241100315,3.415789116052239
Total,tipo_inundacoes,Tipologia,Inundações,1,AC,0.4168482488241679,4.256225530016659
Total,tipo_inundacoes,Tipologia,Inundações,1,AL,0.0007195759474547,4.256225530016659
Total,tipo_inundacoes,Tipologia,Inundações,1,AM,0.081840730904399,4.256225530016659
Total,tipo_inundacoes,Tipologia,Inundações,1,AP,0.0376108728886957,4.256225530016659
Total,tipo_inundacoes,Tipologia,Inundações,1,BA,0.0063284614754714,4.256225530016659
Total,tipo_inundacoes,Tipologia,Inundações,1,CE,0.0003303665615411,4.256225530016659
Total,tipo_inundacoes,Tipologia,Inundações,1,DF,0.0071815891288969,4.256225530016659
Total,tipo_inundacoes,Tipologia,Inundações,1,ES,0.0075296438596759,4.256225530016659
Total,tipo_inundacoes,Tipologia,Inundações,1,GO,0.0022927242496643,4.256225530016659
Total,tipo_inundacoes,Tipologia,Inundações,1,MA,0.1829775392846858,4.256225530016659
Total,tipo_inundacoes,Tipologia,Inundações,1,MG,0.0015242945638773,4.256225530016659
Total,tipo_inundacoes,Tipologia,Inundações,1,MS,0.0010265977256403,4.256225530016659
Total,tipo_inundacoes,Tipologia,Inundações,1,MT,0.0347554658630855,4.256225530016659
Total,tipo_inundacoes,Tipologia,Inundações,1,PA,0.1316470864227625,4.256225530016659
Total,tipo_inundacoes,Tipologia,Inundações,1,PB,4.519265418922644e-05,4.256225530016659
Total,tipo_inundacoes,Tipologia,Inundações,1,PE,0.0143956297140841,4.256225530016659
Total,tipo_inundacoes,Tipologia,Inundações,1,PI,0.0119308112135251,4.256225530016659
Total,tipo_inundacoes,Tipologia,Inundações,1,PR,0.0049502331631137,4.256225530016659
Total,tipo_inundacoes,Tipologia,Inundações,1,RJ,0.0062906667188439,4.256225530016659
Total,tipo_inundacoes,Tipologia,Inundações,1,RN,0.0065469413831921,4.256225530016659
Total,tipo_inundacoes,Tipologia,Inundações,1,RO,0.0023253880597197,4.256225530016659
Total,tipo_inundacoes,Tipologia,Inundações,1,RR,0.007203874518714,4.256225530016659
Total,tipo_inundacoes,Tipologia,Inundações,1,RS,0.017464383720311,4.256225530016659
Total,tipo_inundacoes,Tipologia,Inundações,1,SC,0.0033711854480409,4.256225530016659
Total,tipo_inundacoes,Tipologia,Inundações,1,SE,0.0017765745860664,4.256225530016659
Total,tipo_inundacoes,Tipologia,Inundações,1,SP,0.0067581626312289,4.256225530016659
Total,tipo_inundacoes,Tipologia,Inundações,1,TO,0.0043277584889514,4.256225530016659
Total,tipo_movimento_de_massa,Tipologia,Movimento de Massa,5,AC,0.0039028646690988,11.573699368655404
Total,tipo_movimento_de_massa,Tipologia,Movimento de Massa,5,AL,0.0088635317856485,11.573699368655404
Total,tipo_movimento_de_massa,Tipologia,Movimento de Massa,5,AM,0.0008629325012411,11.573699368655404
Total,tipo_movimento_de_massa,Tipologia,Movimento de Massa,5,AP,0.0188801566578149,11.573699368655404
Total,tipo_movimento_de_massa,Tipologia,Movimento de Massa,5,BA,0.0230404559067035,11.573699368655404
Total,tipo_movimento_de_massa,Tipologia,Movimento de Massa,5,CE,0.0255119693386674,11.573699368655404
Total,tipo_movimento_de_massa,Tipologia,Movimento de Massa,5,DF,0.0346609040421925,11.573699368655404
Total,tipo_movimento_de_massa,Tipologia,Movimento de Massa,5,ES,0.0212855048010285,11.573699368655404
Total,tipo_movimento_de_massa,Tipologia,Movimento de Massa,5,GO,8.697783111920616e-05,11.573699368655404
Total,tipo_movimento_de_massa,Tipologia,Movimento de Massa,5,MA,0.0029101425588972,11.573699368655404
Total,tipo_movimento_de_massa,Tipologia,Movimento de Massa,5,MG,0.0087417035910206,11.573699368655404
Total,tipo_movimento_de_massa,Tipologia,Movimento de Massa,5,MS,0.0048611767827429,11.573699368655404
Total,tipo_movimento_de_massa,Tipologia,Movimento de Massa,5,MT,0.0455187948862996,11.573699368655404
Total,tipo_movimento_de_massa,Tipologia,Movimento de Massa,5,PA,0.1226200778191181,11.573699368655404
Total,tipo_movimento_de_massa,Tipologia,Movimento de Massa,5,PB,0.0398828398468728,11.573699368655404
Total,tipo_movimento_de_massa,Tipologia,Movimento de Massa,5,PE,0.0431560588899896,11.573699368655404
Total,tipo_movimento_de_massa,Tipologia,Movimento de Massa,5,PI,0.0007798335680479,11.573699368655404
Total,tipo_movimento_de_massa,Tipologia,Movimento de Massa,5,PR,3.949203042228999e-05,11.573699368655404
Total,tipo_movimento_de_massa,Tipologia,Movimento de Massa,5,RJ,0.1325290160096872,11.573699368655404
Total,tipo_movimento_de_massa,Tipologia,Movimento de Massa,5,RN,0.0091361555572318,11.573699368655404
Total,tipo_movimento_de_massa,Tipologia,Movimento de Massa,5,RO,0.0111411584968425,11.573699368655404
Total,tipo_movimento_de_massa,Tipologia,Movimento de Massa,5,RR,0.0945842237277358,11.573699368655404
Total,tipo_movimento_de_massa,Tipologia,Movimento de Massa,5,RS,0.1268666996630962,11.573699368655404
Total,tipo_movimento_de_massa,Tipologia,Movimento de Massa,5,SC,0.1249054935151182,11.573699368655404
Total,tipo_movimento_de_massa,Tipologia,Movimento de Massa,5,SE,0.0065646762516783,11.573699368655404
Total,tipo_movimento_de_massa,Tipologia,Movimento de Massa,5,SP,0.0496944981058224,11.573699368655404
Total,tipo_movimento_de_massa,Tipologia,Movimento de Massa,5,TO,0.0389726611658612,11.573699368655404
Total,tipo_onda_de_calor_e_baixa_umidade,Tipologia,Onda de Calor e Baixa Umidade,14,AC,0.0003867382722527,1.835033534170493
Total,tipo_onda_de_calor_e_baixa_umidade,Tipologia,Onda de Calor e Baixa Umidade,14,AL,0.0001001859385027,1.835033534170493
Total,tipo_onda_de_calor_e_baixa_umidade,Tipologia,Onda de Calor e Baixa Umidade,14,AM,0.0001227539693033,1.835033534170493
Total,tipo_onda_de_calor_e_baixa_umidade,Tipologia,Onda de Calor e Baixa Umidade,14,AP,0.0001728255678025,1.835033534170493
Total,tipo_onda_de_calor_e_baixa_umidade,Tipologia,Onda de Calor e Baixa Umidade,14,BA,3.1742328171941616e-05,1.835033534170493
Total,tipo_onda_de_calor_e_baixa_umidade,Tipologia,Onda de Calor e Baixa Umidade,14,CE,5.683025706760945e-06,1.835033534170493
Total,tipo_onda_de_calor_e_baixa_umidade,Tipologia,Onda de Calor e Baixa Umidade,14,DF,0.0001860871410574,1.835033534170493
Total,tipo_onda_de_calor_e_baixa_umidade,Tipologia,Onda de Calor e Baixa Umidade,14,ES,0.0046911103666557,1.835033534170493
Total,tipo_onda_de_calor_e_baixa_umidade,Tipologia,Onda de Calor e Baixa Umidade,14,GO,0.0017036482544284,1.835033534170493
Total,tipo_onda_de_calor_e_baixa_umidade,Tipologia,Onda de Calor e Baixa Umidade,14,MA,0.002267106278553,1.835033534170493
Total,tipo_onda_de_calor_e_baixa_umidade,Tipologia,Onda de Calor e Baixa Umidade,14,MG,5.122521965144601e-06,1.835033534170493
Total,tipo_onda_de_calor_e_baixa_umidade,Tipologia,Onda de Calor e Baixa Umidade,14,MS,0.6921347301596351,1.835033534170493
Total,tipo_onda_de_calor_e_baixa_umidade,Tipologia,Onda de Calor e Baixa Umidade,14,MT,0.2543674970326155,1.835033534170493
Total,tipo_onda_de_calor_e_baixa_umidade,Tipologia,Onda de Calor e Baixa Umidade,14,PA,2.496231143429478e-07,1.835033534170493
Total,tipo_onda_de_calor_e_baixa_umidade,Tipologia,Onda de Calor e Baixa Umidade,14,PB,0.0001116591836668,1.835033534170493
Total,tipo_onda_de_calor_e_baixa_umidade,Tipologia,Onda de Calor e Baixa Umidade,14,PE,0.0008455685041122,1.835033534170493
Total,tipo_onda_de_calor_e_baixa_umidade,Tipologia,Onda de Calor e Baixa Umidade,14,PI,0.000282498775095,1.835033534170493
Total,tipo_onda_de_calor_e_baixa_umidade,Tipologia,Onda de Calor e Baixa Umidade,14,PR,8.869116412575959e-06,1.835033534170493
Total,tipo_onda_de_calor_e_baixa_umidade,Tipologia,Onda de Calor e Baixa Umidade,14,RJ,0.000103398609462,1.835033534170493
Total,tipo_onda_de_calor_e_baixa_umidade,Tipologia,Onda de Calor e Baixa Umidade,14,RN,2.4709264465789312e-05,1.835033534170493
Total,tipo_onda_de_calor_e_baixa_umidade,Tipologia,Onda de Calor e Baixa Umidade,14,RO,0.0003120054397106,1.835033534170493
Total,tipo_onda_de_calor_e_baixa_umidade,Tipologia,Onda de Calor e Baixa Umidade,14,RR,0.0086299039978533,1.835033534170493
Total,tipo_onda_de_calor_e_baixa_umidade,Tipologia,Onda de Calor e Baixa Umidade,14,RS,5.519772903121973e-06,1.835033534170493
Total,tipo_onda_de_calor_e_baixa_umidade,Tipologia,Onda de Calor e Baixa Umidade,14,SC,0.0002604870035149,1.835033534170493
Total,tipo_onda_de_calor_e_baixa_umidade,Tipologia,Onda de Calor e Baixa Umidade,14,SE,4.949753843401014e-06,1.835033534170493
Total,tipo_onda_de_calor_e_baixa_umidade,Tipologia,Onda de Calor e Baixa Umidade,14,SP,0.0330161332485929,1.835033534170493
Total,tipo_onda_de_calor_e_baixa_umidade,Tipologia,Onda de Calor e Baixa Umidade,14,TO,0.0002188168506017,1.835033534170493
Total,tipo_onda_de_frio,Tipologia,Onda de Frio,1,AC,0.0077636268879926,4.606579182374728
Total,tipo_onda_de_frio,Tipologia,Onda de Frio,1,AL,0.0002164445556982,4.606579182374728
Total,tipo_onda_de_frio,Tipologia,Onda de Frio,1,AM,0.0003829058120211,4.606579182374728
Total,tipo_onda_de_frio,Tipologia,Onda de Frio,1,AP,0.0003789111746557,4.606579182374728
Total,tipo_onda_de_frio,Tipologia,Onda de Frio,1,BA,0.0043363608356147,4.606579182374728
Total,tipo_onda_de_frio,Tipologia,Onda de Frio,1,CE,0.0002921448840066,4.606579182374728
Total,tipo_onda_de_frio,Tipologia,Onda de Frio,1,DF,0.0003395115779082,4.606579182374728
Total,tipo_onda_de_frio,Tipologia,Onda de Frio,1,ES,0.0026116377748077,4.606579182374728
Total,tipo_onda_de_frio,Tipologia,Onda de Frio,1,GO,0.0053431654341762,4.606579182374728
Total,tipo_onda_de_frio,Tipologia,Onda de Frio,1,MA,0.0832666360488151,4.606579182374728
Total,tipo_onda_de_frio,Tipologia,Onda de Frio,1,MG,0.2535403355397654,4.606579182374728
Total,tipo_onda_de_frio,Tipologia,Onda de Frio,1,MS,0.3646316744694292,4.606579182374728
Total,tipo_onda_de_frio,Tipologia,Onda de Frio,1,MT,0.0093399503056173,4.606579182374728
Total,tipo_onda_de_frio,Tipologia,Onda de Frio,1,PA,0.0005527984900748,4.606579182374728
Total,tipo_onda_de_frio,Tipologia,Onda de Frio,1,PB,0.0035846455826554,4.606579182374728
Total,tipo_onda_de_frio,Tipologia,Onda de Frio,1,PE,0.0008187688508146,4.606579182374728
Total,tipo_onda_de_frio,Tipologia,Onda de Frio,1,PI,0.0080544080561588,4.606579182374728
Total,tipo_onda_de_frio,Tipologia,Onda de Frio,1,PR,0.0148709015484287,4.606579182374728
Total,tipo_onda_de_frio,Tipologia,Onda de Frio,1,RJ,0.002253642951164,4.606579182374728
Total,tipo_onda_de_frio,Tipologia,Onda de Frio,1,RN,0.00699517252261,4.606579182374728
Total,tipo_onda_de_frio,Tipologia,Onda de Frio,1,RO,0.0066489546495933,4.606579182374728
Total,tipo_onda_de_frio,Tipologia,Onda de Frio,1,RR,0.0054507382365252,4.606579182374728
Total,tipo_onda_de_frio,Tipologia,Onda de Frio,1,RS,0.0721902326493846,4.606579182374728
Total,tipo_onda_de_frio,Tipologia,Onda de Frio,1,SC,0.0686806102209424,4.606579182374728
Total,tipo_onda_de_frio,Tipologia,Onda de Frio,1,SE,0.0149956824626111,4.606579182374728
Total,tipo_onda_de_frio,Tipologia,Onda de Frio,1,SP,0.0405728739890562,4.606579182374728
Total,tipo_onda_de_frio,Tipologia,Onda de Frio,1,TO,0.0218872644894713,4.606579182374728
Total,tipo_outros,Tipologia,Outros,1,AC,0.0044040826774446,4.471985488389704
Total,tipo_outros,Tipologia,Outros,1,AL,0.0006265834005407,4.471985488389704
Total,tipo_outros,Tipologia,Outros,1,AM,0.0119656025451695,4.471985488389704
Total,tipo_outros,Tipologia,Outros,1,AP,0.068408613265718,4.471985488389704
Total,tipo_outros,Tipologia,Outros,1,BA,6.054793679961157e-06,4.471985488389704
Total,tipo_outros,Tipologia,Outros,1,CE,0.0018737352392316,4.471985488389704
Total,tipo_outros,Tipologia,Outros,1,DF,4.527632982744277e-05,4.471985488389704
Total,tipo_outros,Tipologia,Outros,1,ES,0.3996492963845108,4.471985488389704
Total,tipo_outros,Tipologia,Outros,1,GO,0.0040938611514621,4.471985488389704
Total,tipo_outros,Tipologia,Outros,1,MA,0.0056518265923422,4.471985488389704
Total,tipo_outros,Tipologia,Outros,1,MG,0.0186809687966922,4.471985488389704
Total,tipo_outros,Tipologia,Outros,1,MS,0.0770145177462023,4.471985488389704
Total,tipo_outros,Tipologia,Outros,1,MT,0.2033762779691902,4.471985488389704
Total,tipo_outros,Tipologia,Outros,1,PA,0.0197689511963353,4.471985488389704
Total,tipo_outros,Tipologia,Outros,1,PB,1.172682467739546e-05,4.471985488389704
Total,tipo_outros,Tipologia,Outros,1,PE,0.0068458196937793,4.471985488389704
Total,tipo_outros,Tipologia,Outros,1,PI,1.212378768317129e-05,4.471985488389704
Total,tipo_outros,Tipologia,Outros,1,PR,0.000396014739246,4.471985488389704
Total,tipo_outros,Tipologia,Outros,1,RJ,0.0005742124411149,4.471985488389704
Total,tipo_outros,Tipologia,Outros,1,RN,0.0615696564727729,4.471985488389704
Total,tipo_outros,Tipologia,Outros,1,RO,4.793364915631991e-05,4.471985488389704
Total,tipo_outros,Tipologia,Outros,1,RR,0.0798819506691228,4.471985488389704
Total,tipo_outros,Tipologia,Outros,1,RS,0.0268093735657854,4.471985488389704
Total,tipo_outros,Tipologia,Outros,1,SC,0.0005877211272673,4.471985488389704
Total,tipo_outros,Tipologia,Outros,1,SE,0.0043277752505851,4.471985488389704
Total,tipo_outros,Tipologia,Outros,1,SP,0.0002519719982293,4.471985488389704
Total,tipo_outros,Tipologia,Outros,1,TO,0.0031180716922321,4.471985488389704
Total,tipo_rompimento_colapso_de_barragens,Tipologia,Rompimento/Colapso de barragens,4,AC,0.0005168383735807,7.04954055368565
Total,tipo_rompimento_colapso_de_barragens,Tipologia,Rompimento/Colapso de barragens,4,AL,0.0121249451868472,7.04954055368565
Total,tipo_rompimento_colapso_de_barragens,Tipologia,Rompimento/Colapso de barragens,4,AM,8.355862727120602e-07,7.04954055368565
Total,tipo_rompimento_colapso_de_barragens,Tipologia,Rompimento/Colapso de barragens,4,AP,0.0057023102798859,7.04954055368565
Total,tipo_rompimento_colapso_de_barragens,Tipologia,Rompimento/Colapso de barragens,4,BA,0.0600645205949113,7.04954055368565
Total,tipo_rompimento_colapso_de_barragens,Tipologia,Rompimento/Colapso de barragens,4,CE,0.0046444484262401,7.04954055368565
Total,tipo_rompimento_colapso_de_barragens,Tipologia,Rompimento/Colapso de barragens,4,DF,2.375168585553735e-05,7.04954055368565
Total,tipo_rompimento_colapso_de_barragens,Tipologia,Rompimento/Colapso de barragens,4,ES,0.083231015617462,7.04954055368565
Total,tipo_rompimento_colapso_de_barragens,Tipologia,Rompimento/Colapso de barragens,4,GO,0.1689470897167813,7.04954055368565
Total,tipo_rompimento_colapso_de_barragens,Tipologia,Rompimento/Colapso de barragens,4,MA,0.0016004815559362,7.04954055368565
Total,tipo_rompimento_colapso_de_barragens,Tipologia,Rompimento/Colapso de barragens,4,MG,0.1352720204797526,7.04954055368565
Total,tipo_rompimento_colapso_de_barragens,Tipologia,Rompimento/Colapso de barragens,4,MS,0.2731397245591134,7.04954055368565
Total,tipo_rompimento_colapso_de_barragens,Tipologia,Rompimento/Colapso de barragens,4,MT,0.0145179283293956,7.04954055368565
Total,tipo_rompimento_colapso_de_barragens,Tipologia,Rompimento/Colapso de barragens,4,PA,0.0009720837063945,7.04954055368565
Total,tipo_rompimento_colapso_de_barragens,Tipologia,Rompimento/Colapso de barragens,4,PB,0.0154172404139748,7.04954055368565
Total,tipo_rompimento_colapso_de_barragens,Tipologia,Rompimento/Colapso de barragens,4,PE,0.0039903391342319,7.04954055368565
Total,tipo_rompimento_colapso_de_barragens,Tipologia,Rompimento/Colapso de barragens,4,PI,0.0403288118750617,7.04954055368565
Total,tipo_rompimento_colapso_de_barragens,Tipologia,Rompimento/Colapso de barragens,4,PR,0.0050804492680222,7.04954055368565
Total,tipo_rompimento_colapso_de_barragens,Tipologia,Rompimento/Colapso de barragens,4,RJ,0.0004578161964152,7.04954055368565
Total,tipo_rompimento_colapso_de_barragens,Tipologia,Rompimento/Colapso de barragens,4,RN,0.0468077077455342,7.04954055368565
Total,tipo_rompimento_colapso_de_barragens,Tipologia,Rompimento/Colapso de barragens,4,RO,0.002105958700301,7.04954055368565
Total,tipo_rompimento_colapso_de_barragens,Tipologia,Rompimento/Colapso de barragens,4,RR,0.0044994331791772,7.04954055368565
Total,tipo_rompimento_colapso_de_barragens,Tipologia,Rompimento/Colapso de barragens,4,RS,0.0204785994895241,7.04954055368565
Total,tipo_rompimento_colapso_de_barragens,Tipologia,Rompimento/Colapso de barragens,4,SC,0.0004880860357526,7.04954055368565
Total,tipo_rompimento_colapso_de_barragens,Tipologia,Rompimento/Colapso de barragens,4,SE,0.0037374406561583,7.04954055368565
Total,tipo_rompimento_colapso_de_barragens,Tipologia,Rompimento/Colapso de barragens,4,SP,0.0603061326377985,7.04954055368565
Total,tipo_rompimento_colapso_de_barragens,Tipologia,Rompimento/Colapso de barragens,4,TO,0.0355439905696177,7.04954055368565
Total,tipo_tornado,Tipologia,Tornado,1,AC,0.024024779473171,4.255254612240411
Total,tipo_tornado,Tipologia,Tornado,1,AL,1.2088102328007387e-05,4.255254612240411
Total,tipo_tornado,Tipologia,Tornado,1,AM,0.0053868858414667,4.255254612240411
Total,tipo_tornado,Tipologia,Tornado,1,AP,0.0066929262179809,4.255254612240411
Total,tipo_tornado,Tipologia,Tornado,1,BA,0.0036826523241756,4.255254612240411
Total,tipo_tornado,Tipologia,Tornado,1,CE,0.0008208216915268,4.255254612240411
Total,tipo_tornado,Tipologia,Tornado,1,DF,0.0032998012900752,4.255254612240411
Total,tipo_tornado,Tipologia,Tornado,1,ES,0.0019481709213401,4.255254612240411
Total,tipo_tornado,Tipologia,Tornado,1,GO,0.0092079814258529,4.255254612240411
Total,tipo_tornado,Tipologia,Tornado,1,MA,6.037382309452564e-05,4.255254612240411
Total,tipo_tornado,Tipologia,Tornado,1,MG,0.0150249682448646,4.255254612240411
Total,tipo_tornado,Tipologia,Tornado,1,MS,0.075268558326779,4.255254612240411
Total,tipo_tornado,Tipologia,Tornado,1,MT,0.0595958572376525,4.255254612240411
Total,tipo_tornado,Tipologia,Tornado,1,PA,0.0018216652472535,4.255254612240411
Total,tipo_tornado,Tipologia,Tornado,1,PB,0.0066425494006823,4.255254612240411
Total,tipo_tornado,Tipologia,Tornado,1,PE,0.0021039751227571,4.255254612240411
Total,tipo_tornado,Tipologia,Tornado,1,PI,0.0092905150449934,4.255254612240411
Total,tipo_tornado,Tipologia,Tornado,1,PR,0.0955206107106518,4.255254612240411
Total,tipo_tornado,Tipologia,Tornado,1,RJ,0.0011414034712381,4.255254612240411
Total,tipo_tornado,Tipologia,Tornado,1,RN,0.0066164815933129,4.255254612240411
Total,tipo_tornado,Tipologia,Tornado,1,RO,0.0059619177569162,4.255254612240411
Total,tipo_tornado,Tipologia,Tornado,1,RR,0.0156056788758638,4.255254612240411
Total,tipo_tornado,Tipologia,Tornado,1,RS,0.212284962225527,4.255254612240411
Total,tipo_tornado,Tipologia,Tornado,1,SC,0.4121045123008631,4.255254612240411
Total,tipo_tornado,Tipologia,Tornado,1,SE,0.0029891429077328,4.255254612240411
Total,tipo_tornado,Tipologia,Tornado,1,SP,0.0067771364951689,4.255254612240411
Total,tipo_tornado,Tipologia,Tornado,1,TO,0.01611358392673,4.255254612240411
Total,tipo_vendavais_e_ciclones,Tipologia,Vendavais e Ciclones,9,AC,0.0018843323050650874,2.429459201719026
Total,tipo_vendavais_e_ciclones,Tipologia,Vendavais e Ciclones,9,AL,0.0006081629068018709,2.429459201719026
Total,tipo_vendavais_e_ciclones,Tipologia,Vendavais e Ciclones,9,AM,0.0009469955389340596,2.429459201719026
Total,tipo_vendavais_e_ciclones,Tipologia,Vendavais e Ciclones,9,AP,0.002405317251329229,2.429459201719026
Total,tipo_vendavais_e_ciclones,Tipologia,Vendavais e Ciclones,9,BA,1.7617818641915142e-05,2.429459201719026
Total,tipo_vendavais_e_ciclones,Tipologia,Vendavais e Ciclones,9,CE,0.00016820152479081566,2.429459201719026
Total,tipo_vendavais_e_ciclones,Tipologia,Vendavais e Ciclones,9,DF,0.008452828169718825,2.429459201719026
Total,tipo_vendavais_e_ciclones,Tipologia,Vendavais e Ciclones,9,ES,0.04632047887963495,2.429459201719026
Total,tipo_vendavais_e_ciclones,Tipologia,Vendavais e Ciclones,9,GO,0.0004094138606684483,2.429459201719026
Total,tipo_vendavais_e_ciclones,Tipologia,Vendavais e Ciclones,9,MA,0.00022044575909605708,2.429459201719026
Total,tipo_vendavais_e_ciclones,Tipologia,Vendavais e Ciclones,9,MG,0.04297771950019452,2.429459201719026
Total,tipo_vendavais_e_ciclones,Tipologia,Vendavais e Ciclones,9,MS,0.1324919905553096,2.429459201719026
Total,tipo_vendavais_e_ciclones,Tipologia,Vendavais e Ciclones,9,MT,0.6190141101257614,2.429459201719026
Total,tipo_vendavais_e_ciclones,Tipologia,Vendavais e Ciclones,9,PA,0.008319930860165001,2.429459201719026
Total,tipo_vendavais_e_ciclones,Tipologia,Vendavais e Ciclones,9,PB,3.488375659351537e-05,2.429459201719026
Total,tipo_vendavais_e_ciclones,Tipologia,Vendavais e Ciclones,9,PE,0.0007868598601551701,2.429459201719026
Total,tipo_vendavais_e_ciclones,Tipologia,Vendavais e Ciclones,9,PI,0.00326553021601001,2.429459201719026
Total,tipo_vendavais_e_ciclones,Tipologia,Vendavais e Ciclones,9,PR,0.0009011207523928206,2.429459201719026
Total,tipo_vendavais_e_ciclones,Tipologia,Vendavais e Ciclones,9,RJ,0.0037095862479023067,2.429459201719026
Total,tipo_vendavais_e_ciclones,Tipologia,Vendavais e Ciclones,9,RN,0.0009201404993706501,2.429459201719026
Total,tipo_vendavais_e_ciclones,Tipologia,Vendavais e Ciclones,9,RO,0.01210360738386201,2.429459201719026
Total,tipo_vendavais_e_ciclones,Tipologia,Vendavais e Ciclones,9,RR,0.0044230074691256034,2.429459201719026
Total,tipo_vendavais_e_ciclones,Tipologia,Vendavais e Ciclones,9,RS,0.07813802272582318,2.429459201719026
Total,tipo_vendavais_e_ciclones,Tipologia,Vendavais e Ciclones,9,SC,0.001969802663276264,2.429459201719026
Total,tipo_vendavais_e_ciclones,Tipologia,Vendavais e Ciclones,9,SE,6.894477771349866e-06,2.429459201719026
Total,tipo_vendavais_e_ciclones,Tipologia,Vendavais e Ciclones,9,SP,0.014603235962285578,2.429459201719026
Total,tipo_vendavais_e_ciclones,Tipologia,Vendavais e Ciclones,9,TO,0.0148997629293198,2.429459201719026
