coluna,total_atlas,total_painel,max_diferenca
total_desastres,40339,40339,0
grupo_climatologico,19518,19518,0
grupo_hidrologico,15409,15409,0
grupo_meteorologico,3716,3716,0
grupo_outros,1696,1696,0
tipo_alagamentos,1504,1504,0
tipo_chuvas_intensas,8084,8084,0
tipo_doencas_infecciosas,243,243,0
tipo_enxurradas,2759,2759,0
tipo_erosao,480,480,0
tipo_estiagem_e_seca,16149,16149,0
tipo_granizo,1070,1070,0
tipo_incendio_florestal,3081,3081,0
tipo_inundacoes,2065,2065,0
tipo_movimento_de_massa,1103,1103,0
tipo_onda_de_calor_e_baixa_umidade,103,103,0
tipo_onda_de_frio,203,203,0
tipo_outros,836,836,0
tipo_rompimento_colapso_de_barragens,34,34,0
tipo_tornado,72,72,0
tipo_vendavais_e_ciclones,2553,2553,0
