uf;regiao;ano;carteira_ativa;carteira_inadimplencia;taxa_inadimplencia
AC;Norte;2013;34700109475.409996;1758784667.92;5.068527720831403
AC;Norte;2014;38934204990.69;1791115182.07;4.6003640821696345
AC;Norte;2015;42614463718.56;1756788822.07;4.1225177293615936
AC;Norte;2016;43696249565.59;1961973636.68;4.4900275336788145
AC;Norte;2017;45802093777.8;1792540493.5;3.913664956445361
AC;Norte;2018;49467514547.03;1608831953.88;3.252299956066003
AC;Norte;2019;56588737003.18;1920486677.33;3.3937613366809694
AC;Norte;2020;64488600580.100006;2086239690.38;3.2350518876413257
AC;Norte;2021;78356214685.92;2107023730.6100001;2.6890320557925267
AC;Norte;2022;100840991972.02;3217494268.31;3.1906610648998246
AC;Norte;2023;120555096808.77;4351962969.45;3.609936937260547
AC;Norte;2024;142236474588.48;5188819273.26;3.6480229760139546
AL;Nordeste;2013;128678511106.91;7906560016.32;6.144429204462111
AL;Nordeste;2014;147766739141.83;8260634534.43;5.590320651592135
AL;Nordeste;2015;164759351889.33;8661400516.67;5.2570008423484955
AL;Nordeste;2016;174313544313.96;9722110205.53;5.577369356921165
AL;Nordeste;2017;185118951982.61;9036135621.23;4.881259063134093
AL;Nordeste;2018;197522654634.38;9197937379.55;4.656649332997088
AL;Nordeste;2019;216857778402.26;9539275895.45;4.398862685826807
AL;Nordeste;2020;235899410522.03;11237031880.8;4.763484510594232
AL;Nordeste;2021;273523617600.19;10503224863.46;3.839970001717578
AL;Nordeste;2022;331019098697.28;16980781331.45;5.129849425086822
AL;Nordeste;2023;373665233361.25;20727281166.91;5.547018913282573
AL;Nordeste;2024;414274136843.72003;20516104405.68;4.9523015271936845
AM;Norte;2013;124769366754.75;7615730938.48;6.103846750660908
AM;Norte;2014;141180656270.16;8279838274.75;5.8647115642428345
AM;Norte;2015;156976700958.97;8562972395.16;5.454932064980878
AM;Norte;2016;163485457528.79;10284518926.29;6.2907851754819735
AM;Norte;2017;167590956964.86;9472948240.82;5.652422071201766
AM;Norte;2018;175887480705.97;8051809330.76;4.577818329333035
AM;Norte;2019;199278370859.66;8565743377.04;4.298380872991152
AM;Norte;2020;225577568270.55;9892811777.58;4.385547664790367
AM;Norte;2021;267856955586.22;10795596130.99;4.0303587067071796
AM;Norte;2022;340329870668.46;17742224044.32;5.21324325997937
AM;Norte;2023;387703965894.35;24190188448.45;6.239345112874566
AM;Norte;2024;432031349384.84;23140900185.45;5.356301161570757
AP;Norte;2013;35324023393.49;2188917619.35;6.196682622946638
AP;Norte;2014;40237788072.08;2106528913.95;5.235200578561792
AP;Norte;2015;45900553505.729996;2469234928.15;5.379531921857442
AP;Norte;2016;47623749045.19;2606425459.37;5.4729531202946085
AP;Norte;2017;48271876614.38;2673438924.87;5.538294991567809
AP;Norte;2018;49887489045.71;2658350308.7;5.328691340356407
AP;Norte;2019;54562381414.98;2584417634.51;4.736629097718328
AP;Norte;2020;61234645410.22;2786534831.57;4.550585396392171
AP;Norte;2021;74477705476.41;2686568636.24;3.607211875090514
AP;Norte;2022;91858181278.19;3988316558.38;4.341819642935769
AP;Norte;2023;107607303162.06;4758194236.81;4.421813480116688
AP;Norte;2024;124654481589.94;5332950702.7;4.278186098629915
BA;Nordeste;2013;561689411185.8;31018019904.85;5.522272502763919
BA;Nordeste;2014;652645823094.84;31789562581.35;4.87087505296582
BA;Nordeste;2015;734870296397.48;34875585210.67;4.74581506173796
BA;Nordeste;2016;772018928498.95;41519093075.09;5.377989002914255
BA;Nordeste;2017;810547837581.99;40792772360.19;5.032740878303023
BA;Nordeste;2018;865027270073.48;38669046446.56;4.470269063688043
BA;Nordeste;2019;957234559677.78;41346030729.96;4.3193207257244985
BA;Nordeste;2020;1044370025789.47;46867036672.57;4.487589217925115
BA;Nordeste;2021;1215191291416.54;45640080437.65;3.7557939033983425
BA;Nordeste;2022;1473030361313.33;71844526497.64;4.877328287625014
BA;Nordeste;2023;1663571851690.34;91985119242.02;5.529374589294401
BA;Nordeste;2024;1853659528918.74;88961264938.72;4.799223565646496
CE;Nordeste;2013;291049359987.73;15957222099.8;5.482651499550703
CE;Nordeste;2014;337038543798.5;15672684047.98;4.650116236364344
CE;Nordeste;2015;381332189065.85;16518519305.63;4.331792536605797
CE;Nordeste;2016;410377871101.63;20147031570.49;4.909385468667386
CE;Nordeste;2017;435685209472.77;20610363324.36;4.730563001966706
CE;Nordeste;2018;469585733837.72;19869599631.15;4.2313039343773085
CE;Nordeste;2019;526988904831.94;21613383593.87;4.101297654599131
CE;Nordeste;2020;584777250804.01;25928669132.27;4.433939435335538
CE;Nordeste;2021;692266676159.76;25396665876.98;3.6686246430153178
CE;Nordeste;2022;847529019219.16;42379913477.31;5.00040854251282
CE;Nordeste;2023;966752396040.76;54403330905.479996;5.627431711396167
CE;Nordeste;2024;1077231803413.59;52074050601.94;4.834061753183016
DF;Centro-Oeste;2013;444897669268.92004;16416645158.7;3.689982279672699
DF;Centro-Oeste;2014;507089958348.95;15961576975.03;3.147681533075472
DF;Centro-Oeste;2015;556216773659.39;17639634863.32;3.1713597465368726
DF;Centro-Oeste;2016;579283328489.81;21136239473.84;3.6486876860313093
DF;Centro-Oeste;2017;598573990851.59;20346633473.72;3.3991843589416386
DF;Centro-Oeste;2018;612952060519.38;20525471794.42;3.348625955678802
DF;Centro-Oeste;2019;648768471991.51;20379503150.19;3.141259791437074
DF;Centro-Oeste;2020;698399025957.44;21299504568.81;3.049761494098645
DF;Centro-Oeste;2021;805315987166.26;22120477401.68;2.746807185526935
DF;Centro-Oeste;2022;927524609352.24;34453220053.67;3.7145343321651882
DF;Centro-Oeste;2023;1013518205229.15;42814550991.55;4.224349475979063
DF;Centro-Oeste;2024;1088518461703.35;40951074516.72;3.7620927855131088
ES;Sudeste;2013;252819784420.91;10011205995.98;3.9598190540787446
ES;Sudeste;2014;292175385070.97;10564490774.84;3.6158045183285594
ES;Sudeste;2015;318746143459.95;11867765901.49;3.7232657225800025
ES;Sudeste;2016;328131510345.9;14319067500.9;4.363819703205445
ES;Sudeste;2017;334626713576.74;14447573885.85;4.317519582170697
ES;Sudeste;2018;349578634013.3;13314319698.46;3.8086766189358827
ES;Sudeste;2019;374630869913.39;15191476303.42;4.05505192536111
ES;Sudeste;2020;393299809202.57;15259550367.55;3.879877388826937
ES;Sudeste;2021;454191860937.72;13550307915.57;2.983388537080821
ES;Sudeste;2022;538080029523.83;19304183162.99;3.587604464724903
ES;Sudeste;2023;620527731939.53;23771031213.2;3.8307766099189378
ES;Sudeste;2024;712694985229.67;23877953924.21;3.350374903580273
GO;Centro-Oeste;2013;576419906294.0599;26337435995.8;4.569140605349599
GO;Centro-Oeste;2014;681357627612.85;25423432901.03;3.7312905691100138
GO;Centro-Oeste;2015;773204485504.37;29468934681.72;3.811273115222176
GO;Centro-Oeste;2016;823219366095.62;35402517885.37;4.300496239936351
GO;Centro-Oeste;2017;883270659942.3;33592876563.77;3.8032370016642987
GO;Centro-Oeste;2018;967060572485.97;32144137408.91;3.3239011416088253
GO;Centro-Oeste;2019;1085350608502.76;34057450598.37;3.1379215464164356
GO;Centro-Oeste;2020;1221276231578.21;37212480724.520004;3.0470158807914975
GO;Centro-Oeste;2021;1464932393961.29;37308335723.36;2.546761603276134
GO;Centro-Oeste;2022;1834078283960.3398;53556504777.700005;2.920077362349824
GO;Centro-Oeste;2023;2184318094841.27;73697339300.88;3.3739288922676547
GO;Centro-Oeste;2024;2524551442504.41;90599223421.83;3.5887255809671124
MA;Nordeste;2013;212117540225.97;12512522130.77;5.898862544530896
MA;Nordeste;2014;244568987685.74;12056646118.27;4.929752636406314
MA;Nordeste;2015;276874315762.75;12871977381.57;4.649032665276121
MA;Nordeste;2016;298011367556.52;14794481696.869999;4.964401800566925
MA;Nordeste;2017;318535613854.33997;14709188691.7;4.617753259585668
MA;Nordeste;2018;345941377519.87;14027371387.05;4.0548405881988785
MA;Nordeste;2019;387956943484.41;15386807958.32;3.9661122752758042
MA;Nordeste;2020;426850374271.12;18622552999.84;4.3627823992516
MA;Nordeste;2021;512351347927.46;16946252736.21;3.3075452625937647
MA;Nordeste;2022;642617130387.85;25326292167.79;3.9411168750674888
MA;Nordeste;2023;756024094284.5;33792832456.18;4.469808926944515
MA;Nordeste;2024;864807501447.73;38794763406.19;4.4859420554569285
MG;Sudeste;2013;1356920531100.39;59537688050.630005;4.38770633106628
MG;Sudeste;2014;1558294161741.46;60677985369.78;3.893872341918407
MG;Sudeste;2015;1716131675787.42;67087064367.6;3.9092026162163904
MG;Sudeste;2016;1815228341573.44;76871200201.92;4.234795063594481
MG;Sudeste;2017;1894093138120.26;75750374129.21;3.999295103533629
MG;Sudeste;2018;2011161388797.45;72463726624.15;3.6030786503652408
MG;Sudeste;2019;2194011279765.23;74225426956.55;3.383092313203261
MG;Sudeste;2020;2412579120786.6;76520753481.31;3.171740682907058
MG;Sudeste;2021;2808161193780.41;75477697864.98;2.687797909612525
MG;Sudeste;2022;3382311150996.95;108400704713.27;3.2049299982740633
MG;Sudeste;2023;3873137153065.85;138464229119.63;3.574989050156052
MG;Sudeste;2024;4336303995397.0303;146239007551.67;3.3724343982087546
MS;Centro-Oeste;2013;249604598310.52002;7893831589.32;3.1625345216996754
MS;Centro-Oeste;2014;298065200017.1;8628149325.33;2.8947187812716826
MS;Centro-Oeste;2015;334708023486.07;10022481732.86;2.994395422157282
MS;Centro-Oeste;2016;363625721620.84;11699283254.84;3.217397053951833
MS;Centro-Oeste;2017;398270456000.99;11974660058.380001;3.006665414908465
MS;Centro-Oeste;2018;437126015737.98;11891927141.4;2.72048029933048
MS;Centro-Oeste;2019;495108854626.25;12481575979.72;2.5209761172908425
MS;Centro-Oeste;2020;560246873102.14;14134447137.52;2.522896211674726
MS;Centro-Oeste;2021;667897045826.54;14161634606.970001;2.120331972638778
MS;Centro-Oeste;2022;823670187539.84;19640458988.98;2.3845052651040635
MS;Centro-Oeste;2023;958577921633.04;27526857115.39;2.871634792974895
MS;Centro-Oeste;2024;1076424167018.65;38364148741.59;3.5640363638291768
MT;Centro-Oeste;2013;370039573539.05;11266621822.37;3.0447072767424004
MT;Centro-Oeste;2014;448389879203.41;11826915645.32;2.6376410784139876
MT;Centro-Oeste;2015;521215859041.68;14827444452.460001;2.8447799880306976
MT;Centro-Oeste;2016;555831748381.45;18265900454.4;3.2862283429453703
MT;Centro-Oeste;2017;599634398600.5701;19332038902.71;3.2239709642787697
MT;Centro-Oeste;2018;676887014721.61;16553343005.85;2.445510498182338
MT;Centro-Oeste;2019;778236338523.8;17600953862.32;2.2616463651268743
MT;Centro-Oeste;2020;912990210010.44;19760863888.32;2.164411367356725
MT;Centro-Oeste;2021;1090218194329.18;18764761916.39;1.7211932449848817
MT;Centro-Oeste;2022;1336213144171.73;24178828991.96;1.8095039026836977
MT;Centro-Oeste;2023;1566391721955.6;32800109963.31;2.0939915286554185
MT;Centro-Oeste;2024;1836252724760.77;48611148418.01;2.647301635690868
PA;Norte;2013;245030458055.5;13917650166.17;5.679967411650358
PA;Norte;2014;280309366065.52;14490188375.42;5.1693557653129
PA;Norte;2015;313743765045.06;15379118364.53;4.901808443052643
PA;Norte;2016;333303406048.06;18048825265.58;5.415133760432526
PA;Norte;2017;350730340475.73;18692303919.91;5.329537186476594
PA;Norte;2018;376305588094.32;17901467522.59;4.757162287503167
PA;Norte;2019;424286929817.7;18438134475.68;4.345675810377229
PA;Norte;2020;486337253051.61;20256089110.86;4.165029305026409
PA;Norte;2021;601802159601.14;19448292950.19;3.231675499981565
PA;Norte;2022;780611544489.39;32262404599.9;4.1329653433454325
PA;Norte;2023;928799006237.1799;43271276352.99;4.658841801338035
PA;Norte;2024;1066976058401.72;47278573127.41;4.4310809746032245
PB;Nordeste;2013;162470530459.67;8959830141.07;5.514741729297237
PB;Nordeste;2014;192072485491.87;9026382330.04;4.69946661382797
PB;Nordeste;2015;220329504156.92;9512801188.44;4.317533970241646
PB;Nordeste;2016;240785798888.82;10764746299.26;4.470673249393124
PB;Nordeste;2017;260243242607.12;11086630283.27;4.260103037529045
PB;Nordeste;2018;288363634062.81;11967068446.5;4.149992243437114
PB;Nordeste;2019;321819324047.95;14086976434.83;4.37729352533569
PB;Nordeste;2020;351455648852.68;15191743571.11;4.3225208132813195
PB;Nordeste;2021;411292917765.67;14687193507.38;3.5709813791998917
PB;Nordeste;2022;489230598722.60004;23503493464.49;4.804174866792578
PB;Nordeste;2023;548482464983.87;28813156645.71;5.253250283317143
PB;Nordeste;2024;600557551099.47;26865964361.71;4.473503715426634
PE;Nordeste;2013;347361523588.04;19790300744.18;5.69732091791798
PE;Nordeste;2014;393375955694.18;20942598667.91;5.323812593210777
PE;Nordeste;2015;431869351587.55;22128974230.64;5.123997373116194
PE;Nordeste;2016;458898845161.95;25723908257.01;5.605572672106371
PE;Nordeste;2017;490145032192.2;24270395226.23;4.951676265630879
PE;Nordeste;2018;534806410699.7;24272175873.06;4.538497554901059
PE;Nordeste;2019;604970136616.95;27697381377.239998;4.578305556060398
PE;Nordeste;2020;663861372449.67;33185254534.33;4.9988229337512635
PE;Nordeste;2021;777529070789.09;33395355943.870003;4.295062036713058
PE;Nordeste;2022;944679408640.16;54799612848.54;5.800868775939822
PE;Nordeste;2023;1057126837221.56;66841597932.92;6.3229496763699
PE;Nordeste;2024;1158228420236.26;62401835241.87;5.387696774798621
PI;Nordeste;2013;101636485577.92;5426842958.32;5.339463409682234
PI;Nordeste;2014;117996652410.26;5515660446.55;4.6744211245694665
PI;Nordeste;2015;134162723147.63;5902416556.93;4.399445999940757
PI;Nordeste;2016;147273205865.9;6646203395.51;4.512839492040201
PI;Nordeste;2017;159841587998.81;6299181654.75;3.9408903112229443
PI;Nordeste;2018;170585913794.82;6937473913.559999;4.066850397685451
PI;Nordeste;2019;190523651442.57;8103847160.57;4.253459924377295
PI;Nordeste;2020;211109868882.97;9070029077.54;4.296354843822116
PI;Nordeste;2021;250472540983.26;8609083797.43;3.437136767022049
PI;Nordeste;2022;303401821182.52;14135350652.56;4.658953791861545
PI;Nordeste;2023;345544718966.51;17084648182.49;4.944265458198432
PI;Nordeste;2024;389323565542.86;17306318902.25;4.445227680507507
PR;Sul;2013;1021040223764.19;38110465194.2;3.732513598112824
PR;Sul;2014;1200417309531.48;37891900688.37;3.156560671651688
PR;Sul;2015;1333929083273.8801;42893777243.38;3.215596524674702
PR;Sul;2016;1423257231136.12;48768943926.39;3.426572713595842
PR;Sul;2017;1510704368006.64;47603259520.84;3.151063869872307
PR;Sul;2018;1601789820122.76;46161811751.82;2.881889444663982
PR;Sul;2019;1765240348569.94;50424512735.1;2.8565239161879576
PR;Sul;2020;1943912258455.15;54681563273.07;2.8129645787884523
PR;Sul;2021;2277326435469.35;55034388147.4;2.416622724359566
PR;Sul;2022;2738142964060.5303;77467208912.25;2.8291878813139095
PR;Sul;2023;3127014655579.81;99259362380.48;3.1742531875686186
PR;Sul;2024;3484920497419.84;106309606418.45;3.05056045029318
RJ;Sudeste;2013;1196736737240.69;74464380707.11;6.222285853679244
RJ;Sudeste;2014;1336714499798.74;74907508207.62;5.603852447093101
RJ;Sudeste;2015;1436931140998.19;78167383829.27;5.439883763321437
RJ;Sudeste;2016;1454882845344.52;89886445833.53;6.178260065486212
RJ;Sudeste;2017;1484016894988.42;88881983142.7;5.989283777216941
RJ;Sudeste;2018;1544889284995.23;80534409784.09;5.212956719053084
RJ;Sudeste;2019;1715564207118.3801;85666431512.39;4.9934844266938425
RJ;Sudeste;2020;1856248504102.54;97139858844.78;5.233127926034086
RJ;Sudeste;2021;2171358870301.25;105162655781.64;4.8431725045547145
RJ;Sudeste;2022;2569141218157.88;161675605905.11002;6.292982447303317
RJ;Sudeste;2023;2769110293059.22;180831407077.74;6.5303071362305145
RJ;Sudeste;2024;2955892903949.16;160949392171.61;5.445034627491978
RN;Nordeste;2013;160944660595.57;7841450368.35;4.872140734170982
RN;Nordeste;2014;188287759214.04;8154856270.72;4.331060237139366
RN;Nordeste;2015;215914284451.53998;9041100024.54;4.187356129542784
RN;Nordeste;2016;235927667301.44;10830732329.57;4.59070038433932
RN;Nordeste;2017;249280033467.41998;12189601549.86;4.889922943408598
RN;Nordeste;2018;263320908776.55;12394466083.7;4.706981356432182
RN;Nordeste;2019;283528500654.27;13173981766.32;4.646440035453133
RN;Nordeste;2020;303520295487.31;14526355833.63;4.785958649093809
RN;Nordeste;2021;350524778877.58997;13588591671.5;3.876642249090584
RN;Nordeste;2022;417617395387.35;21320041755.92;5.105161325031769
RN;Nordeste;2023;466386269123.51;27167202811.43;5.825043447888362
RN;Nordeste;2024;514393536667.72003;24775408140.9;4.8164306848404355
RO;Norte;2013;88478915211.32;3982653374.9;4.501245709656326
RO;Norte;2014;105235062639.2;3635736046.54;3.4548713664049178
RO;Norte;2015;122244892644.41;3614484678.16;2.956757210850463
RO;Norte;2016;142431384187.4;4306919093.57;3.023855394049457
RO;Norte;2017;157385953761.67;4329521143.34;2.750894244283201
RO;Norte;2018;177749990933.0;4229576993.58;2.379508978526064
RO;Norte;2019;206852612837.88;4993255637.82;2.4139195388039143
RO;Norte;2020;239670797037.49;5936565183.7300005;2.4769664294150053
RO;Norte;2021;298373826550.35;5686325993.98;1.905772386178264
RO;Norte;2022;388312983776.08;8348322201.58;2.149895200618387
RO;Norte;2023;459991589932.4;12407140770.09;2.6972538284696346
RO;Norte;2024;528129267048.78;16738046841.33;3.169308706344428
RR;Norte;2013;26166610778.03;1645859007.4099998;6.2899204691495445
RR;Norte;2014;29682210803.72;1538794159.67;5.18423027801267
RR;Norte;2015;33501624283.69;1532846916.67;4.575440592640921
RR;Norte;2016;36139867667.1;1680579934.97;4.650210538816996
RR;Norte;2017;38917364568.08;1622443363.3600001;4.168944586475743
RR;Norte;2018;42054580895.16;2529455556.92;6.014696860790999
RR;Norte;2019;45581832968.21;1962466907.63;4.305370758123478
RR;Norte;2020;50027509522.270004;2048310308.74;4.094367935362012
RR;Norte;2021;60859163807.16;1917193174.1599998;3.1502128097501805
RR;Norte;2022;77650832353.85;2815964579.57;3.626444809680629
RR;Norte;2023;96068760842.14;3977634991.59;4.140404182089995
RR;Norte;2024;114219268990.59;4691971023.42;4.10786294194069
RS;Sul;2013;1064795559066.81;34041665352.5;3.1970142120365543
RS;Sul;2014;1235943363594.92;34509226810.229996;2.7921365838200645
RS;Sul;2015;1361583390579.56;39250300160.75;2.8826952820012774
RS;Sul;2016;1430714157361.2;44951829169.06;3.141915450949955
RS;Sul;2017;1513637273210.18;43808221907.54;2.8942351435776845
RS;Sul;2018;1607133168117.25;44153164434.11;2.747324572103459
RS;Sul;2019;1765118943455.73;47668392145.97;2.7005767697810414
RS;Sul;2020;1918953229095.79;51255993390.9;2.671039221474502
RS;Sul;2021;2219798340567.46;48327388536.92;2.1771071567053153
RS;Sul;2022;2645020742813.05;66902204964.1;2.529364094625123
RS;Sul;2023;3027658810410.14;85262624353.64;2.816123932474741
RS;Sul;2024;3421864365901.2;90944498222.69;2.6577470202778883
SC;Sul;2013;634209704315.66;23221070386.8;3.6614183335236956
SC;Sul;2014;728855396394.64;22284356675.92;3.0574455215879466
SC;Sul;2015;803066592539.4299;22862275153.59;2.8468716499955113
SC;Sul;2016;855814614849.83;26703792356.65;3.120277673843619
SC;Sul;2017;904864376316.5;25642180976.34;2.833814839824236
SC;Sul;2018;994788793398.53;25231559720.22;2.536373538549885
SC;Sul;2019;1097984724792.1;28562862174.53;2.601389757943881
SC;Sul;2020;1214859037440.48;31379480651.47;2.5829729774724903
SC;Sul;2021;1451204295063.28;32561483326.73;2.243755992005946
SC;Sul;2022;1722777714305.42;47957288306.89;2.783718869165031
SC;Sul;2023;1968013512869.6099;62984474694.94;3.200408649791269
SC;Sul;2024;2208089588062.97;65032830606.34;2.9452079733499197
SE;Nordeste;2013;106743240030.15;4852563792.33;4.546015083446386
SE;Nordeste;2014;123586207791.88;5102894422.93;4.129016104712354
SE;Nordeste;2015;140738160897.05;5710054774.47;4.057218552576446
SE;Nordeste;2016;152585105133.74;7258906824.86;4.757284020938746
SE;Nordeste;2017;161648463645.55;6968352313.5199995;4.310806398259159
SE;Nordeste;2018;170511053020.13998;6811284783.02;3.994629475553988
SE;Nordeste;2019;185718184226.58;7155740744.940001;3.8530102880016583
SE;Nordeste;2020;198918094573.29;7835289387.92;3.9389525647367094
SE;Nordeste;2021;227485708766.55;7127927607.51;3.1333518251139068
SE;Nordeste;2022;274600802309.18;11680004011.75;4.253448611049281
SE;Nordeste;2023;314708649177.75;15218114535.529999;4.8356200489852705
SE;Nordeste;2024;356031946761.51;15563000999.64;4.37123722778309
SP;Sudeste;2013;3907428202509.94;186373526795.09;4.769723642660224
SP;Sudeste;2014;4422190402175.88;181867198800.22;4.112604439436499
SP;Sudeste;2015;4796118920380.05;191323766777.92;3.9891372577300332
SP;Sudeste;2016;5090948065787.76;217505246654.14;4.27239177935876
SP;Sudeste;2017;5362520932698.59;212577405019.88998;3.964131938836355
SP;Sudeste;2018;5725837796378.811;208308965143.87;3.638052151522887
SP;Sudeste;2019;6314229906038.05;228847984269.96;3.6243213768811566
SP;Sudeste;2020;6907090923443.91;242821849679.86002;3.5155444219747993
SP;Sudeste;2021;8052222357108.24;236889134054.24;2.941909991409042
SP;Sudeste;2022;9580272763501.4;340701659926.76;3.5562835040016156
SP;Sudeste;2023;10777869490157.64;440653307151.15;4.088501048871997
SP;Sudeste;2024;11985913513385.36;441836634997.45;3.6862992086838067
TO;Norte;2013;84936497934.78;4131585146.5;4.86432246084894
TO;Norte;2014;97813844884.32;4065814362.84;4.156685965722392
TO;Norte;2015;107920254798.39;4337159864.65;4.018856212628867
TO;Norte;2016;115654398326.54001;4994721419.34;4.318661020774881
TO;Norte;2017;122402490180.48;5431832814.9;4.437681624688249
TO;Norte;2018;133670148036.41;5599226350.62;4.188838295514451
TO;Norte;2019;146842544420.05;5559076423.11;3.7857396472292124
TO;Norte;2020;163756774994.68;5659526055.73;3.4560561270908403
TO;Norte;2021;204225137731.22;5168466853.35;2.5307691848161227
TO;Norte;2022;265786604967.41;7051753668.6;2.653163679736481
TO;Norte;2023;335576906546.44;9522772434.83;2.8377317536038964
TO;Norte;2024;405265974573.5;13502161958.48;3.3316791454524672
