periodo,coluna,exposicao,nivel,J,cd_stat,cd_p,correlacao_transversal_media,rho1,rho12,autocorr_cluster_p,hetero_corr
Total,total_desastres,Total de desastres,Total,3,-0.9549063102658852,0.33962507834918854,-0.004436293179251103,0.08710376087462779,0.11586968510252335,0.18367373392568362,0.0020350808474097998
Total,grupo_climatologico,Grupo | Climatológico,Grupo,3,-0.9954359600517731,0.3195242763130681,-0.004624585378150183,0.08815096209837854,0.11700409046608852,0.17523495378675827,0.004308965905864891
Total,grupo_hidrologico,Grupo | Hidrológico,Grupo,3,-0.9456942399764449,0.34430456123949205,-0.004393495844944612,0.08861255112489062,0.11596760184307552,0.1863481360246527,-0.045120722634253665
Total,grupo_meteorologico,Grupo | Meteorológico,Grupo,3,-0.9204488635538708,0.35733824386652213,-0.0042762111542612845,0.08858690365602821,0.11646653064258189,0.1773237948537252,-0.06438944439859029
Total,grupo_outros,Grupo | Outros,Grupo,3,-0.978989547028644,0.3275851443745037,-0.004548178814350915,0.0895331484216259,0.11673150523711316,0.17515908156040025,-0.03213665616568408
Total,tipo_alagamentos,Tipologia | Alagamentos,Tipologia,3,-1.0025099927166647,0.3160973427798506,-0.004657449840897654,0.08805816172066018,0.11785715514253735,0.18940967874318643,-0.03129970971018039
Total,tipo_chuvas_intensas,Tipologia | Chuvas Intensas,Tipologia,3,-0.9980419745639014,0.31825900521187556,-0.004636692371559792,0.08829990545411968,0.11708744753971954,0.18583458246082216,-0.05313942234129819
Total,tipo_doencas_infecciosas,Tipologia | Doenças infecciosas,Tipologia,3,-1.0045723813545906,0.315102801789397,-0.004667031263230958,0.0885475575154432,0.11665368217371704,0.1817806938265975,-0.02724486326136325
Total,tipo_enxurradas,Tipologia | Enxurradas,Tipologia,3,-0.9904474945033636,0.32195544079449157,-0.004601410020055443,0.08940582930468906,0.1162801762642068,0.17605822278888691,-0.06015932798861091
Total,tipo_erosao,Tipologia | Erosão,Tipologia,3,-0.9298439159356016,0.3524519046117517,-0.004319858584749176,0.08950631483068552,0.11683899045934087,0.17472820932344593,-0.0447603871334278
Total,tipo_estiagem_e_seca,Tipologia | Estiagem e Seca,Tipologia,3,-0.9545391554603322,0.33981079914927137,-0.004434587455514551,0.08923456378518918,0.1165475752398912,0.17457530707589577,0.0013393401876402775
Total,tipo_granizo,Tipologia | Granizo,Tipologia,3,-0.8610502696226893,0.3892103570480575,-0.004000257823257918,0.0886834042979737,0.11530560663131342,0.17623370781062608,-0.09024841318477554
Total,tipo_incendio_florestal,Tipologia | Incêndio Florestal,Tipologia,3,-0.9885978321678407,0.32285994727887113,-0.004592816879226042,0.08775737947352928,0.11710681774619727,0.1767860722359564,-0.01577315089722434
Total,tipo_inundacoes,Tipologia | Inundações,Tipologia,3,-0.9465251881210391,0.3438807813293847,-0.004397356254648208,0.08882934880079357,0.11527242266173171,0.1822651706079784,-0.00541410996546616
Total,tipo_movimento_de_massa,Tipologia | Movimento de Massa,Tipologia,3,-0.9148528968977244,0.3602688608358162,-0.00425021347423646,0.08710967241614777,0.11363823010231987,0.18179052949049623,-0.029060547888965862
Total,tipo_onda_de_calor_e_baixa_umidade,Tipologia | Onda de Calor e Baixa Umidade,Tipologia,3,-0.9274347641268291,0.3537008479209145,-0.004308666173910398,0.08667654698796524,0.11360831386339815,0.17887372228625356,0.00571041396144015
Total,tipo_onda_de_frio,Tipologia | Onda de Frio,Tipologia,3,-0.9156245676067702,0.35986384118309656,-0.004253798493485327,0.08720919630490263,0.11768459224668018,0.1793000783153353,-0.013678925781461664
Total,tipo_outros,Tipologia | Outros,Tipologia,3,-0.9490236355623217,0.3426085911466137,-0.004408963514149293,0.08951943862065131,0.11674370881477558,0.17438485078014163,-0.048682575089843985
Total,tipo_rompimento_colapso_de_barragens,Tipologia | Rompimento/Colapso de barragens,Tipologia,3,-0.8901645111963042,0.37337755746411605,-0.004135516444887649,0.08585743778963015,0.11421148105768733,0.18565554672686077,-0.02550432909338635
Total,tipo_tornado,Tipologia | Tornado,Tipologia,3,-0.9366964143212387,0.34891474120645616,-0.0043516938459912625,0.08895178316371842,0.11732336279266407,0.17708314691560018,-0.0027442791312154878
Total,tipo_vendavais_e_ciclones,Tipologia | Vendavais e Ciclones,Tipologia,3,-0.9336390530098185,0.35049011327893465,-0.004337489990611374,0.08880112591169002,0.11668820295281333,0.17681332011193196,-0.051837933676900524
Total,analitica_Clima/hidrometeorologia,Clima/hidrometeorologia,Analítica,3,-0.9405313072478659,0.3469450986182384,-0.004369509949153067,0.08678966034585756,0.1156868291897669,0.18449361285813173,-0.005201629969696033
Total,analitica_Natural não diretamente climático,Natural não diretamente climático,Analítica,3,-0.9706386293097079,0.3317282625584438,-0.0045093822131359864,0.08960964794405453,0.11675089645526252,0.17497062175955844,-0.0338948429012901
Total,analitica_Tecnológico/antrópico,Tecnológico/antrópico,Analítica,3,-0.9447753012935086,0.3447736038678899,-0.004389226649770769,0.08950492652309475,0.1167831554352917,0.1743790950811015,-0.059177734256514625
Pré,total_desastres,Total de desastres,Total,3,3.858816946994388,0.00011393723589357743,0.024106779132778033,-0.01789668388570131,0.09417512696085818,0.4873646344065663,-0.012359500493322663
Pré,grupo_climatologico,Grupo | Climatológico,Grupo,3,3.8198717582835626,0.00013352107675911962,0.023863480972893182,-0.01780578720974459,0.09538803942517916,0.48923893461136336,-0.010434133055549482
Pré,grupo_hidrologico,Grupo | Hidrológico,Grupo,3,3.7169918484694486,0.00020160894557523927,0.023220770189470115,-0.01708437485593916,0.0954070149706177,0.5308654474161357,-0.06119153103887992
Pré,grupo_meteorologico,Grupo | Meteorológico,Grupo,3,3.885887396126313,0.00010195676113603588,0.024275893487569266,-0.01732628792733678,0.09566739061827725,0.4987887324378357,-0.0593641725997655
Pré,grupo_outros,Grupo | Outros,Grupo,3,3.7432892320455298,0.00018162695848958447,0.023385055053548032,-0.0187748534679408,0.09679415363424979,0.4749717743825298,-0.032162148729161684
Pré,tipo_alagamentos,Tipologia | Alagamentos,Tipologia,4,3.314539510111639,0.0009179420629963647,0.020706572246025696,-0.029434208398463554,0.10101163502229416,0.41320556955194526,0.006588791018412553
Pré,tipo_chuvas_intensas,Tipologia | Chuvas Intensas,Tipologia,3,3.7631961545787074,0.00016775551667771633,0.023509417465995303,-0.017279735525111063,0.09655895516137655,0.5180745597551981,-0.06273916304656191
Pré,tipo_doencas_infecciosas,Tipologia | Doenças infecciosas,Tipologia,3,3.7516406913948748,0.00017568112150526886,0.023437228242568525,-0.018557233359590135,0.09668098671972657,0.48142695256267865,-0.024361276614243844
Pré,tipo_enxurradas,Tipologia | Enxurradas,Tipologia,3,3.8214868081345617,0.0001326495109154167,0.023873570503073354,-0.016647162422419322,0.09560034755146167,0.5195184981286854,-0.07120902629089398
Pré,tipo_erosao,Tipologia | Erosão,Tipologia,3,3.7968751178841718,0.0001465315604663108,0.023719816492686147,-0.017996172938927323,0.09557556917536633,0.473977177915405,-0.062089204911180675
Pré,tipo_estiagem_e_seca,Tipologia | Estiagem e Seca,Tipologia,3,3.8224688988078652,0.00013212214705031315,0.023879705814303424,-0.017948829083358108,0.09476596789448935,0.48286996969055046,-0.006658215011466014
Pré,tipo_granizo,Tipologia | Granizo,Tipologia,3,3.9690964011228256,7.214569234112965e-05,0.024795716307066194,-0.017389295461954113,0.09429429231387199,0.4958490856584677,-0.09007056573926528
Pré,tipo_incendio_florestal,Tipologia | Incêndio Florestal,Tipologia,3,3.840859825146605,0.00012260411371043878,0.023994597504006537,-0.016513693124257683,0.09447620042271124,0.5215085581662294,-0.027991751090890908
Pré,tipo_inundacoes,Tipologia | Inundações,Tipologia,3,3.6553061220508956,0.0002568752761439323,0.022835407472646948,-0.0178761442701726,0.09496007231441102,0.5125284897391781,-0.027476511821069853
Pré,tipo_movimento_de_massa,Tipologia | Movimento de Massa,Tipologia,3,3.8826937515780076,0.00010330564305140447,0.0242559421696363,-0.01803628696798486,0.09450585234558874,0.4768895117863427,-0.016229853943579686
Pré,tipo_onda_de_frio,Tipologia | Onda de Frio,Tipologia,3,3.9347948628738276,8.326778521918209e-05,0.024581427933753435,-0.017501783649645247,0.09558727544120063,0.4931152097592933,-0.013817233453885422
Pré,tipo_outros,Tipologia | Outros,Tipologia,3,3.8335190366542906,0.0001263230200754675,0.023948738172176222,-0.016852171309593243,0.09591169656181679,0.5134645166765099,-0.013507009822218193
Pré,tipo_tornado,Tipologia | Tornado,Tipologia,3,3.86441071271251,0.00011135771394184326,0.02414172447393818,-0.01824594492315612,0.09663865470452733,0.48287075633120624,0.026210587296162186
Pré,tipo_vendavais_e_ciclones,Tipologia | Vendavais e Ciclones,Tipologia,3,3.8782651691646968,0.00010520401097414097,0.024228275954945255,-0.01725385844921138,0.09584096776841082,0.5009407482358067,-0.04936914718005936
Pré,analitica_Clima/hidrometeorologia,Clima/hidrometeorologia,Analítica,3,3.859222206161674,0.00011374847619747934,0.024109310865527086,-0.01826674325894809,0.09491989841408963,0.4756409274987392,-0.023157064649510874
Pré,analitica_Natural não diretamente climático,Natural não diretamente climático,Analítica,3,3.7313794091872667,0.00019043416372726326,0.023310652076392484,-0.018516572308825988,0.09594915737228822,0.4823994526935689,-0.03392668039542262
Pré,analitica_Tecnológico/antrópico,Tecnológico/antrópico,Analítica,3,3.8180367371156034,0.0001345178978988177,0.023852017239161416,-0.017059103011411926,0.09490879763686393,0.5095930928543059,-0.015742608128789023
