periodo,coluna,exposicao,nivel,N,p_proprio,J,acumulado_direto,low,high,p_acumulado,p_conjunto,ljungbox12_p,q_global_p_acumulado,by_global_p_acumulado,q_local_p_acumulado,q_global_p_conjunto,by_global_p_conjunto,q_local_p_conjunto
Total,total_desastres,Total de desastres,Total,132,1,3,0.0704386721514621,-1.4769974982431284,1.6178748425460523,0.9283125032669016,0.7223813015438066,0.6004636922105968,0.9958530065535475,1.0,0.9283125032669016,0.8602446228219862,1.0,0.7223813015438066
Total,grupo_climatologico,Grupo | Climatológico,Grupo,132,1,3,-0.5889270183242978,-3.38954140156366,2.211687364915064,0.6777957120634022,0.6835023353446963,0.6466597947518513,0.8846527650691725,1.0,0.7469828717868829,0.8602446228219862,1.0,0.6835023353446963
Total,grupo_hidrologico,Grupo | Hidrológico,Grupo,132,1,3,0.5862252522083423,-1.6111034871056678,2.7835539915223526,0.5981987795491325,0.4111942463699813,0.5338535040985197,0.8846527650691725,1.0,0.7469828717868829,0.607785394075154,1.0,0.5482589951599751
Total,grupo_meteorologico,Grupo | Meteorológico,Grupo,132,1,3,-6.860756625558637,-16.949278029507997,3.227764778390724,0.1806095001267468,0.0417973172686178,0.7228877105940295,0.3769241741775586,1.0,0.7224380005069873,0.1180159546408032,0.5262092051649084,0.1671892690744712
Total,grupo_outros,Grupo | Outros,Grupo,132,1,3,-5.962629073018153,-42.48388812392261,30.55862997788631,0.7469828717868829,0.3956744388456055,0.4986215958095319,0.8971622194181482,1.0,0.7469828717868829,0.607785394075154,1.0,0.5482589951599751
Total,tipo_alagamentos,Tipologia | Alagamentos,Tipologia,132,1,3,19.690433322063758,-2.5792321803316405,41.96009882445915,0.0825441719674117,0.0323856002940032,0.502430264624955,0.22011779191309788,0.9814605887634723,0.26414135029571745,0.11348008840568845,0.5059846976093101,0.09889537495969335
Total,tipo_chuvas_intensas,Tipologia | Chuvas Intensas,Tipologia,132,1,3,0.2607943293834812,-2.6281184780476026,3.149707136814565,0.8583969548774,0.187130337363116,0.5025003703865158,0.9582105542817487,1.0,0.8583969548774,0.3326761553122062,1.0,0.374260674726232
Total,tipo_doencas_infecciosas,Tipologia | Doenças infecciosas,Tipologia,132,1,3,-7.674245431606298,-29.90097357727653,14.552482714063938,0.495404352959574,0.7347922819937799,0.5323164282319548,0.7670777078083726,1.0,0.7926469647353185,0.8602446228219862,1.0,0.7957502164498375
Total,tipo_enxurradas,Tipologia | Enxurradas,Tipologia,132,1,3,-3.357874458466619,-20.421168645561576,13.70541972862834,0.6974040832819467,0.777450161913069,0.5582369274158978,0.8846527650691725,1.0,0.8583969548774,0.8604960690756713,1.0,0.7957502164498375
Total,tipo_erosao,Tipologia | Erosão,Tipologia,132,1,3,14.748641984697874,-55.21857620011382,84.71586016950957,0.6770608516554074,0.4895991782919119,0.4939226356941107,0.8846527650691725,1.0,0.8583969548774,0.6714503016574792,1.0,0.6527989043892158
Total,tipo_estiagem_e_seca,Tipologia | Estiagem e Seca,Tipologia,132,1,3,-0.4245531230740202,-4.819376749145814,3.970270502997773,0.8485873068804917,0.3260164042573863,0.6908981018453181,0.9582105542817487,1.0,0.8583969548774,0.5396133587708464,1.0,0.5216262468118181
Total,tipo_granizo,Tipologia | Granizo,Tipologia,132,1,3,16.260933765766502,-13.810615034281003,46.332482565814,0.286365101956841,0.6988066819098155,0.5075564935628247,0.5286740343818603,1.0,0.572730203913682,0.8602446228219862,1.0,0.7957502164498375
Total,tipo_incendio_florestal,Tipologia | Incêndio Florestal,Tipologia,132,1,3,2.337285186317663,-1.8936318275692576,6.568202200204584,0.2761287850816554,0.037085765609885,0.5497326102022451,0.5286740343818603,1.0,0.572730203913682,0.1145861302864527,0.5109163140227643,0.09889537495969335
Total,tipo_inundacoes,Tipologia | Inundações,Tipologia,132,1,3,11.450316164559084,5.603101361540751,17.297530967577416,0.0001752667581192,3.415730033925102e-05,0.5444222944609849,0.0021032010974304,0.009377747111814421,0.0009347560433024,0.0009876412389039618,0.00440369196600181,0.0005465168054280163
Total,tipo_movimento_de_massa,Tipologia | Movimento de Massa,Tipologia,132,1,3,25.08938402238268,-5.370557937530144,55.5493259822955,0.1055076404731078,0.0764258181872487,0.6393600696268666,0.2532183371354587,1.0,0.28135370792828746,0.19307575120989146,0.8608856140680465,0.174687584427997
Total,tipo_onda_de_calor_e_baixa_umidade,Tipologia | Onda de Calor e Baixa Umidade,Tipologia,132,1,3,-432.96497012155567,-648.1269877978464,-217.80295244526496,0.000118403958586,0.0003677616123413,0.9072367917594084,0.0021032010974304,0.009377747111814421,0.0009347560433024,0.0029420928987304,0.01311819550563531,0.0014710464493652
Total,tipo_onda_de_frio,Tipologia | Onda de Frio,Tipologia,132,1,3,35.09254081928229,18.913224771718685,51.27185686684589,3.649889870426344e-05,0.0001232188526331,0.5436947285514109,0.0017519471378046453,0.007811576948905019,0.0005839823792682151,0.0019715016421296,0.008790525952561731,0.0009857508210648
Total,tipo_outros,Tipologia | Outros,Tipologia,132,1,3,6.195041270646063,-45.33958055742924,57.72966309872137,0.8122153819609623,0.284322330688298,0.5128012597706881,0.9508863008323462,1.0,0.8583969548774,0.48740970975136794,1.0,0.5054619212236409
Total,tipo_rompimento_colapso_de_barragens,Tipologia | Rompimento/Colapso de barragens,Tipologia,132,1,3,-117.50942944608563,-433.0197551855517,198.00089629338044,0.4621771263812926,0.3825889920269263,0.6471962820504913,0.7670777078083726,1.0,0.7926469647353185,0.607785394075154,1.0,0.5564930793118928
Total,tipo_tornado,Tipologia | Tornado,Tipologia,132,1,3,-64.6118088156394,-396.3386362177001,267.11501858642134,0.7003501056797615,0.7957502164498375,0.6352006843198461,0.8846527650691725,1.0,0.8583969548774,0.8604960690756713,1.0,0.7957502164498375
Total,tipo_vendavais_e_ciclones,Tipologia | Vendavais e Ciclones,Tipologia,132,1,3,-14.5904475141436,-25.25908077865916,-3.921814249628039,0.0077813855503215,0.0002198748288907,0.8527339795531538,0.05977363515776777,0.2665185155847682,0.031125542201286,0.00211079835735072,0.009411621752885372,0.0011726657540837334
Total,analitica_Clima/hidrometeorologia,Clima/hidrometeorologia,Analítica,132,1,3,0.0634783626806437,-1.4426674711643557,1.5696241965256428,0.9336121936439508,0.7157858712536127,0.5995542914708081,0.9958530065535475,1.0,0.992927248092466,0.8602446228219862,1.0,0.9130592008824232
Total,analitica_Natural não diretamente climático,Natural não diretamente climático,Analítica,132,1,3,7.440933910914314,-23.91116054805485,38.79302836988348,0.6391638897837593,0.9130592008824232,0.5544526441455491,0.8846527650691725,1.0,0.992927248092466,0.9527574270077459,1.0,0.9130592008824232
Total,analitica_Tecnológico/antrópico,Tecnológico/antrópico,Analítica,132,1,3,-0.1941000608651236,-43.47235297538892,43.08415285365867,0.992927248092466,0.1037217880477323,0.5248951027842432,1.0,1.0,0.992927248092466,0.23707837268053097,1.0,0.3111653641431969
Pré,total_desastres,Total de desastres,Total,73,0,3,-5.010976543802427,-8.513562219047863,-1.508390868556992,0.0058323306007626,0.0321065815275925,0.3100395774011478,0.05599037376732096,0.24964972038451483,0.0058323306007626,0.11348008840568845,0.5059846976093101,0.0321065815275925
Pré,grupo_climatologico,Grupo | Climatológico,Grupo,73,0,3,-3.8263783063662458,-10.185067360541275,2.532310747808784,0.2331842561963583,0.0023437767821302,0.5417216895477213,0.4663685123927166,1.0,0.3109123415951444,0.011250128554224961,0.050162041416686426,0.0093751071285208
Pré,grupo_hidrologico,Grupo | Hidrológico,Grupo,73,0,3,-8.533575709330778,-17.403665146883938,0.3365137282223838,0.0590337349177597,0.1180727332899085,0.2398978853820366,0.18890795173683103,0.842302241551331,0.1180674698355194,0.25761323626889127,1.0,0.17497204177531692
Pré,grupo_meteorologico,Grupo | Meteorológico,Grupo,73,0,3,-6.270204873857511,-36.27094902616851,23.730539278453485,0.6771407633785981,0.8031265871545957,0.0734575319014077,0.8846527650691725,1.0,0.6771407633785981,0.8604960690756713,1.0,0.8031265871545957
Pré,grupo_outros,Grupo | Outros,Grupo,73,0,3,-55.66927323186934,-109.09227248805756,-2.246273975681113,0.0414027866191865,0.1312290313314877,0.1386210218497068,0.1739873123033712,0.77577413659527,0.1180674698355194,0.27386928277875694,1.0,0.17497204177531692
Pré,tipo_alagamentos,Tipologia | Alagamentos,Tipologia,73,0,3,-56.36958930329075,-119.55823004456028,6.8190514379787714,0.0793584852010623,0.0917042284815352,0.1595372763794276,0.22011779191309788,0.9814605887634723,0.18139082331671383,0.22009014835568447,0.9813373317477686,0.20960966510065188
Pré,tipo_chuvas_intensas,Tipologia | Chuvas Intensas,Tipologia,73,0,3,-17.718120443531856,-35.87138564455803,0.4351447574943243,0.0555577615811132,0.1490030618608137,0.3234056010623332,0.18890795173683103,0.842302241551331,0.17778483705956225,0.2980061237216274,1.0,0.272380706227904
Pré,tipo_doencas_infecciosas,Tipologia | Doenças infecciosas,Tipologia,73,0,3,-21.39455262004829,-49.778184400953336,6.98907916085675,0.1367238769488877,0.4305146541365674,0.2610927656149637,0.31251171874031475,1.0,0.24306467013135594,0.607785394075154,1.0,0.5740195388487566
Pré,tipo_enxurradas,Tipologia | Enxurradas,Tipologia,73,0,3,-21.94680428441348,-40.66915435968816,-3.2244542091387984,0.0224042391299412,0.0599248883810273,0.0795128076868402,0.12780010623985813,0.5698347526751737,0.17778483705956225,0.15979970234940613,0.7125144614116191,0.15979970234940613
Pré,tipo_erosao,Tipologia | Erosão,Tipologia,73,0,3,-97.22468624290045,-195.77689783542309,1.3275253496222348,0.0530612525644424,0.0330983591183258,0.1467650341232461,0.18890795173683103,0.842302241551331,0.17778483705956225,0.11348008840568845,0.5059846976093101,0.10591474917864256
Pré,tipo_estiagem_e_seca,Tipologia | Estiagem e Seca,Tipologia,73,0,3,-4.589685493777611,-10.976624132213896,1.7972531446586748,0.155624714806087,0.001138525603093,0.5019438493544517,0.33954483230418986,1.0,0.2489995436897392,0.007807032706923429,0.03480997537926336,0.009108204824744
Pré,tipo_granizo,Tipologia | Granizo,Tipologia,73,0,3,32.66519362880055,-6.969247369926698,72.29963462752781,0.1043705003394019,0.17023794139244,0.2046227935216611,0.2532183371354587,1.0,0.2087410006788038,0.3142854302629662,1.0,0.272380706227904
Pré,tipo_incendio_florestal,Tipologia | Incêndio Florestal,Tipologia,73,0,3,15.64050390369512,-29.543654230118577,60.824662037508816,0.491027894972049,4.115171828766507e-05,0.5804261790804988,0.7670777078083726,1.0,0.6046651694494778,0.0009876412389039618,0.00440369196600181,0.0006584274926026411
Pré,tipo_inundacoes,Tipologia | Inundações,Tipologia,73,0,3,-14.002929837750878,-54.48088469457984,26.47502501907808,0.4912904501777007,0.429410737939194,0.0895967694353301,0.7670777078083726,1.0,0.6046651694494778,0.607785394075154,1.0,0.5740195388487566
Pré,tipo_movimento_de_massa,Tipologia | Movimento de Massa,Tipologia,73,0,3,-76.21235311574829,-150.12211622212303,-2.302590009373532,0.0434968280758428,0.024047350934289,0.1643441979693284,0.1739873123033712,0.77577413659527,0.17778483705956225,0.10493389498598836,0.4678789545319998,0.096189403737156
Pré,tipo_onda_de_frio,Tipologia | Onda de Frio,Tipologia,73,0,3,-82.17738475536615,-248.99935581809584,84.64458630736354,0.3280934059009038,0.7264786568479857,0.2154532472591452,0.5832771660460512,1.0,0.47722677221949644,0.8602446228219862,1.0,0.8941275776590594
Pré,tipo_outros,Tipologia | Outros,Tipologia,73,0,3,52.56433125856572,-5.342273298147056,110.4709358152785,0.0743630838174038,0.0019451901984962,0.1700557482911549,0.22011779191309788,0.9814605887634723,0.18139082331671383,0.010374347725313067,0.04625711233075877,0.010374347725313067
Pré,tipo_tornado,Tipologia | Tornado,Tipologia,73,0,3,95.60401004245742,-496.51212051519406,687.7201406001088,0.7476351828484569,0.8067150647584419,0.0919716516621734,0.8971622194181482,1.0,0.854440208969665,0.8604960690756713,1.0,0.9219600740096479
Pré,tipo_vendavais_e_ciclones,Tipologia | Vendavais e Ciclones,Tipologia,73,0,3,-21.72807982647769,-41.85863374689672,-1.5975259060586602,0.0348803465127389,0.1560811056638026,0.1061951167646522,0.16742566326114672,0.7465170743820373,0.17778483705956225,0.29967572287450095,1.0,0.272380706227904
Pré,analitica_Clima/hidrometeorologia,Clima/hidrometeorologia,Analítica,73,0,3,-5.133758852473936,-8.917928777542551,-1.3495889274053208,0.0087169884605078,0.0381953767621509,0.3352886110755461,0.05977363515776777,0.2665185155847682,0.0130754826907617,0.1145861302864527,0.5109163140227643,0.0381953767621509
Pré,analitica_Natural não diretamente climático,Natural não diretamente climático,Analítica,73,0,3,-47.64374340289988,-71.35153586453093,-23.935950941268825,0.0001704356191067,0.0001902127244267,0.1847118303636654,0.0021032010974304,0.009377747111814421,0.0005113068573201,0.00211079835735072,0.009411621752885372,0.0005706381732801001
Pré,analitica_Tecnológico/antrópico,Tecnológico/antrópico,Analítica,73,0,3,50.27617229818088,6.87543484455265,93.67690975180908,0.0239625199199734,0.0014833491845899,0.1671569671531675,0.12780010623985813,0.5698347526751737,0.0239625199199734,0.0089000951075394,0.03968371892329865,0.00222502377688485
