periodo,coluna,exposicao,nivel,J,medida,suporte,N,UFs,K,AIC,BIC,condition,rank,acumulado_cluster_estimate,acumulado_cluster_se,acumulado_cluster_low,acumulado_cluster_high,acumulado_cluster_p,acumulado_cluster_df,acumulado_dk_estimate,acumulado_dk_se,acumulado_dk_low,acumulado_dk_high,acumulado_dk_p,acumulado_dk_df,defasado_cluster_estimate,defasado_cluster_se,defasado_cluster_low,defasado_cluster_high,defasado_cluster_p,defasado_cluster_df,defasado_dk_estimate,defasado_dk_se,defasado_dk_low,defasado_dk_high,defasado_dk_p,defasado_dk_df,contemporaneo_cluster_estimate,contemporaneo_cluster_se,contemporaneo_cluster_low,contemporaneo_cluster_high,contemporaneo_cluster_p,contemporaneo_cluster_df,contemporaneo_dk_estimate,contemporaneo_dk_se,contemporaneo_dk_low,contemporaneo_dk_high,contemporaneo_dk_p,contemporaneo_dk_df,joint_cluster_p,joint_dk_p,boot_B,acumulado_boot_p,acumulado_boot_mcse,joint_boot_p,joint_boot_mcse,defasado_boot_p,q_global_acumulado_cluster_p,by_global_acumulado_cluster_p,q_local_acumulado_cluster_p,q_global_joint_cluster_p,by_global_joint_cluster_p,q_local_joint_cluster_p,q_global_acumulado_boot_p,by_global_acumulado_boot_p,q_local_acumulado_boot_p,q_global_joint_boot_p,by_global_joint_boot_p,q_local_joint_boot_p,q_global_acumulado_dk_p,by_global_acumulado_dk_p,q_local_acumulado_dk_p,q_global_joint_dk_p,by_global_joint_dk_p,q_local_joint_dk_p
Total,total_desastres,Total de desastres,Total,3,C_prop,estimável,3564,27,12,-16179.287762195476,-15184.526917232371,1.835317475085402,3,0.0582895488366406,0.0568229842441111,-0.0585117680686699,0.1750908657419512,0.3144312095422222,26,0.0582895488366406,0.0627107130659408,-0.0657672005730217,0.182346298246303,0.354340132013365,131,0.029931242365798,0.051184610344554,-0.0752802310028973,0.1351427157344934,0.5637428095674412,26,0.029931242365798,0.0589871368554098,-0.0867593850804303,0.1466218698120264,0.6127134718170003,131,0.0283583064708425,0.0096408244604649,0.0085413079795684,0.0481753049621166,0.0067806598639454,26,0.0283583064708425,0.0080063110712138,0.0125199133527004,0.0441966995889846,0.0005507491000196,131,0.0005177686565571,0.0031774984762178,4999,0.3182,0.006587089797475,0.0062,0.001110095491388,0.575,0.7224542445272369,1.0,0.3144312095422222,0.003550413644962971,0.015830574330469995,0.0005177686565571,0.9064421052631579,1.0,0.3182,0.29760000000000003,1.0,0.0062,0.8438556925835853,1.0,0.354340132013365,0.021788560979779197,0.09715077414535177,0.0031774984762178
Total,grupo_climatologico,Grupo | Climatológico,Grupo,3,C_prop,estimável,3564,27,12,-16173.23280422383,-15178.471959260729,1.7627720954911397,3,0.084634190205343,0.1085230898714751,-0.1384382157979603,0.3077065962086464,0.442507767696623,26,0.084634190205343,0.1246090798630362,-0.1618722939177515,0.3311406743284376,0.4982109341249028,131,0.0639088097157698,0.099519276661411,-0.1406559931742052,0.2684736126057448,0.5263816863422006,26,0.0639088097157698,0.1199522283229881,-0.1733853112193272,0.3012029306508669,0.5950846868933088,131,0.0207253804895731,0.0136861812478226,-0.0074069679679282,0.0488577289470746,0.1420055735690681,26,0.0207253804895731,0.0101921871748285,0.0005628030212778,0.0408879579578685,0.0440260034652195,131,0.4166543820360541,0.0729269090820707,4999,0.461,0.0070495248066802,0.5354,0.0070533231883985,0.544,0.8440166059797309,1.0,0.7502369830930942,0.5405246037224485,1.0,0.4166543820360541,0.9064421052631579,1.0,0.7858666666666667,0.85664,1.0,0.5354,0.8438556925835853,1.0,0.7185316934347835,0.1275213949202273,0.5685920354305453,0.1458538181641414
Total,grupo_hidrologico,Grupo | Hidrológico,Grupo,3,C_prop,estimável,3564,27,12,-16176.35874538467,-15181.597900421568,1.7877381446728633,3,-0.0274861400714361,0.1164822517411845,-0.266918837604851,0.2119465574619787,0.815306082732939,26,-0.0274861400714361,0.0874849080112795,-0.200552156700374,0.1455798765575016,0.7538829776444529,131,-0.0554979149137167,0.1072693267871295,-0.275993173988064,0.1649973441606305,0.6092719927128443,26,-0.0554979149137167,0.0842655978506199,-0.2221953681131018,0.1111995382856683,0.5113040423304784,131,0.0280117748422805,0.0245494774358684,-0.022450398730446,0.0784739484150071,0.2642572498162076,26,0.0280117748422805,0.0158218506245981,-0.0032876198252457,0.0593111695098068,0.0789784516411076,131,0.2667474490317479,0.2035936011886438,4999,0.8216,0.0054143040180617,0.4472,0.0070315312699297,0.6246,0.9317783802662161,1.0,0.815306082732939,0.4001211735476219,1.0,0.3556632653756639,0.9618731707317073,1.0,0.8216,0.7666285714285713,1.0,0.5354,0.8825947055349693,1.0,0.7538829776444529,0.28683215979793997,1.0,0.2210997898442454
Total,grupo_meteorologico,Grupo | Meteorológico,Grupo,3,C_prop,estimável com ressalvas,3564,27,12,-16172.479923839775,-15177.719078876671,1.9735315797113244,3,0.0958007817748323,0.163376929210651,-0.2400253058127337,0.4316268693623984,0.5626777373198206,26,0.0958007817748323,0.1554959608822358,-0.2118073207370661,0.4034088842867309,0.5388987700760877,131,0.0368699716422322,0.1644173017160352,-0.3010946322573056,0.3748345755417701,0.8243185413009646,26,0.0368699716422322,0.1359275569141479,-0.2320271599887661,0.3057671032732306,0.7866278597709044,131,0.0589308101326001,0.0331657735877546,-0.0092424138323938,0.1271040340975941,0.0872950801210641,26,0.0589308101326001,0.0301478867100907,-0.0007089012336527,0.118570521498853,0.0527452819740054,131,0.0085564076318608,0.0075559026598106,4999,0.5894,0.0069571206687824,0.0738,0.0036973925947889,0.8288,0.8440166059797309,1.0,0.7502369830930942,0.029336254737808456,0.1308044097519017,0.0342256305274432,0.9064421052631579,1.0,0.7858666666666667,0.5060571428571429,1.0,0.2952,0.8438556925835853,1.0,0.7185316934347835,0.03626833276709088,0.16171313968619022,0.0302236106392424
Total,grupo_outros,Grupo | Outros,Grupo,3,C_prop,estimável,3564,27,12,-16170.358969685229,-15175.598124722126,2.124682725866666,3,0.0651063119839543,0.0436598611654224,-0.0246378179286322,0.1548504418965408,0.147938703469211,26,0.0651063119839543,0.0837838646753067,-0.1006381580824002,0.2308507820503088,0.438515729408755,131,0.0381758268069233,0.040186437047488,-0.0444285775783568,0.1207802311922035,0.3508760847683666,26,0.0381758268069233,0.0761643922518086,-0.1124955092626643,0.188847162876511,0.6170509633383229,131,0.0269304851770309,0.0169511429228705,-0.0079130881195722,0.0617740584736341,0.1242133074149346,26,0.0269304851770309,0.014461287650063,-0.0016773913792201,0.055538361733282,0.064808627486441,131,0.03060774414756,0.2210997898442454,4999,0.2322,0.0059713174425749,0.2394,0.0060346936956236,0.4358,0.6679136934669063,1.0,0.591754813876844,0.09182323244268001,0.4094211694206775,0.06121548829512,0.9064421052631579,1.0,0.7858666666666667,0.7396571428571429,1.0,0.4788,0.8438556925835853,1.0,0.7185316934347835,0.28683215979793997,1.0,0.2210997898442454
Total,tipo_alagamentos,Tipologia | Alagamentos,Tipologia,3,C_prop,estimável,3564,27,12,-16174.377454267224,-15179.616609304125,1.8356170559051213,3,-0.1180326744843512,0.317743940192081,-0.7711646974995543,0.535099348530852,0.7132967908206368,26,-0.1180326744843512,0.3526584371793844,-0.8156751860973652,0.5796098371286629,0.7383911920400429,131,-0.2058388224993254,0.3807764119842859,-0.9885359468738322,0.5768583018751814,0.5934006920687673,26,-0.2058388224993254,0.3750838557579759,-0.9478441614028824,0.5361665164042313,0.5840899990990198,131,0.0878061480149741,0.0920461345631696,-0.1013973912929043,0.2770096873228527,0.3489013648099912,26,0.0878061480149741,0.0747141607344912,-0.0599962841762496,0.235608580206198,0.2420352790617453,131,0.1232533995399422,0.2179809279248807,9999,0.7176,0.0045016690238177,0.2347,0.0042381117257571,0.5889,0.877903742548476,1.0,0.877903742548476,0.227544737612201,1.0,0.2465067990798844,0.9064421052631579,1.0,0.8832,0.7396571428571429,1.0,0.6258666666666667,0.8825947055349693,1.0,0.9087891594338989,0.28683215979793997,1.0,0.24912106048557794
Total,tipo_chuvas_intensas,Tipologia | Chuvas Intensas,Tipologia,3,C_prop,estimável,3564,27,12,-16175.943832525883,-15181.182987562785,2.025684619220414,3,-0.2285724704064984,0.1357553988812277,-0.5076216892615679,0.050476748448571,0.1042086686124292,26,-0.2285724704064984,0.1308980471774631,-0.4875200320429524,0.0303750912299555,0.083122628913626,131,-0.2572408311867112,0.1354352466608088,-0.5356319677278627,0.0211503053544402,0.0686646953849322,26,-0.2572408311867112,0.122931346759499,-0.5004283590258459,-0.0140533033475765,0.0383182438183705,131,0.0286683607802128,0.0366635922626593,-0.0466947324420825,0.1040314540025081,0.4413188871248194,26,0.0286683607802128,0.0215737555364576,-0.0140096738579424,0.071346395418368,0.1862062767150792,131,0.2407494587053841,0.040631678146675,9999,0.1077,0.0031000114515917,0.3897,0.0048768218134354,0.0815,0.6679136934669063,1.0,0.30688671523138333,0.3851991339286146,1.0,0.3851991339286146,0.9064421052631579,1.0,0.6936,0.7618559999999999,1.0,0.7794,0.5485591869254016,1.0,0.22166034376966934,0.09824884194574125,0.43807165892099215,0.06992432035204624
Total,tipo_doencas_infecciosas,Tipologia | Doenças infecciosas,Tipologia,3,C_prop,exposição altamente concentrada,3564,27,12,-16174.375775079208,-15179.614930116104,1.8788999588217905,3,-0.0040572346751764,0.1807875212039252,-0.3756713066491176,0.3675568372987646,0.9822667227688388,26,-0.0040572346751764,0.2234920305463747,-0.4461777827128683,0.4380633133625153,0.9855437611720912,131,-0.073360560957176,0.1383406802594117,-0.3577239017922778,0.2110027798779257,0.6004116628999503,26,-0.073360560957176,0.1784113674591574,-0.4263008039016741,0.2795796819873221,0.6816067905181876,131,0.0693033262819995,0.0524792773483888,-0.0385693732263178,0.1771760257903168,0.1981469980589147,26,0.0693033262819995,0.0512077207543042,-0.0319977604203124,0.1706044129843115,0.1782660914500814,131,0.0918267329597427,0.0073036818343057,4999,0.9692,0.0024434140050347,0.6478,0.0067550745369684,0.698,1.0,1.0,0.9824122674293974,0.1910383403362772,0.8518012122203303,0.20988967533655473,1.0,1.0,0.984,0.8874810810810811,1.0,0.9013333333333334,1.0,1.0,0.9855437611720912,0.03626833276709088,0.16171313968619022,0.02337178186977824
Total,tipo_enxurradas,Tipologia | Enxurradas,Tipologia,3,C_prop,estimável com ressalvas,3564,27,12,-16171.62190596003,-15176.861060996927,2.00291915859334,3,0.5290128757513454,0.3955634898892347,-0.2840795225682891,1.3421052740709798,0.1926862520142567,26,0.5290128757513454,0.3377379751244069,-0.1391134028013878,1.1971391543040786,0.1196812389413945,131,0.4051485246504178,0.3524930035351384,-0.3194112210317057,1.1297082703325414,0.2608628303528696,26,0.4051485246504178,0.3225250035324419,-0.2328828672028732,1.0431799165037088,0.2112873840841109,131,0.1238643511009276,0.0837849841956074,-0.0483581504293713,0.2960868526312266,0.1513250060571352,26,0.1238643511009276,0.0651583135388312,-0.0050343358928449,0.2527630380947001,0.0595019218066114,131,0.352243931870271,0.024292220237477,4999,0.284,0.0063772094210555,0.4996,0.0070710655491234,0.3284,0.6679136934669063,1.0,0.3853725040285134,0.49409168360878636,1.0,0.44868483330199666,0.9064421052631579,1.0,0.7573333333333333,0.8269241379310345,1.0,0.8881777777777777,0.5485591869254016,1.0,0.239362477882789,0.07900105480936997,0.3522496800111044,0.0507742641863886
Total,tipo_erosao,Tipologia | Erosão,Tipologia,3,C_prop,exposição altamente concentrada,3564,27,12,-16169.524374254412,-15174.76352929131,2.2647569293585166,3,0.0744260492066578,0.046146610906587,-0.0204296680054301,0.1692817664187457,0.1188578893821211,26,0.0744260492066578,0.0422093360573861,-0.0090740860973898,0.1579261845107054,0.0801881965038316,131,0.0633093064390389,0.0427489585855732,-0.0245624364049317,0.1511810492830097,0.1506363361541737,26,0.0633093064390389,0.0391668972492512,-0.0141721591615061,0.1407907720395841,0.1084139146460813,131,0.0111167427676188,0.0065931156644553,-0.0024356005730465,0.0246690861082841,0.1037394153348964,26,0.0111167427676188,0.0047648293794918,0.0016907736562509,0.0205427118789866,0.0211671411584703,131,0.2924481455897728,0.0253871320931943,4999,0.568,0.0070053693692766,0.938,0.0034104545151636,0.5498,0.6679136934669063,1.0,0.30688671523138333,0.4253791208578513,1.0,0.4253791208578513,0.9064421052631579,1.0,0.8832,1.0,1.0,0.9696,0.5485591869254016,1.0,0.22166034376966934,0.07900105480936997,0.3522496800111044,0.0507742641863886
Total,tipo_estiagem_e_seca,Tipologia | Estiagem e Seca,Tipologia,3,C_prop,estimável,3564,27,12,-16170.074254133327,-15175.313409170223,1.6205460784354018,3,0.0733558969784212,0.1469160653256029,-0.228634400307935,0.3753461942647774,0.6217635614287884,26,0.0733558969784212,0.1701133874561547,-0.2631689621263739,0.4098807560832163,0.66701888431567,131,0.0614412879930677,0.1386271227640533,-0.2235108438428035,0.346393419828939,0.6612780342374504,26,0.0614412879930677,0.1677673971675288,-0.2704426427101075,0.393325218696243,0.714784984322622,131,0.0119146089853534,0.0150374762634732,-0.0189953661571091,0.042824584127816,0.4353398694870876,26,0.0119146089853534,0.0120447972975748,-0.011912873225927,0.0357420911966339,0.3243931103634684,131,0.888622638277291,0.7665297883534479,4999,0.6626,0.0066867217678022,0.91,0.0040472212689696,0.701,0.8611546900285768,1.0,0.8625475933988086,0.9478641474957771,1.0,0.888622638277291,0.9064421052631579,1.0,0.8832,1.0,1.0,0.9696,0.8438556925835853,1.0,0.8893585124208934,0.8176317742436777,1.0,0.7665297883534479
Total,tipo_granizo,Tipologia | Granizo,Tipologia,3,C_prop,estimável com ressalvas,3564,27,12,-16173.65143263679,-15178.890587673688,1.863311337711058,3,-0.5107867072858012,0.850772308809561,-2.25957423362602,1.2380008190544172,0.5534507195456919,26,-0.5107867072858012,0.8060338323256695,-2.1053138983159982,1.083740483744396,0.5273790387643083,131,-0.8235086405746832,0.785665408975059,-2.43846701764631,0.7914497364969435,0.3042080293047288,26,-0.8235086405746832,0.7142679580068962,-2.236501042441312,0.5894837612919455,0.2510341197305197,131,0.3127219332888817,0.1097720636480599,0.0870822249197153,0.5383616416580481,0.008467370372912,26,0.3127219332888817,0.1527403869541048,0.0105650133193104,0.614878853258453,0.0426169453838411,131,0.0028347914524654,0.0045482374634369,9999,0.54,0.0049839743177508,0.0293,0.0016864610876032,0.2773,0.8440166059797309,1.0,0.8625475933988086,0.0117135379543308,0.0522282899407765,0.00907133264788928,0.9064421052631579,1.0,0.8832,0.3516,1.0,0.2344,0.8438556925835853,1.0,0.8207942357302028,0.0272894247806214,0.12167801012095944,0.0181929498537476
Total,tipo_incendio_florestal,Tipologia | Incêndio Florestal,Tipologia,3,C_prop,estimável com ressalvas,3564,27,12,-16174.442950472176,-15179.682105509077,2.083423337419218,3,0.0055855927203702,0.2509500902836631,-0.5102497054877863,0.5214208909285268,0.9824122674293974,26,0.0055855927203702,0.1242634417489847,-0.2402371367648808,0.2514083222056213,0.964215923915924,131,-0.0351445214102046,0.2313159232347167,-0.51062121124602,0.4403321684256107,0.8804126058248409,26,-0.0351445214102046,0.1183236434218176,-0.2692169129293975,0.1989278701089882,0.7669214718247669,131,0.0407301141305749,0.0309933039851876,-0.0229775346117858,0.1044377628729356,0.2002696301521047,26,0.0407301141305749,0.0229983211693437,-0.0047660511442187,0.0862262794053685,0.0788856603311618,131,0.3645564270578723,0.0437027002200289,4999,0.984,0.0017744858410255,0.676,0.006618519471906,0.8964,1.0,1.0,0.9824122674293974,0.49409168360878636,1.0,0.44868483330199666,1.0,1.0,0.984,0.8874810810810811,1.0,0.9013333333333334,1.0,1.0,0.9855437611720912,0.09824884194574125,0.43807165892099215,0.06992432035204624
Total,tipo_inundacoes,Tipologia | Inundações,Tipologia,3,C_prop,estimável com ressalvas,3564,27,12,-16174.971742097405,-15180.210897134302,1.6827945260858086,3,0.3684031878452532,0.3603794412704114,-0.3723673627677479,1.1091737384582545,0.3160737319806662,26,0.3684031878452532,0.1801331014942077,0.0120569442783139,0.7247494314121925,0.0428401794925554,131,0.3228345466778913,0.3217905148504914,-0.3386153296733405,0.9842844230291232,0.3249891154321736,26,0.3228345466778913,0.1711330091450262,-0.0157073673472645,0.6613764607030472,0.0614473259718401,131,0.0455686411673618,0.0441288833294764,-0.0451395776108137,0.1362768599455374,0.3112891255747224,26,0.0455686411673618,0.0313648948747974,-0.0164786026528717,0.1076158849875954,0.1486552230243754,131,0.6948116487492363,0.0837203806723452,9999,0.4633,0.0049865129098399,0.9696,0.0017168529348782,0.4825,0.7224542445272369,1.0,0.5619088568545176,0.77560370092938,1.0,0.7411324253325187,0.9064421052631579,1.0,0.8832,1.0,1.0,0.9696,0.5140821539106648,1.0,0.1713607179702216,0.13043888401061202,0.581600527545033,0.10304046851980948
Total,tipo_movimento_de_massa,Tipologia | Movimento de Massa,Tipologia,3,C_prop,estimável com ressalvas,3564,27,12,-16179.311432555309,-15184.550587592204,1.9049398357435765,3,-1.887739896651905,1.221283386141948,-4.398123849792132,0.6226440564883213,0.1342629379137302,26,-1.887739896651905,1.204581686286596,-4.270689812115168,0.4952100188113579,0.1194959983460451,131,-2.09137216016444,1.1532154865313633,-4.461840541828521,0.2790962214996417,0.0813123957465758,26,-2.09137216016444,1.0609326132810954,-4.190149943283504,0.0074056229546242,0.0508020154500966,131,0.2036322635125344,0.1268068483370591,-0.0570229462658127,0.4642874732908816,0.1203866482458239,26,0.2036322635125344,0.193635598018416,-0.1794251390544178,0.5866896660794867,0.294907105067995,131,0.0003855954021253,5.837958361271758e-05,4999,0.1364,0.0048537622521091,0.0158,0.0017635396224638,0.0656,0.6679136934669063,1.0,0.30688671523138333,0.0030847632170024,0.013754333517712002,0.002056508811334933,0.9064421052631579,1.0,0.6936,0.3008,1.0,0.2344,0.5485591869254016,1.0,0.239362477882789,0.0009340733378034813,0.0041648435599008745,0.0003113577792678271
Total,tipo_onda_de_calor_e_baixa_umidade,Tipologia | Onda de Calor e Baixa Umidade,Tipologia,3,C_prop,exposição altamente concentrada,3564,27,12,-16180.54580496942,-15185.784960006318,2.2786590268055296,3,3.449631310269697,0.3807422515410168,2.667004403691968,4.232258216847427,1.587624121514099e-09,26,3.449631310269697,2.90002831321932,-2.2873164638000327,9.186579084339428,0.2363880126398457,131,2.638583848896186,0.7208138723331177,1.1569297145332966,4.120237983259075,0.0011256323178209,26,2.638583848896186,2.958065188062729,-3.213174707685265,8.490342405477637,0.374030322510775,131,0.8110474613735112,0.6241599000259652,-0.471931587550253,2.0940265102972755,0.2052034061733652,26,0.8110474613735112,0.6141357764219856,-0.4038595998646326,2.025954522611655,0.1889265600098111,131,5.328643479116601e-12,0.0597133042574623,9999,0.047,0.0021163884331568,0.212,0.0040872484632084,0.5048,7.620595783267676e-08,3.397869095073944e-07,2.5401985944225584e-08,2.5577488699759686e-10,1.1404483435972288e-09,8.525829566586561e-11,0.9064421052631579,1.0,0.6936,0.7396571428571429,1.0,0.6258666666666667,0.8438556925835853,1.0,0.42024535580417016,0.1194266085149246,0.5324990246738343,0.08685571528358153
Total,tipo_onda_de_frio,Tipologia | Onda de Frio,Tipologia,3,C_prop,exposição altamente concentrada,3564,27,12,-16179.156514397437,-15184.395669434334,1.6743786311092874,3,-1.6677066123580335,0.2127107644047237,-2.104939850508172,-1.2304733742078957,2.5765686084814226e-08,26,-1.6677066123580335,0.3677392589105446,-2.395182586722892,-0.9402306379931754,1.2858336377191947e-05,131,-1.7147523896847616,0.2109641851299808,-2.1483954827187426,-1.2811092966507809,1.3113385816741797e-08,26,-1.7147523896847616,0.342275158395686,-2.3918542990442906,-1.0376504803252329,1.7270728136089683e-06,131,0.0470457773267277,0.0177760010463563,0.0105066838745957,0.0835848707788596,0.0136222989633937,26,0.0470457773267277,0.0661734745240168,-0.0838611402514622,0.1779526949049176,0.4783815115009159,131,6.768597639888606e-08,2.788601292694028e-06,9999,0.2734,0.0044570443120974,0.3236,0.0046784937747099,0.2653,6.183764660355415e-07,2.7572152398854048e-06,2.061254886785138e-07,1.6244634335732654e-06,7.243152968611434e-06,5.414878111910885e-07,0.9064421052631579,1.0,0.7573333333333333,0.7396571428571429,1.0,0.7396571428571429,0.0006172001461052135,0.0027519702679030867,0.00020573338203507116,6.692643102465668e-05,0.00029841138158986273,2.2308810341552226e-05
Total,tipo_outros,Tipologia | Outros,Tipologia,3,C_prop,estimável,3564,27,12,-16169.195258709628,-15174.434413746523,1.981633681312397,3,0.0278551515650406,0.199559779107597,-0.3823458491596941,0.4380561522897754,0.8900651224531153,26,0.0278551515650406,0.1596182079453008,-0.2879077389552422,0.3436180420853235,0.8617332095980904,131,-0.0014398201153071,0.1928346207553041,-0.3978170598673689,0.3949374196367546,0.9940995624408504,26,-0.0014398201153071,0.1464047252999905,-0.2910632900291853,0.2881836497985711,0.992168276399412,131,0.0292949716803478,0.021998642551369,-0.015923885694173,0.0745138290548686,0.1945257554756123,26,0.0292949716803478,0.0208797301661479,-0.0120101152230571,0.0706000585837528,0.1629724046338389,131,0.5553426176232004,0.3324232513028541,4999,0.9162,0.0039186109783952,0.752,0.0061073070988775,0.9968,0.9709801335852167,1.0,0.9824122674293974,0.6501572108759419,1.0,0.6346772772836575,0.9994909090909091,1.0,0.984,0.9255384615384615,1.0,0.9255384615384615,0.9400725922888259,1.0,0.9848379538263891,0.40913630929582046,1.0,0.35458480138971105
Total,tipo_rompimento_colapso_de_barragens,Tipologia | Rompimento/Colapso de barragens,Tipologia,3,C_prop,exposição altamente concentrada,3564,27,12,-16184.670012951849,-15189.909167988744,1.9648348536400564,3,16.67211681532552,5.056536588551624,6.278256999982849,27.06597663066819,0.002828740866666,26,16.67211681532552,4.952150039925254,6.875582754294118,26.46865087635692,0.0009990139362552,131,12.872808993846895,4.633530737531053,3.348450157995192,22.3971678296986,0.0100124954348513,26,12.872808993846895,4.902812274690431,3.173876801442521,22.57174118625127,0.0096791723472182,131,3.7993078214786222,1.2341695092953957,1.2624360628465068,6.336179580110738,0.0048609646009224,26,3.7993078214786222,1.3985816694763271,1.032579662659387,6.566035980297857,0.0074879717780904,131,0.0010867555175017,1.9669160268320832e-11,4999,0.1734,0.0053541094497591,0.1022,0.004283810453323,0.2134,0.045259853866656,0.20180450856446058,0.015086617955552,0.0065205331050101996,0.02907373458853154,0.0043470220700068,0.9064421052631579,1.0,0.6936,0.5450666666666667,1.0,0.4088,0.023976334470124802,0.1069056124037849,0.0079921114900416,9.441196928794001e-10,4.209638219533072e-09,3.147065642931333e-10
Total,tipo_tornado,Tipologia | Tornado,Tipologia,3,C_prop,estimável com ressalvas,3564,27,12,-16171.706825073625,-15176.94598011052,1.8781560462821725,3,5.8024787185808,3.648949900010316,-1.6980452210233743,13.303002658184974,0.1238820931813454,26,5.8024787185808,2.8007432803866608,0.2619404228293902,11.34301701433221,0.0402493551559927,131,4.774822392303735,3.328639572883945,-2.067294240390856,11.616939024998326,0.1633586612573614,26,4.774822392303735,2.5977383723630987,-0.3641237707425464,9.913768555350016,0.0683176180489845,131,1.0276563262770648,0.4694385092872249,0.0627116508045479,1.9926010017495817,0.0377610095181973,26,1.0276563262770648,0.4426543995311041,0.1519803335647526,1.903332318989377,0.0217991760155039,131,0.2023879325616088,0.0793401047336299,4999,0.3852,0.0068821647757082,0.6616,0.0066915684260119,0.4272,0.6679136934669063,1.0,0.30688671523138333,0.3349869228605939,1.0,0.3598007689984157,0.9064421052631579,1.0,0.8804571428571428,0.8874810810810811,1.0,0.9013333333333334,0.5140821539106648,1.0,0.1713607179702216,0.13043888401061202,0.581600527545033,0.10304046851980948
Total,tipo_vendavais_e_ciclones,Tipologia | Vendavais e Ciclones,Tipologia,3,C_prop,estimável com ressalvas,3564,27,12,-16171.413535268814,-15176.652690305713,1.9532726793230373,3,0.0869187420040465,0.1875543351152574,-0.2986047151704559,0.472442199178549,0.6469106950491065,26,0.0869187420040465,0.1503937819988345,-0.21059603360666,0.3844335176147532,0.5642960370645145,131,0.0385102749791158,0.1860575057670284,-0.3439364054054774,0.4209569553637091,0.8376375769235119,26,0.0385102749791158,0.1303367051763967,-0.2193268182771398,0.2963473682353715,0.7681044950513327,131,0.0484084670249307,0.0318348955707306,-0.0170290979968277,0.1138460320466892,0.1404269686466944,26,0.0484084670249307,0.0307528999605079,-0.0124281048700425,0.1092450389199039,0.1178739221006375,131,0.0035788124248458,0.0093674982379942,4999,0.6696,0.0066518544782639,0.0946,0.0041388607128049,0.8446,0.8615984880435855,1.0,0.8625475933988086,0.013214076645584492,0.05891888761841287,0.0095434997995888,0.9064421052631579,1.0,0.8832,0.5450666666666667,1.0,0.4088,0.8438556925835853,1.0,0.8207942357302028,0.040261712010192,0.17951880777428916,0.024979995301317864
Total,analitica_Clima/hidrometeorologia,Clima/hidrometeorologia,Analítica,3,C_prop,estimável,3564,27,12,-16178.486852880866,-15183.726007917763,1.8225135449618663,3,0.0610041063888506,0.0689366737108091,-0.0806972558258358,0.2027054686035371,0.3843055625375165,26,0.0610041063888506,0.0723775096445622,-0.0821758725635408,0.2041840853412421,0.4008430395901914,131,0.0327001584844744,0.0637326133954873,-0.0983041045515949,0.1637044215205438,0.6122251400218297,26,0.0327001584844744,0.0683812068203413,-0.1025741802066081,0.167974497175557,0.6333021711465492,131,0.0283039479043762,0.0088386785140368,0.0101357840200732,0.0464721117886791,0.0035824173280572,26,0.0283039479043762,0.0094600927190032,0.0095896279029511,0.0470182679058012,0.0033135173666813,131,0.0012806167109324,0.0274204733987971,4999,0.3902,0.0068984630172234,0.0188,0.0019207581836347,0.6298,0.8020290000782954,1.0,0.5764583438062748,0.006829955791639467,0.03045338758957487,0.0038418501327972003,0.9064421052631579,1.0,0.6555000000000001,0.3008,1.0,0.056400000000000006,0.8438556925835853,1.0,0.6930181169858506,0.07900105480936997,0.3522496800111044,0.08226142019639131
Total,analitica_Natural não diretamente climático,Natural não diretamente climático,Analítica,3,C_prop,estimável,3564,27,12,-16170.504670748556,-15175.743825785454,2.134858524656462,3,0.0455306354156833,0.0476816891672675,-0.0524804803518541,0.1435417511832208,0.3484292788038169,26,0.0455306354156833,0.0856413149029731,-0.1238883142757432,0.21494958510711,0.5958734209116091,131,0.0163921481120209,0.0491518939932541,-0.0846410169561667,0.1174253131802086,0.7414317237671249,26,0.0163921481120209,0.079297473117027,-0.1404771692716669,0.1732614654957089,0.836551715758006,131,0.0291384873036623,0.0196762798356665,-0.0113066851415254,0.0695836597488501,0.1506525957458848,26,0.0291384873036623,0.0145394120605948,0.0003760620276427,0.057900912579682,0.0471211555269196,131,0.066501581307822,0.074116507608215,4999,0.437,0.0070147131088876,0.3122,0.0065533374703276,0.784,0.7602093355719642,1.0,0.5764583438062748,0.1596037951387728,0.7116409508942724,0.09975237196173299,0.9064421052631579,1.0,0.6555000000000001,0.7396571428571429,1.0,0.4683,0.8438556925835853,1.0,0.6930181169858506,0.1275213949202273,0.5685920354305453,0.0842417792568536
Total,analitica_Tecnológico/antrópico,Tecnológico/antrópico,Analítica,3,C_prop,estimável com ressalvas,3564,27,12,-16169.120416491052,-15174.35957152795,1.9014565001218475,3,-0.0630848751576861,0.257733951281818,-0.5928645993552112,0.4666948490398389,0.8085580043708938,26,-0.0630848751576861,0.1594523386137246,-0.3785196365737686,0.2523498862583964,0.6930181169858506,131,-0.0826141143705527,0.2440825476033303,-0.5843329764281487,0.4191047476870433,0.7377287133717496,26,-0.0826141143705527,0.1513908297806004,-0.3821012883286028,0.2168730595874973,0.5861995784880571,131,0.0195292392128665,0.0280190939851441,-0.0380648333176987,0.0771233117434319,0.4919898959697822,26,0.0195292392128665,0.0130912114044569,-0.0063682997126424,0.0454267781383755,0.1381604350587263,131,0.7900674661758971,0.0842417792568536,4999,0.8552,0.0049766044648937,0.9186,0.0038671446830963,0.7654,0.9317783802662161,1.0,0.8085580043708938,0.8618917812827969,1.0,0.7900674661758971,0.9727255813953487,1.0,0.8552,1.0,1.0,0.9186,0.8529453747518161,1.0,0.6930181169858506,0.13043888401061202,0.581600527545033,0.0842417792568536
Pré,total_desastres,Total de desastres,Total,3,C_prop,estimável,1971,27,12,-8236.448181345626,-7666.645958016048,1.6443603082410372,3,-0.0738098275307044,0.0710721427982223,-0.2199007093198804,0.0722810542584716,0.3085903155539413,26,-0.0738098275307044,0.0720175754079136,-0.2173742402657042,0.0697545852042954,0.3088479258193224,72,-0.0916098754500686,0.0727755963770206,-0.2412022562178263,0.057982505317689,0.219288471225326,26,-0.0916098754500686,0.0691714926568191,-0.2295007259130568,0.0462809750129195,0.1895630277536645,72,0.0178000479193642,0.0107042186256814,-0.0042027885833934,0.0398028844221218,0.1083425581163931,26,0.0178000479193642,0.016705831582884,-0.0155024186919042,0.0511025145306327,0.2902102344517192,72,0.0417574917321376,0.3863205804910974,4999,0.3186,0.0065892949546973,0.0574,0.0032895361375124,0.2396,0.7224542445272369,1.0,0.3085903155539413,0.11135331128570027,0.4965018297947158,0.0417574917321376,0.9064421052631579,1.0,0.3186,0.4592,1.0,0.0574,0.8438556925835853,1.0,0.3088479258193224,0.4474852108543879,1.0,0.3863205804910974
Pré,grupo_climatologico,Grupo | Climatológico,Grupo,3,C_prop,estimável,1971,27,12,-8235.991807107272,-7666.189583777694,1.389288231890039,3,-0.2357151950709664,0.1043281071708372,-0.4501646906385111,-0.0212656995034218,0.0324715223659282,26,-0.2357151950709664,0.2036249472459071,-0.641634108669128,0.170203718527195,0.2508551842298032,72,-0.2321167893008635,0.0975444391884984,-0.4326222556287316,-0.0316113229729954,0.0249549582486768,26,-0.2321167893008635,0.1959739079193417,-0.6227836347544196,0.1585500561526926,0.2401392736523607,72,-0.0035984057701029,0.0182447044670051,-0.0411009329013712,0.0339041213611652,0.8451811999598492,26,-0.0035984057701029,0.0194736471213391,-0.0424184118165223,0.0352216002763163,0.8539184739978221,72,0.0742588318654184,0.6839233267612075,4999,0.1104,0.0044319711190394,0.2722,0.0062945557428622,0.0946,0.38965826839113843,1.0,0.1298860894637128,0.16973447283524207,0.7568115879887746,0.1485176637308368,0.9064421052631579,1.0,0.4416,0.7396571428571429,1.0,0.5237333333333333,0.8438556925835853,1.0,0.5455680423623633,0.74609817464859,1.0,0.6839233267612075
Pré,grupo_hidrologico,Grupo | Hidrológico,Grupo,3,C_prop,estimável,1971,27,12,-8236.992297821182,-7667.190074491604,1.736122520881617,3,0.1018815535529457,0.1951619547208186,-0.2992795896787844,0.503042696784676,0.6060647859068776,26,0.1018815535529457,0.167763853356564,-0.2325495759161697,0.4363126830220612,0.5455680423623633,72,0.0610887185040252,0.1638428205576214,-0.2756950224624474,0.397872459470498,0.7122828409120372,26,0.0610887185040252,0.1783162918453313,-0.2943783126318882,0.4165557496399388,0.7329078407971353,72,0.0407928350489204,0.0581681220410106,-0.0787734521969483,0.1603591222947893,0.4893507264816939,26,0.0407928350489204,0.0422644688146961,-0.0434598436974931,0.1250455137953341,0.3376852162514884,72,0.4970610672941524,0.1969736833787058,4999,0.6166,0.0068761099467649,0.7516,0.0061106045527427,0.7184,0.8611546900285768,1.0,0.6060647859068776,0.6117674674389568,1.0,0.4970610672941524,0.9064421052631579,1.0,0.6166,0.9255384615384615,1.0,0.7516,0.8438556925835853,1.0,0.5455680423623633,0.28650717582357205,1.0,0.2626315778382744
Pré,grupo_meteorologico,Grupo | Meteorológico,Grupo,3,C_prop,estimável com ressalvas,1971,27,12,-8234.29918237181,-7664.496959042231,2.005799001951177,3,0.103315034334387,0.0954300469626854,-0.0928442365284848,0.299474305197259,0.2889133119220479,26,0.103315034334387,0.1224651819689883,-0.1408148441054076,0.3474449127741818,0.4016715655324815,72,0.0870771773632835,0.0904295011200175,-0.0988033243107011,0.2729576790372683,0.3444542029749233,26,0.0870771773632835,0.1080020872403773,-0.1282210486738456,0.3023754034004127,0.4227511365009285,72,0.0162378569711034,0.0243114526752682,-0.0337350496990835,0.0662107636412904,0.5100771488408307,26,0.0162378569711034,0.0199493561338873,-0.0235304576601634,0.0560061716023704,0.4183551677503535,72,0.0025196773191305,0.0450307192251314,4999,0.3158,0.0065737410962099,0.2242,0.0058980396743324,0.3764,0.7224542445272369,1.0,0.5778266238440958,0.0117135379543308,0.0522282899407765,0.010078709276522,0.9064421052631579,1.0,0.6166,0.7396571428571429,1.0,0.5237333333333333,0.8438556925835853,1.0,0.5455680423623633,0.09824884194574125,0.43807165892099215,0.0900614384502628
Pré,grupo_outros,Grupo | Outros,Grupo,3,C_prop,estimável,1971,27,12,-8238.163775414514,-7668.361552084936,2.178158470309871,3,-0.1863290585197058,0.3176213369760676,-0.839209067015121,0.4665509499757093,0.5625056134611123,26,-0.1863290585197058,0.2480322234888971,-0.6807722594029572,0.3081141423635456,0.4549631532470495,72,-0.2462938138722322,0.2807717188966355,-0.8234283476026282,0.3308407198581636,0.3884101033021145,26,-0.2462938138722322,0.2186060496560924,-0.6820770093135285,0.189489381569064,0.2636290180407898,72,0.0599647553525264,0.0560369818219581,-0.055220910435204,0.1751504211402569,0.2944116728063966,26,0.0599647553525264,0.0444849817511272,-0.0287144350319639,0.1486439457370169,0.1818914771723149,72,0.1715752167543395,0.0279795402449852,4999,0.6054,0.0069121753449981,0.3928,0.0069066368081722,0.5556,0.8440166059797309,1.0,0.6060647859068776,0.30502260756327026,1.0,0.22876695567245267,0.9064421052631579,1.0,0.6166,0.7618559999999999,1.0,0.5237333333333333,0.8438556925835853,1.0,0.5455680423623633,0.07900105480936997,0.3522496800111044,0.0900614384502628
Pré,tipo_alagamentos,Tipologia | Alagamentos,Tipologia,4,C_prop,estimável,1971,27,12,-8256.27020310884,-7680.881683472109,2.139885748029053,4,-1.6629124795512835,1.994325896844163,-5.762308070762312,2.4364831116597445,0.411976717155067,26,-1.6629124795512835,2.074546629151648,-5.798445602106291,2.472620643003724,0.4254342470053485,72,-2.783487831694262,2.883324156499885,-8.710245516529907,3.1432698531413834,0.3432513621492374,26,-2.783487831694262,2.4741440670746577,-7.715603888080219,2.148628224691695,0.2643125343452625,72,1.1205753521429789,1.018384089577468,-0.972743123829028,3.213893828114985,0.2812648725088892,26,1.1205753521429789,0.708084437066342,-0.2909651752690554,2.532115879555013,0.1179083555356484,72,0.3705687627065898,0.010065428002548,9999,0.5666,0.0049554458931563,0.7907,0.0040680893549675,0.5736,0.823953434310134,1.0,0.9195750018480281,0.49409168360878636,1.0,0.5390091093914033,0.9064421052631579,1.0,0.9892923076923077,0.9488399999999999,1.0,1.0,0.8438556925835853,1.0,0.8907365643937845,0.040261712010192,0.17951880777428916,0.040261712010192
Pré,tipo_chuvas_intensas,Tipologia | Chuvas Intensas,Tipologia,3,C_prop,estimável com ressalvas,1971,27,12,-8235.002775805911,-7665.200552476333,1.9811910723219144,3,-0.3013627611820103,0.2337819672977985,-0.7819084771864807,0.1791829548224601,0.2087230292084082,26,-0.3013627611820103,0.1849221301611808,-0.6699982903278288,0.0672727679638082,0.107538074643912,72,-0.3285266974743639,0.2707551105391599,-0.8850717978506124,0.2280184029018845,0.2358960415628703,26,-0.3285266974743639,0.1872968403761536,-0.7018961249151106,0.0448427299663826,0.0836783040415083,72,0.0271639362923537,0.1104728959812792,-0.1999163535692976,0.2542442261540051,0.807699842174353,26,0.0271639362923537,0.0571237409131643,-0.0867101600094716,0.141038032594179,0.6358502710687007,72,0.6277166097487099,0.3191821371439162,9999,0.3629,0.0048083634430022,0.9068,0.0029071250403104,0.3642,0.6679136934669063,1.0,0.6679136934669063,0.7173904111413828,1.0,0.7725742889214892,0.9064421052631579,1.0,0.9892923076923077,1.0,1.0,1.0,0.5485591869254016,1.0,0.6374316519463828,0.4031774363923152,1.0,0.4642649267547872
Pré,tipo_doencas_infecciosas,Tipologia | Doenças infecciosas,Tipologia,3,C_prop,exposição altamente concentrada,1971,27,12,-8237.600436880162,-7667.798213550584,2.179055929674719,3,-0.1364809517932332,0.3107525386843199,-0.7752419431918613,0.5022800396053948,0.6641488345335972,26,-0.1364809517932332,0.3015182139207754,-0.7375465259292595,0.464584622342793,0.6521648057426629,72,-0.1966280784781863,0.2723309388949601,-0.7564123404300303,0.3631561834736576,0.4767269269241555,26,-0.1966280784781863,0.2622128589359643,-0.71933985947728,0.3260837025209073,0.455770577377452,72,0.0601471266849531,0.0569258603492752,-0.0568656550830552,0.1771599084529615,0.3004191808440253,26,0.0601471266849531,0.0495728190410618,-0.0386744819701254,0.1589687353400317,0.2289773259540213,72,0.2593908714707435,0.0434228621084464,4999,0.7102,0.0064158547365101,0.5906,0.0069540152430088,0.6374,0.8615984880435855,1.0,0.9195750018480281,0.4001211735476219,1.0,0.41502539435318964,0.9064421052631579,1.0,0.9892923076923077,0.8859,1.0,0.94496,0.8438556925835853,1.0,0.8907365643937845,0.09824884194574125,0.43807165892099215,0.11045705066955039
Pré,tipo_enxurradas,Tipologia | Enxurradas,Tipologia,3,C_prop,estimável com ressalvas,1971,27,12,-8233.904564982287,-7664.10234165271,1.9180436009768311,3,0.1897166876803411,0.3868172900421413,-0.6053976393773393,0.9848310147380216,0.6279252948125039,26,0.1897166876803411,0.3606647304294185,-0.5292553122106302,0.9086886875713124,0.6004911839332776,72,0.1275762233356145,0.3643987448835502,-0.621456124177037,0.8766085708482662,0.729083517890766,26,0.1275762233356145,0.344034758101049,-0.5582445326041569,0.813396979275386,0.7118577067979946,72,0.0621404643447265,0.0671043991869202,-0.0757946036464309,0.200075532335884,0.3629484345202156,26,0.0621404643447265,0.0659728868020574,-0.0693740818826827,0.1936550105721358,0.3493888685527471,72,0.5417052724867601,0.4058413874439088,4999,0.6314,0.0068225221142917,0.5652,0.0070106912640623,0.7296,0.8611546900285768,1.0,0.9195750018480281,0.6500463269841121,1.0,0.7222736966490135,0.9064421052631579,1.0,0.9892923076923077,0.8751483870967742,1.0,0.94496,0.8438556925835853,1.0,0.8907365643937845,0.45303224644901446,1.0,0.49949709223865696
Pré,tipo_erosao,Tipologia | Erosão,Tipologia,3,C_prop,estimável com ressalvas,1971,27,12,-8236.418877038586,-7666.616653709008,1.7656658406894488,3,-2.070950469088539,1.5773779689842418,-5.313297320202354,1.1713963820252755,0.2006850804042441,26,-2.070950469088539,2.1944532320330863,-6.445513035889887,2.303612097712809,0.3484685647060684,72,-2.161835847816707,1.400150333282227,-5.039886076403955,0.7162143807705412,0.1346732386636771,26,-2.161835847816707,2.052222086278752,-6.252865807512215,1.9291941118788007,0.2956744796461762,72,0.0908853787281679,0.2641053459464927,-0.4519909347678083,0.6337616922241441,0.7335196560584334,26,0.0908853787281679,0.3158436618603096,-0.538737453951431,0.7205082114077669,0.7743614559811446,72,0.0955191701681386,0.2140450566673404,4999,0.1716,0.0053320435107001,0.1264,0.0046994263479705,0.0888,0.6679136934669063,1.0,0.6679136934669063,0.1910383403362772,0.8518012122203303,0.1910383403362772,0.9064421052631579,1.0,0.9892923076923077,0.60672,1.0,0.8706,0.8438556925835853,1.0,0.8907365643937845,0.28683215979793997,1.0,0.34247209066774464
Pré,tipo_estiagem_e_seca,Tipologia | Estiagem e Seca,Tipologia,3,C_prop,estimável,1971,27,12,-8236.202148000319,-7666.399924670741,1.329007014238344,3,-0.2505200434462443,0.1256678086830234,-0.5088339236839395,0.0077938367914509,0.0567955733592285,26,-0.2505200434462443,0.1761804439891587,-0.6017293396969449,0.1006892528044562,0.1593579129865957,72,-0.2524927824217384,0.1213270368377361,-0.5018840783450136,-0.0031014864984633,0.0474156535226917,26,-0.2524927824217384,0.1677729104675603,-0.5869419669116441,0.0819564020681672,0.1367068896751273,72,0.0019727389754941,0.0147155002904368,-0.0282754050758565,0.0322208830268448,0.8943885839508287,26,0.0019727389754941,0.017779104220206,-0.0334692575353708,0.0374147354863591,0.9119581500576402,72,0.0821532437951815,0.3790584399821576,4999,0.0794,0.0038234968288204,0.2352,0.0059980156718701,0.0706,0.5452375042485936,1.0,0.6679136934669063,0.17924344100766876,0.7992101484137654,0.18777884296041486,0.9064421052631579,1.0,0.9892923076923077,0.7396571428571429,1.0,0.8706,0.6374316519463828,1.0,0.6374316519463828,0.4474852108543879,1.0,0.49949709223865696
Pré,tipo_granizo,Tipologia | Granizo,Tipologia,3,C_prop,exposição altamente concentrada,1971,27,12,-8235.164612023054,-7665.362388693476,1.5320043702053767,3,0.4753538518848768,1.9577894214368747,-3.5489399385422185,4.499647642311972,0.8100645614553749,26,0.4753538518848768,2.2514987072852204,-4.012926791474513,4.963634495244266,0.8333840206661114,72,0.1068297377829347,1.8646308346646296,-3.725973835071444,3.939633310637314,0.9547500798896684,26,0.1068297377829347,2.119237892964549,-4.117793790931167,4.331453266497036,0.9599356462563288,72,0.3685241141019418,0.2092203260609485,-0.0615344252787987,0.7985826534826824,0.0899252887128095,26,0.3685241141019418,0.2039914158787312,-0.0381253413640788,0.7751735695679626,0.0750084443009345,72,0.1189183631507439,0.0689292165665012,9999,0.8038,0.003971215934698,0.4353,0.0049579623838831,0.9548,0.9317783802662161,1.0,0.997002537175846,0.227544737612201,1.0,0.21141042337910027,0.9618731707317073,1.0,0.9892923076923077,0.7666285714285713,1.0,0.8706,0.9302891393482173,1.0,0.9524388807612701,0.1275213949202273,0.5685920354305453,0.1322444095469024
Pré,tipo_incendio_florestal,Tipologia | Incêndio Florestal,Tipologia,3,C_prop,estimável com ressalvas,1971,27,12,-8237.115743975424,-7667.313520645846,1.899294764653688,3,-0.5944241376439471,0.4601853087640017,-1.540348587039313,0.3515003117514188,0.2078240452636145,26,-0.5944241376439471,0.8202293795391614,-2.229521522060938,1.0406732467730435,0.4709817591353225,72,-0.4486088622392455,0.4401140689106645,-1.353276287246015,0.4560585627675237,0.3174514751441999,26,-0.4486088622392455,0.78942134672867,-2.0222915556879983,1.1250738312095072,0.5716159957117734,72,-0.1458152754047015,0.0367548601345636,-0.2213659724244983,-0.0702645783849046,0.0005091748693716,26,-0.1458152754047015,0.062502017306589,-0.2704107697482566,-0.0212197810611464,0.0224476294806038,72,0.0001305873419577,0.0426653963500921,4999,0.5236,0.0070631868161616,0.425,0.0069910657270547,0.5232,0.6679136934669063,1.0,0.6679136934669063,0.00125363848279392,0.0055897197256331976,0.0006964658237744,0.9064421052631579,1.0,0.9892923076923077,0.7666285714285713,1.0,0.8706,0.8438556925835853,1.0,0.8907365643937845,0.09824884194574125,0.43807165892099215,0.11045705066955039
Pré,tipo_inundacoes,Tipologia | Inundações,Tipologia,3,C_prop,estimável com ressalvas,1971,27,12,-8240.223560480394,-7670.421337150816,1.6675216202117944,3,0.9772802016201042,0.6646219609817909,-0.3888698047465223,2.34343020798673,0.1534445162387432,26,0.9772802016201042,0.5003670974748211,-0.0201833771523012,1.9747437803925096,0.0546914236377361,72,0.8818186548412923,0.5703325145109939,-0.2905166185512695,2.054153928233854,0.1341552777008459,26,0.8818186548412923,0.4643041017306311,-0.0437546558103882,1.8073919654929729,0.0615410347214518,72,0.095461546778812,0.1005299891850809,-0.1111808054575715,0.3021038990151955,0.351068144646882,26,0.095461546778812,0.0948755719530907,-0.0936694492758813,0.2845925428335053,0.3177003779703884,72,0.0126554185696176,0.0010519155860145,9999,0.2283,0.0041973695334101,0.6841,0.0046487330532092,0.2326,0.6679136934669063,1.0,0.6679136934669063,0.04049733942277632,0.18056942261588782,0.04049733942277632,0.9064421052631579,1.0,0.9892923076923077,0.8874810810810811,1.0,0.9950545454545455,0.5250376669222666,1.0,0.6374316519463828,0.008415324688116,0.037522225946618956,0.005610216458744
Pré,tipo_movimento_de_massa,Tipologia | Movimento de Massa,Tipologia,3,C_prop,estimável com ressalvas,1971,27,12,-8235.975416133108,-7666.17319280353,2.1249019506754228,3,-0.4807683328727526,1.190688753893466,-2.9282641187617715,1.9667274530162664,0.6896812513860211,26,-0.4807683328727526,1.116532667821875,-2.706535527163443,1.7449988614179377,0.6680524232953383,72,-0.7678888470648668,1.127215417772543,-3.0849133219884544,1.5491356278587207,0.5017512320396407,26,-0.7678888470648668,0.9194426982768844,-2.60076436771312,1.0649866735833862,0.4063860878214398,72,0.2871205141921141,0.2171997827443227,-0.1593400333056776,0.7335810616899059,0.1977084317258703,26,0.2871205141921141,0.279827667533507,-0.2707057459799032,0.8449467743641316,0.3082973143194594,72,0.0452222574597627,0.0743874803701326,4999,0.7012,0.0064733076552872,0.3178,0.0065848790421692,0.598,0.8711763175402372,1.0,0.9195750018480281,0.11424570305624263,0.5093984180503887,0.12059268655936721,0.9064421052631579,1.0,0.9892923076923077,0.7396571428571429,1.0,0.8706,0.8438556925835853,1.0,0.8907365643937845,0.1275213949202273,0.5685920354305453,0.1322444095469024
Pré,tipo_onda_de_frio,Tipologia | Onda de Frio,Tipologia,3,C_prop,exposição altamente concentrada,1971,27,12,-8235.475303550826,-7665.673080221248,1.8943654437176816,3,-0.4319674369546283,0.6758104981962098,-1.821115810940844,0.9571809370315876,0.5282947607562177,26,-0.4319674369546283,0.9027663657292704,-2.231599296243676,1.3676644223344192,0.633749139601779,72,-0.910635282373649,0.6604622476646738,-2.2682348755606263,0.4469643108133283,0.179708979645173,26,-0.910635282373649,0.8334087354851342,-2.572005232701005,0.750734667953707,0.2781841494975559,72,0.4786678454190206,0.0690232072023093,0.336788611065127,0.6205470797729142,2.310293151274249e-07,26,0.4786678454190206,0.1952712601386899,0.0894017027163896,0.8679339881216517,0.0166624882850953,72,1.534160356725957e-07,0.0001109431928968,9999,0.6535,0.0047585475725267,0.2651,0.0044138644066169,0.5793,0.8440166059797309,1.0,0.9195750018480281,2.454656570761531e-06,1.094481578346409e-05,2.454656570761531e-06,0.9064421052631579,1.0,0.9892923076923077,0.7396571428571429,1.0,0.8706,0.8438556925835853,1.0,0.8907365643937845,0.0013313183147616,0.0059360783409701445,0.0017750910863488
Pré,tipo_outros,Tipologia | Outros,Tipologia,3,C_prop,estimável com ressalvas,1971,27,12,-8233.731699689164,-7663.929476359586,4.008397877829571,3,0.1669992805031697,1.1130167765148475,-2.120839469326496,2.454838030332835,0.8818893790849209,26,0.1669992805031697,0.6964409322967715,-1.2213303443624717,1.555328905368811,0.8111747363476338,72,0.2946726532772538,1.174236401042395,-2.119004836991448,2.7083501435459554,0.803826718331054,26,0.2946726532772538,0.6944889638158098,-1.089765793538318,1.6791111000928258,0.6726111333606858,72,-0.127673372774084,0.2686346417259417,-0.6798597870810384,0.4245130415328703,0.6385646648027271,26,-0.127673372774084,0.259572586482379,-0.6451218668308946,0.3897751212827264,0.624314597958033,72,0.9202818508274287,0.9475611267448656,4999,0.8714,0.0047341744792519,0.9446,0.0032351457463304,0.8214,0.9709801335852167,1.0,1.0,0.9602941052112299,1.0,1.0,0.9727255813953487,1.0,0.9958857142857143,1.0,1.0,1.0,0.9270568415401529,1.0,0.9524388807612701,0.988759436603338,1.0,1.0
Pré,tipo_tornado,Tipologia | Tornado,Tipologia,3,C_prop,exposição altamente concentrada,1971,27,12,-8236.294872326387,-7666.492648996809,1.9314349603227017,3,5.058405216746977,4.610443553339954,-4.418497232344554,14.53530766583851,0.2826283489165152,26,5.058405216746977,3.2651127507314315,-1.4504780928792576,11.567288526373211,0.1257114803370712,72,3.906912858886448,4.558605259339095,-5.463434450837292,13.277260168610187,0.3992530045892024,26,3.906912858886448,3.0182447151434686,-2.109848016021796,9.923673733794692,0.1996524214453189,72,1.151492357860529,0.3639257826575902,0.4034321981267041,1.8995525175943533,0.0039375796789154,26,1.151492357860529,0.4209727327572445,0.3122985525508772,1.9906861631701809,0.0078414376525199,72,3.3272075872030246e-05,0.0008031261399264,4999,0.7806,0.005852583019488,0.3936,0.0069091105071492,0.8088,0.7224542445272369,1.0,0.7536755971107073,0.00039926491046436295,0.0017802412548807297,0.00026617660697624197,0.9607384615384615,1.0,0.9892923076923077,0.7618559999999999,1.0,0.8706,0.5485591869254016,1.0,0.6374316519463828,0.00771001094329344,0.034377375013670226,0.005610216458744
Pré,tipo_vendavais_e_ciclones,Tipologia | Vendavais e Ciclones,Tipologia,3,C_prop,estimável com ressalvas,1971,27,12,-8234.204795298769,-7664.402571969191,2.0335624907250582,3,0.0611479372035875,0.0999182865223023,-0.1442370422017585,0.2665329166089335,0.5458663568594528,26,0.0611479372035875,0.1156856933982032,-0.1694672777697464,0.2917631521769215,0.5987296748267552,72,0.0589677358262371,0.0934648891630378,-0.1331520953278804,0.2510875669803548,0.5336080417807321,26,0.0589677358262371,0.1027029846314123,-0.1457669222239174,0.2637023938763917,0.5676503747940796,72,0.0021802013773503,0.0188807442360847,-0.0366297242234085,0.0409901269781092,0.9089580598482152,26,0.0021802013773503,0.0176245151450925,-0.032953627444472,0.0373140301991727,0.9018953031247172,72,0.0029283844885827,0.0483249596679283,4999,0.5556,0.0070272133879653,0.284,0.0063772094210555,0.5568,0.8440166059797309,1.0,0.9195750018480281,0.0117135379543308,0.0522282899407765,0.0117135379543308,0.9064421052631579,1.0,0.9892923076923077,0.7396571428571429,1.0,0.8706,0.8438556925835853,1.0,0.8907365643937845,0.10085208974176339,0.4496790128398876,0.11045705066955039
Pré,analitica_Clima/hidrometeorologia,Clima/hidrometeorologia,Analítica,3,C_prop,estimável,1971,27,12,-8236.343609295523,-7666.541385965946,1.6263534387661347,3,-0.0862025880589462,0.081701403486474,-0.2541422281038332,0.0817370519859406,0.3010889898656305,26,-0.0862025880589462,0.0844284009029305,-0.2545075292504607,0.0821023531325681,0.3106662224131472,72,-0.0959763895940373,0.0826766218852423,-0.2659206197666985,0.0739678405786239,0.2562447395849724,26,-0.0959763895940373,0.0765064502081318,-0.2484892106985787,0.0565364315105041,0.2137220536301938,72,0.009773801535091,0.0092828998697657,-0.0093074724231865,0.0288550754933686,0.3020821154300573,26,0.009773801535091,0.0209547944197209,-0.0319988176875121,0.0515464207576941,0.6423208081042915,72,0.033345840304995,0.3915495594975894,4999,0.3274,0.0066364032427211,0.0556,0.0032406369744233,0.2826,0.7224542445272369,1.0,0.5166687032100554,0.09415296086116236,0.4198089559116732,0.10003752091498501,0.9064421052631579,1.0,0.5974,0.4592,1.0,0.1668,0.8438556925835853,1.0,0.3363077941406105,0.4474852108543879,1.0,0.3915495594975894
Pré,analitica_Natural não diretamente climático,Natural não diretamente climático,Analítica,3,C_prop,estimável,1971,27,12,-8238.115638532914,-7668.313415203336,2.163781131016462,3,-0.204057085552424,0.3028489559239247,-0.8265720299163093,0.4184578588114613,0.5063902435592343,26,-0.204057085552424,0.2108128632760896,-0.6243048478769792,0.2161906767721311,0.3363077941406105,72,-0.2710664810867393,0.2734140144863349,-0.8330770368009298,0.2909440746274511,0.3306210084900006,26,-0.2710664810867393,0.1911996278036806,-0.652215973072687,0.1100830108992082,0.1605874972273136,72,0.0670093955343153,0.0577851571628316,-0.0517696961304901,0.1857884871991209,0.256738454976546,26,0.0670093955343153,0.040391822871204,-0.0135102317504895,0.1475290228191203,0.1014692733862319,72,0.1978406170286047,0.0197156215299189,4999,0.5974,0.0069356072553165,0.3968,0.0069188114586249,0.4584,0.8440166059797309,1.0,0.5166687032100554,0.3349869228605939,1.0,0.29676092554290706,0.9064421052631579,1.0,0.5974,0.7618559999999999,1.0,0.5952000000000001,0.8438556925835853,1.0,0.3363077941406105,0.07279614103354672,0.32458322799594724,0.0591468645897567
Pré,analitica_Tecnológico/antrópico,Tecnológico/antrópico,Analítica,3,C_prop,estimável com ressalvas,1971,27,12,-8234.19709433672,-7664.394871007142,4.028635969523128,3,0.993817403479507,1.5116188451952637,-2.1133596328267017,4.100994439785715,0.5166687032100554,26,0.993817403479507,0.9084477545860238,-0.8171400975035169,2.8047749044625307,0.2776132378331184,72,0.9318142296408982,1.56413905426823,-2.283319642538471,4.146948101820268,0.5565023917608296,26,0.9318142296408982,0.9470415338937286,-0.956078564291824,2.819707023573621,0.328449126745535,72,0.0620031738386087,0.3129287386868535,-0.5812310607296018,0.7052374084068194,0.8444779231672319,26,0.0620031738386087,0.158886541525084,-0.2547313579245548,0.3787377056017724,0.6975145164487195,72,0.4330903573643533,0.1851695969800907,4999,0.5398,0.0070486305052825,0.6534,0.0067300585435789,0.5798,0.8440166059797309,1.0,0.5166687032100554,0.5470615040391832,1.0,0.4330903573643533,0.9064421052631579,1.0,0.5974,0.8874810810810811,1.0,0.6534,0.8438556925835853,1.0,0.3363077941406105,0.2777543954701361,1.0,0.2777543954701361
