periodo,coluna,ufs_com_exposicao_na_janela,uf_mes_com_exposicao_na_janela,neff_alavancagem,top_alavancagem,rank
Total,total_desastres,27,3455,11.976088818466636,0.2208481871415422,3
Total,grupo_climatologico,27,2801,14.454103950819771,0.14033076244716616,3
Total,grupo_hidrologico,27,3214,14.876108810679593,0.13147778639508917,3
Total,grupo_meteorologico,27,2120,3.6384076981056315,0.43242409060422454,3
Total,grupo_outros,27,2471,1.5345334680071065,0.7997670467601488,3
Total,tipo_alagamentos,27,2578,1.681252604853491,0.7687370654553113,3
Total,tipo_chuvas_intensas,27,2454,12.634597122489993,0.13252321786873364,3
Total,tipo_doencas_infecciosas,22,505,2.2234484322932353,0.4742194040271584,3
Total,tipo_enxurradas,26,2304,5.287728189295743,0.3544236762926991,3
Total,tipo_erosao,25,1835,1.1171684785609606,0.9459853887880051,3
Total,tipo_estiagem_e_seca,27,2560,14.515019519565506,0.13767746413650767,3
Total,tipo_granizo,16,1157,5.15311012679233,0.26122012076883566,3
Total,tipo_incendio_florestal,26,1487,6.375446552339386,0.2426134226263383,3
Total,tipo_inundacoes,26,2376,3.7789323664355514,0.40577138688097086,3
Total,tipo_movimento_de_massa,23,2003,4.817224727398334,0.342385911556249,3
Total,tipo_onda_de_calor_e_baixa_umidade,9,251,1.6286487841321156,0.7573834159032188,3
Total,tipo_onda_de_frio,10,399,1.1053183363819554,0.951107856021451,3
Total,tipo_outros,26,1618,2.0667349055100446,0.6763571172313626,3
Total,tipo_rompimento_colapso_de_barragens,13,247,4.190372539877034,0.32786488920948853,3
Total,tipo_tornado,11,382,2.6810814687710085,0.5748122486199729,3
Total,tipo_vendavais_e_ciclones,26,2044,3.3344129510623577,0.4655364329664801,3
Total,analitica_Clima/hidrometeorologia,27,3435,15.806147238749464,0.1356574601253187,3
Total,analitica_Natural não diretamente climático,27,2662,1.5293096966384498,0.8014205467843878,3
Total,analitica_Tecnológico/antrópico,26,1344,1.445343590533847,0.8290164752716187,3
Pré,total_desastres,27,1897,11.99995793463513,0.18335312111532762,3
Pré,grupo_climatologico,27,1498,8.647997078507244,0.2141137525259271,3
Pré,grupo_hidrologico,26,1703,9.451288372499745,0.208410478784406,3
Pré,grupo_meteorologico,25,1079,1.4719530110956494,0.8205288724088864,3
Pré,grupo_outros,26,1221,2.2245157127371424,0.6076990245282324,3
Pré,tipo_alagamentos,26,1330,8.972891226124819,0.19129587308982143,4
Pré,tipo_chuvas_intensas,25,1161,3.5307189018459395,0.4919787305784821,3
Pré,tipo_doencas_infecciosas,20,405,1.988890805679959,0.6415707126267286,3
Pré,tipo_enxurradas,26,1260,4.1245305783545385,0.42840413189268645,3
Pré,tipo_erosao,21,953,4.52027158913838,0.4187146141371524,3
Pré,tipo_estiagem_e_seca,26,1393,9.401154704310235,0.1954058018070731,3
Pré,tipo_granizo,14,593,3.540981574941563,0.4849886911279029,3
Pré,tipo_incendio_florestal,20,574,1.8105863259320776,0.7351475227489686,3
Pré,tipo_inundacoes,26,1166,2.450786788853128,0.6242126762991914,3
Pré,tipo_movimento_de_massa,22,1002,3.6613423295310814,0.48763626678108624,3
Pré,tipo_onda_de_frio,6,121,1.211863901571101,0.9067652124599739,3
Pré,tipo_outros,22,541,6.271473718066687,0.29691333767875705,3
Pré,tipo_tornado,8,224,1.7565155833276833,0.739516593557792,3
Pré,tipo_vendavais_e_ciclones,24,1039,1.376965797080311,0.8494413587211609,3
Pré,analitica_Clima/hidrometeorologia,27,1889,11.276614955314272,0.1806425303163049,3
Pré,analitica_Natural não diretamente climático,26,1419,2.3632807983964423,0.5853065121992364,3
Pré,analitica_Tecnológico/antrópico,20,297,6.116513086755358,0.27419635619589705,3
