Nível,Categoria,Total Atlas,Total Parquet,Células UF × mês divergentes,Diferença máxima
Referência,Total nacional,40339,40339,0,0.0
Grupo,Climatológico,19518,19518,0,0.0
Grupo,Hidrológico,15409,15409,0,0.0
Grupo,Meteorológico,3716,3716,0,0.0
Grupo,Outros,1696,1696,0,0.0
Tipologia,Alagamentos,1504,1504,0,0.0
Tipologia,Chuvas Intensas,8084,8084,0,0.0
Tipologia,Doenças infecciosas,243,243,0,0.0
Tipologia,Enxurradas,2759,2759,0,0.0
Tipologia,Erosão,480,480,0,0.0
Tipologia,Estiagem e Seca,16149,16149,0,0.0
Tipologia,Granizo,1070,1070,0,0.0
Tipologia,Incêndio Florestal,3081,3081,0,0.0
Tipologia,Inundações,2065,2065,0,0.0
Tipologia,Movimento de Massa,1103,1103,0,0.0
Tipologia,Onda de Calor e Baixa Umidade,103,103,0,0.0
Tipologia,Onda de Frio,203,203,0,0.0
Tipologia,Outros,836,836,0,0.0
Tipologia,Rompimento/Colapso de barragens,34,34,0,0.0
Tipologia,Tornado,72,72,0,0.0
Tipologia,Vendavais e Ciclones,2553,2553,0,0.0
