periodo,coluna,exposicao,K,AR,mes_omitido,N_efetivo,estimate,low,high,p,p_joint,estimate_principal,q_principal,q_joint_principal,q_p,q_p_joint
Total,total_desastres,Total de desastres,1,1,2020-03-01,133,0.031243449026736553,-0.3207325570720071,0.38321945512548017,0.8607676531321214,0.8607676531321214,0.0733815178428748,1.0,0.9886181364716624,1.0,1.0
Total,grupo_climatologico,Grupo | Climatológico,1,1,2020-03-01,133,-0.22477098466571946,-0.9073294575174943,0.4577874881860554,0.5155941793806093,0.5155941793806093,-0.2618108296305587,0.941086814383708,0.9034433418083596,0.8249506870089748,0.7983393745248143
Total,grupo_hidrologico,Grupo | Hidrológico,1,1,2020-03-01,133,0.5135090557572635,-0.016767881531544404,1.0437859930460713,0.05757191235703361,0.05757191235703363,0.7010847814641106,0.2800240060993407,0.2426874719527617,0.2125732148567395,0.19738941379554387
Total,grupo_meteorologico,Grupo | Meteorológico,1,1,2020-03-01,133,-2.013831971941196,-3.326549715406759,-0.7011142284756331,0.0029332768536335695,0.00293327685363357,-2.2320008595746548,0.0184810367715676,0.0091774426007998,0.04693242965813711,0.035199322243602844
Total,grupo_outros,Grupo | Outros,1,1,2020-03-01,133,2.9178835488279935,0.04640398379152311,5.789363113864464,0.0464683957165252,0.0464683957165252,2.738465802415842,0.2800240060993407,0.2331793436875194,0.20277118130847363,0.1858735828661008
Total,tipo_alagamentos,Tipologia | Alagamentos,1,1,2020-03-01,133,9.219545206213423,2.287427611042549,16.151662801384298,0.009577373930076167,0.009577373930076167,9.5256315650027,0.0896559113831925,0.0672419335373944,0.07661899144060934,0.065673421234808
Total,tipo_chuvas_intensas,Tipologia | Chuvas Intensas,1,1,2020-03-01,133,0.7348652086137357,0.040851614030239625,1.428878803197232,0.038143871551179064,0.038143871551179064,1.0962470873360812,0.2800240060993407,0.2426874719527617,0.19184474451597416,0.17440431319634017
Total,tipo_doencas_infecciosas,Tipologia | Doenças infecciosas,1,1,2020-03-01,133,3.2356923618475264,0.9016709623683901,5.569713761326662,0.006992258944514033,0.006992258944514027,3.099841563743551,0.0896559113831925,0.0672419335373944,0.06712568586733472,0.05593807155611222
Total,tipo_enxurradas,Tipologia | Enxurradas,1,1,2020-03-01,133,0.1125171376697315,-2.250712314347318,2.475746589686781,0.9250435253571573,0.9250435253571573,-0.0616943914213563,1.0,1.0,1.0,1.0
Total,tipo_erosao,Tipologia | Erosão,1,1,2020-03-01,133,2.3750488399508223,-41.382209396421175,46.13230707632282,0.9145868654276084,0.9145868654276084,-2.227639156483775,1.0,1.0,1.0,1.0
Total,tipo_estiagem_e_seca,Tipologia | Estiagem e Seca,1,1,2020-03-01,133,-0.15999926189237523,-1.1200846137289284,0.800086089944178,0.7419741537390392,0.7419741537390392,-0.1952875243514117,1.0,0.9898331271813582,0.9892988716520522,0.9892988716520522
Total,tipo_granizo,Tipologia | Granizo,1,1,2020-03-01,133,3.573418337000949,-5.81920699635248,12.966043670354377,0.45271418296256943,0.4527141829625695,2.681929403873414,1.0,0.9828267451146592,0.780509749598444,0.753595620301946
Total,tipo_incendio_florestal,Tipologia | Incêndio Florestal,1,1,2020-03-01,133,-0.5243426732358969,-1.3790600662607768,0.33037471978898303,0.22685408092252843,0.22685408092252843,-0.5709787634009946,0.4768716734508034,0.4314553235983459,0.5444497942140683,0.5185236135372079
Total,tipo_inundacoes,Tipologia | Inundações,1,1,2020-03-01,133,1.8954299727443487,0.08830992373577029,3.702550021752927,0.03996765510749462,0.03996765510749462,1.9954108626418248,0.257622667980445,0.206098134384356,0.19184474451597416,0.17440431319634017
Total,tipo_movimento_de_massa,Tipologia | Movimento de Massa,1,1,2020-03-01,133,11.228104841011302,-1.760783144015118,24.21699282603772,0.08955593905695239,0.08955593905695244,13.776154803769453,0.2800240060993407,0.2426874719527617,0.2528638279255126,0.23881583748520652
Total,tipo_onda_de_calor_e_baixa_umidade,Tipologia | Onda de Calor e Baixa Umidade,1,1,2020-03-01,133,-63.605432155573546,-109.20867997591836,-18.00218433522874,0.006665059136867006,0.006665059136867011,-65.55234675909804,0.0728906300738593,0.0485937533825729,0.06712568586733472,0.05593807155611222
Total,tipo_onda_de_frio,Tipologia | Onda de Frio,1,1,2021-08-01,133,15.87343491563705,-0.19294499177006763,31.939814823044166,0.052769799883286714,0.052769799883286714,3.624735862556677,0.4295379562509412,0.3818115166675033,0.21107919953314686,0.1948423380305971
Total,tipo_outros,Tipologia | Outros,5,1,2020-03-01,133,31.47647455709887,6.9209242524852534,56.032024861712486,0.012453685511079263,0.03280143433687818,46.83598930344447,0.0184810367715676,0.0011496759364371,0.08539670064740065,0.17440431319634017
Total,tipo_rompimento_colapso_de_barragens,Tipologia | Rompimento/Colapso de barragens,1,1,2020-03-01,133,7.940815513670469,-53.677230392161874,69.5588614195028,0.7990122630317081,0.7990122630317082,-0.7307522753839799,1.0,1.0,0.9985375393359672,0.9985375393359672
Total,tipo_tornado,Tipologia | Tornado,1,1,2020-03-01,133,0.21476965037006812,-52.91182340165843,53.34136270239856,0.9936261604803366,0.9936261604803366,13.87823344205564,1.0,0.9828267451146592,1.0,1.0
Total,tipo_vendavais_e_ciclones,Tipologia | Vendavais e Ciclones,2,1,2020-03-01,133,-5.5138258554010005,-8.2706877075629,-2.756964003239102,0.00012870144507120315,0.0002664205907989634,-5.955870186457878,0.002510774579314,0.0012642549032504,0.006177669363417751,0.004262729452783415
Total,analitica_Clima/hidrometeorologia,Clima/hidrometeorologia,1,1,2020-03-01,133,0.01045700450115341,-0.3490674527261375,0.36998146172844426,0.9541666492455128,0.9541666492455128,0.0551324501488739,1.0,1.0,1.0,1.0
Total,analitica_Natural não diretamente climático,Natural não diretamente climático,1,1,2020-03-01,133,4.006389538373472,0.5625895384109687,7.450189538335975,0.022985291932583366,0.022985291932583366,4.143076843676909,0.1476554389201177,0.1148431191600915,0.1379117515955002,0.1379117515955002
Total,analitica_Tecnológico/antrópico,Tecnológico/antrópico,8,2,2020-05-01,133,27.03019179113765,10.558261804638153,43.50212177763714,0.001521518064664686,8.550593144536316e-13,10.698327971084105,0.8728864092222617,8.330654521843441e-15,0.03651643355195247,2.0521423546887158e-11
Pré,total_desastres,Total de desastres,1,0,2015-11-01,74,-0.36334298592849246,-0.8649155914777558,0.13822961962077085,0.15253552099318382,0.15253552099318385,-0.0273892309622002,1.0,1.0,0.4067613893151569,0.385352895140675
Pré,grupo_climatologico,Grupo | Climatológico,1,0,2015-11-01,74,-0.3858905017845843,-1.47304956244948,0.7012685588803115,0.48044720029936405,0.48044720029936405,0.0978909812697998,1.0,1.0,0.7952229522196371,0.7687155204789825
Pré,grupo_hidrologico,Grupo | Hidrológico,1,0,2017-06-01,74,0.4385183084508272,-1.267525223170857,2.144561840072511,0.6090336783156732,0.6090336783156733,-0.5194841612437253,1.0,0.9828267451146592,0.9430198890049133,0.91355051747351
Pré,grupo_meteorologico,Grupo | Meteorológico,1,0,2015-11-01,74,0.21686909408069013,-5.332478755890911,5.766216944052291,0.9379514732175211,0.9379514732175211,2.5800691782097336,1.0,0.9828267451146592,1.0,1.0
Pré,grupo_outros,Grupo | Outros,1,0,2017-06-01,74,2.3303433516542453,-1.2514626377575713,5.912149341066062,0.19809490497128554,0.1980949049712855,2.3871157487305,0.4687410575074731,0.421866951756726,0.5004502862432477,0.4754277719310852
Pré,tipo_alagamentos,Tipologia | Alagamentos,1,0,2017-06-01,74,10.459635718263359,-12.729070796968974,33.64834223349569,0.3705233848084866,0.3705233848084866,4.819737023562162,1.0,0.9898331271813582,0.7732661943829285,0.7410467696169732
Pré,tipo_chuvas_intensas,Tipologia | Chuvas Intensas,1,0,2017-06-01,74,-0.4986017734568083,-3.788592670228753,2.7913891233151364,0.7628261896089192,0.7628261896089192,-2.429007647265838,0.4377003884474346,0.3916266633477047,0.9896123540872466,0.9896123540872466
Pré,tipo_doencas_infecciosas,Tipologia | Doenças infecciosas,1,0,2017-06-01,74,3.7812186046658116,-0.5155327479136824,8.077969957245305,0.08345376064781666,0.08345376064781672,3.860150430769454,0.2800240060993407,0.2426874719527617,0.25036128194345003,0.2356341477114825
Pré,tipo_enxurradas,Tipologia | Enxurradas,1,0,2017-06-01,74,1.0731037412910274,-1.783269712771772,3.929477195353827,0.4552973539324257,0.4552973539324257,-1.2485246654571824,0.941086814383708,0.9034433418083596,0.780509749598444,0.753595620301946
Pré,tipo_erosao,Tipologia | Erosão,1,0,2017-06-01,74,-8.215692950118344,-56.36395341893557,39.93256751869888,0.7340571920380634,0.7340571920380634,-19.65352308997661,0.941086814383708,0.9034433418083596,0.9892988716520522,0.9892988716520522
Pré,tipo_estiagem_e_seca,Tipologia | Estiagem e Seca,1,0,2015-11-01,74,-0.4562738449559971,-1.5689929358589596,0.6564452459469654,0.41533274167090606,0.4153327416709062,0.0326029467569083,1.0,1.0,0.780509749598444,0.753595620301946
Pré,tipo_granizo,Tipologia | Granizo,1,0,2015-11-01,74,3.03219845190428,-14.213963319058104,20.278360222866663,0.7263030140549572,0.7263030140549572,13.53316763219544,0.2978082212763746,0.2605821936168279,0.9892988716520522,0.9892988716520522
Pré,tipo_incendio_florestal,Tipologia | Incêndio Florestal,1,0,2015-12-01,74,-1.2128405309582029,-11.33027775390631,8.904596691989903,0.8113117507104733,0.8113117507104733,6.364740182211966,0.3006308986177633,0.2652625576039087,0.9985375393359672,0.9985375393359672
Pré,tipo_inundacoes,Tipologia | Inundações,1,0,2017-06-01,74,5.7228070075344455,-4.460967275274717,15.906581290343608,0.2654587250674478,0.2654587250674478,0.4501709632849291,1.0,1.0,0.6067628001541664,0.5791826728744315
Pré,tipo_movimento_de_massa,Tipologia | Movimento de Massa,1,0,2017-06-01,74,-4.640775161458548,-30.8708880902103,21.589337767293202,0.7246517420789766,0.7246517420789766,-11.519341379579576,0.8426418639733952,0.7660380581576322,0.9892988716520522,0.9892988716520522
Pré,tipo_onda_de_frio,Tipologia | Onda de Frio,1,0,2017-06-01,74,-1.5469781797725346,-44.03041622487551,40.936459865330434,0.9421771475509514,0.9421771475509514,1.5673827679758787,1.0,1.0,1.0,1.0
Pré,tipo_outros,Tipologia | Outros,1,0,2019-11-01,74,-25.033741206154794,-90.21253413632505,40.14505172401545,0.44533990013211766,0.44533990013211766,1.2882800312346463,1.0,1.0,0.780509749598444,0.753595620301946
Pré,tipo_tornado,Tipologia | Tornado,1,0,2018-07-01,74,119.22250622445576,-12.996643783593655,251.44165623250518,0.07630297485387735,0.07630297485387735,33.21012873161244,0.9610264240341684,0.9240638692636236,0.24416951953240754,0.22890892456163206
Pré,tipo_vendavais_e_ciclones,Tipologia | Vendavais e Ciclones,3,0,2015-11-01,74,1.5759258420367708,-7.454265467485193,10.606117151558735,0.7281032944377945,7.083549299628821e-13,1.925602973514458,1.0,2.3758701616013703e-09,0.9892988716520522,2.0521423546887158e-11
Pré,analitica_Clima/hidrometeorologia,Clima/hidrometeorologia,1,0,2015-11-01,74,-0.45299250757563786,-0.9429956101171104,0.03701059496583464,0.0693549019393443,0.0693549019393443,-0.0632263216752829,1.0,1.0,0.237788235220609,0.22193568620590173
Pré,analitica_Natural não diretamente climático,Natural não diretamente climático,1,0,2017-06-01,74,1.9063149480396406,-2.2381083665437007,6.050738262622982,0.36121585341716694,0.36121585341716683,1.0553479057537254,1.0,0.9828267451146592,0.7732661943829285,0.7410467696169732
Pré,analitica_Tecnológico/antrópico,Tecnológico/antrópico,1,0,2019-11-01,74,-19.583962370072477,-70.0589339461132,30.89100920596824,0.4407370483751218,0.4407370483751218,1.600331466718241,1.0,1.0,0.780509749598444,0.753595620301946
