periodo,exposicao,nivel,rotulo,K,registros,uf_mes_positivos,ufs_expostas,meses_expostos,top1,top2,HHI,N_eff,uf_dominante,suporte,elegivel,N_janela,N_efetivo,perda_diferenca,perda_lags_adicional,primeira_equacao,ultima_equacao,UFs_modelo,efetivo_registros,efetivo_uf_mes_positivos,efetivo_ufs_expostas,efetivo_meses_expostos,efetivo_top1,efetivo_top2,efetivo_HHI,efetivo_N_eff,efetivo_uf_dominante,efetivo_suporte,efetivo_elegivel
Pré,total_climatico,Central,Total climático / hidrometeorológico (COBRADE 12/13/14),6,17189,1424,27,85,0.11071033800686486,0.2159520623654663,0.0694207930915017,14.404906015434404,BA,mais amplo,True,2295,2106,27,162,2013-08-01,2020-01-01,27,15373,1296,27,78,0.11142912899238926,0.22162232485526573,0.07198804934452238,13.891194567784058,RS,mais amplo,True
Pré,grupo_climatologico,Grupo,Climatológico,6,9721,807,27,85,0.1762164386380002,0.31786853204402843,0.10640525639098992,9.398031957420075,BA,mais amplo,True,2295,2106,27,162,2013-08-01,2020-01-01,27,8502,737,27,78,0.17831098565043518,0.31604328393319214,0.10659783041348951,9.381053968181458,BA,mais amplo,True
Pré,grupo_hidrologico,Grupo,Hidrológico,6,6344,847,26,85,0.1976670870113493,0.3617591424968474,0.1009417602635927,9.906702611373781,SC,mais amplo,True,2295,2106,27,162,2013-08-01,2020-01-01,27,5769,766,26,78,0.2092217022014214,0.3889755590223609,0.10792410202214985,9.265770863627521,SC,mais amplo,True
Pré,grupo_meteorologico,Grupo,Meteorológico,6,1584,434,25,85,0.3529040404040404,0.6029040404040404,0.20728433323130285,4.824291273784438,RS,concentrado,True,2295,2106,27,162,2013-08-01,2020-01-01,27,1498,406,25,78,0.3604806408544726,0.6188251001335113,0.21575273484360988,4.634935453888258,RS,concentrado,True
Pré,grupo_outros,Grupo,Outros,6,777,357,26,82,0.16216216216216217,0.3063063063063063,0.08602369606230612,11.624703956869162,MG,mais amplo,True,2295,2106,27,162,2013-08-01,2020-01-01,27,723,327,25,75,0.16597510373443983,0.3153526970954357,0.09111222067266211,10.975476095492054,MG,mais amplo,True
Pré,tipo_alagamentos,Tipologia,Alagamentos,6,730,355,26,81,0.21643835616438356,0.31232876712328766,0.09301557515481329,10.75088766946417,SC,mais amplo,True,2295,2106,27,162,2013-08-01,2020-01-01,27,653,326,26,74,0.23736600306278713,0.33996937212863704,0.10041298377848497,9.958871476282786,SC,mais amplo,True
Pré,tipo_chuvas_intensas,Tipologia,Chuvas Intensas,6,2185,448,25,83,0.18169336384439358,0.32311212814645307,0.11312558582806632,8.839733228165093,SC,mais amplo,True,2295,2106,27,162,2013-08-01,2020-01-01,27,2051,410,25,76,0.1901511457825451,0.33300828863968795,0.11510314384463848,8.687860006237182,SC,mais amplo,True
Pré,tipo_doencas_infecciosas,Tipologia,Doenças infecciosas,6,235,60,20,39,0.4425531914893617,0.7617021276595745,0.3028519692168402,3.301943198804185,MG,concentrado,True,2295,2106,27,162,2013-08-01,2020-01-01,27,215,47,18,34,0.4697674418604651,0.8186046511627907,0.34541914548404545,2.8950335066073776,MG,concentrado,True
Pré,tipo_enxurradas,Tipologia,Enxurradas,6,1887,434,26,81,0.28086910439851615,0.5416004239533652,0.1702326098660148,5.8743151549345995,RS,mais amplo,True,2295,2106,27,162,2013-08-01,2020-01-01,27,1723,385,26,74,0.3058618688334301,0.575159605339524,0.18640670805587176,5.364613808319976,RS,mais amplo,True
Pré,tipo_erosao,Tipologia,Erosão,6,285,214,21,76,0.20350877192982456,0.34736842105263155,0.0987996306555863,10.121495327102807,PA,mais amplo,True,2295,2106,27,162,2013-08-01,2020-01-01,27,255,196,21,69,0.21176470588235294,0.3686274509803922,0.10760476739715494,9.29326854366157,PA,mais amplo,True
Pré,tipo_estiagem_e_seca,Tipologia,Estiagem e Seca,6,9211,715,26,85,0.18032786885245902,0.3297144718271632,0.11444889762292663,8.737524089525856,BA,mais amplo,True,2295,2106,27,162,2013-08-01,2020-01-01,27,8005,649,26,78,0.18288569643972516,0.3290443472829482,0.11546414034638719,8.660697572424176,BA,mais amplo,True
Pré,tipo_granizo,Tipologia,Granizo,6,509,162,14,64,0.48919449901768175,0.7092337917485265,0.3145155376117894,3.179493158249984,RS,concentrado,True,2295,2106,27,162,2013-08-01,2020-01-01,27,493,150,14,58,0.4908722109533469,0.7139959432048681,0.3161214405325676,3.1633412726302494,RS,concentrado,True
Pré,tipo_incendio_florestal,Tipologia,Incêndio Florestal,6,443,139,20,56,0.18510158013544017,0.363431151241535,0.11604135562474202,8.617617353883986,RJ,mais amplo,True,2295,2106,27,162,2013-08-01,2020-01-01,27,440,136,20,53,0.18636363636363637,0.3659090909090909,0.1163326446280992,8.59603942811473,RJ,mais amplo,True
Pré,tipo_inundacoes,Tipologia,Inundações,6,1075,306,26,78,0.21488372093023256,0.3702325581395349,0.11335597620335314,8.821766910692613,AM,mais amplo,True,2295,2106,27,162,2013-08-01,2020-01-01,27,938,269,26,71,0.20362473347547974,0.38166311300639655,0.11793226981146655,8.479443341493035,AM,mais amplo,True
Pré,tipo_movimento_de_massa,Tipologia,Movimento de Massa,6,479,272,22,76,0.1544885177453027,0.3048016701461378,0.10444079305791029,9.574802821015734,MG,mais amplo,True,2295,2106,27,162,2013-08-01,2020-01-01,27,415,245,22,69,0.1686746987951807,0.3204819277108434,0.10450863695746844,9.568587143730205,SC,mais amplo,True
Pré,tipo_onda_de_calor_e_baixa_umidade,Tipologia,Onda de Calor e Baixa Umidade,6,19,16,5,14,0.6842105263157895,0.8421052631578947,0.5013850415512465,1.994475138121547,MS,insuficiente para inferência,False,2295,2106,27,162,2013-08-01,2020-01-01,27,19,16,5,14,0.6842105263157895,0.8421052631578947,0.5013850415512465,1.994475138121547,MS,insuficiente para inferência,False
Pré,tipo_onda_de_frio,Tipologia,Onda de Frio,6,60,21,6,14,0.5333333333333333,0.8999999999999999,0.42166666666666663,2.3715415019762847,MS,concentrado,True,2295,2106,27,162,2013-08-01,2020-01-01,27,48,18,5,11,0.6666666666666666,0.9166666666666666,0.509548611111111,1.96252129471891,MS,concentrado,True
Pré,tipo_outros,Tipologia,Outros,6,223,121,22,48,0.23318385650224216,0.38565022421524664,0.11013694222686962,9.079605623516525,PA,mais amplo,True,2295,2106,27,162,2013-08-01,2020-01-01,27,219,117,21,46,0.2374429223744292,0.3926940639269406,0.11261233085215068,8.88002221810776,PA,mais amplo,True
Pré,tipo_rompimento_colapso_de_barragens,Tipologia,Rompimento/Colapso de barragens,6,15,7,6,6,0.4,0.6666666666666667,0.26222222222222225,3.813559322033898,PI,insuficiente para inferência,False,2295,2106,27,162,2013-08-01,2020-01-01,27,15,7,6,6,0.4,0.6666666666666667,0.26222222222222225,3.813559322033898,PI,insuficiente para inferência,False
Pré,tipo_tornado,Tipologia,Tornado,6,41,31,8,25,0.4878048780487805,0.7073170731707317,0.3039857227840571,3.2896281800391387,RS,concentrado,True,2295,2106,27,162,2013-08-01,2020-01-01,27,41,31,8,25,0.4878048780487805,0.7073170731707317,0.3039857227840571,3.2896281800391387,RS,concentrado,True
Pré,tipo_vendavais_e_ciclones,Tipologia,Vendavais e Ciclones,6,1029,368,24,84,0.2818270165208941,0.5471331389698737,0.17639947829749694,5.668951006269443,RS,mais amplo,True,2295,2106,27,162,2013-08-01,2020-01-01,27,962,348,24,77,0.288981288981289,0.5665280665280665,0.18551095474172402,5.3905172413793085,RS,mais amplo,True
Total,total_climatico,Central,Total climático / hidrometeorológico (COBRADE 12/13/14),6,37643,2568,27,144,0.12427277315835614,0.24578274845256753,0.07121367331928531,14.04224713302622,RS,mais amplo,True,3888,3699,27,162,2013-08-01,2024-12-01,27,35827,2440,27,137,0.12979038155580985,0.2538588215591593,0.07326656834894316,13.648789926086726,RS,mais amplo,True
Total,grupo_climatologico,Grupo,Climatológico,6,19518,1537,27,144,0.12957270212111896,0.24290398606414593,0.07407677607447802,13.499507578388448,BA,mais amplo,True,3888,3699,27,162,2013-08-01,2024-12-01,27,18299,1467,27,137,0.12743865785015573,0.24127001475490462,0.07323752103685516,13.654203280539386,BA,mais amplo,True
Total,grupo_hidrologico,Grupo,Hidrológico,6,15409,1578,27,144,0.18638458044000258,0.3373353235122331,0.09901660304137326,10.099316370024917,SC,mais amplo,True,3888,3699,27,162,2013-08-01,2024-12-01,27,14834,1497,27,137,0.19044087906161522,0.3464338681407577,0.10205861136671748,9.798291262329597,SC,mais amplo,True
Total,grupo_meteorologico,Grupo,Meteorológico,6,3716,837,27,144,0.32992465016146394,0.6141011840688912,0.20790654789285792,4.809853321769056,SC,concentrado,True,3888,3699,27,162,2013-08-01,2024-12-01,27,3630,809,27,137,0.3352617079889807,0.6209366391184572,0.21201451024140727,4.71665830259148,SC,concentrado,True
Total,grupo_outros,Grupo,Outros,6,1696,848,27,141,0.14563679245283018,0.2670990566037736,0.07221903924884299,13.84676409989795,PA,mais amplo,True,3888,3699,27,162,2013-08-01,2024-12-01,27,1642,818,27,134,0.14799025578562727,0.2697929354445798,0.07369952272932953,13.568608899580283,PA,mais amplo,True
Total,tipo_alagamentos,Tipologia,Alagamentos,6,1504,693,27,138,0.18018617021276595,0.29920212765957444,0.08000385496831146,12.499397690224898,SC,mais amplo,True,3888,3699,27,162,2013-08-01,2024-12-01,27,1427,664,27,131,0.18780658724597057,0.3097407147862649,0.08302734970626063,12.044224024226507,SC,mais amplo,True
Total,tipo_chuvas_intensas,Tipologia,Chuvas Intensas,6,8084,979,27,142,0.20522018802572983,0.39077189510143495,0.11735700185166095,8.52100841212694,MG,mais amplo,True,3888,3699,27,162,2013-08-01,2024-12-01,27,7950,941,27,135,0.20666666666666667,0.39446540880503145,0.11913313555634664,8.393970286520563,MG,mais amplo,True
Total,tipo_doencas_infecciosas,Tipologia,Doenças infecciosas,6,243,67,22,45,0.43209876543209874,0.7407407407407407,0.2879134278311232,3.4732662784542097,MG,concentrado,True,3888,3699,27,162,2013-08-01,2024-12-01,27,223,54,20,40,0.45739910313901344,0.7937219730941705,0.3263890285346578,3.0638284763723744,MG,concentrado,True
Total,tipo_enxurradas,Tipologia,Enxurradas,6,2759,685,26,136,0.2696629213483146,0.53098948894527,0.16485097833299464,6.066084715493931,SC,mais amplo,True,3888,3699,27,162,2013-08-01,2024-12-01,27,2595,636,26,129,0.2766859344894027,0.5526011560693642,0.17450083716647927,5.730631532993556,RS,mais amplo,True
Total,tipo_erosao,Tipologia,Erosão,6,480,362,25,132,0.20833333333333334,0.3354166666666667,0.08966145833333336,11.153064188207955,PA,mais amplo,True,3888,3699,27,162,2013-08-01,2024-12-01,27,450,344,25,125,0.21333333333333335,0.3466666666666667,0.09348148148148151,10.697305863708396,PA,mais amplo,True
Total,tipo_estiagem_e_seca,Tipologia,Estiagem e Seca,6,16149,1318,27,144,0.14409560963527154,0.2808842652795839,0.09186649233036172,10.885361731281664,BA,mais amplo,True,3888,3699,27,162,2013-08-01,2024-12-01,27,14943,1252,27,137,0.1425416583015459,0.27658435387807,0.09151546269990456,10.927115161720566,BA,mais amplo,True
Total,tipo_granizo,Tipologia,Granizo,6,1070,311,16,115,0.411214953271028,0.6850467289719626,0.2696427635601363,3.7086105586400353,RS,concentrado,True,3888,3699,27,162,2013-08-01,2024-12-01,27,1054,299,16,109,0.4108159392789374,0.6869070208728653,0.27009062791426175,3.702460939583,RS,concentrado,True
Total,tipo_incendio_florestal,Tipologia,Incêndio Florestal,6,3081,408,26,109,0.25803310613437197,0.3732554365465758,0.11585608983708401,8.631397809180275,MT,mais amplo,True,3888,3699,27,162,2013-08-01,2024-12-01,27,3078,405,26,106,0.25795971410006496,0.37329434697855746,0.11581679030922673,8.634326657905433,MT,mais amplo,True
Total,tipo_inundacoes,Tipologia,Inundações,6,2065,558,26,132,0.17433414043583534,0.3036319612590799,0.08917798662125001,11.21352968246664,AM,mais amplo,True,3888,3699,27,162,2013-08-01,2024-12-01,27,1928,521,26,125,0.16597510373443983,0.3044605809128631,0.0904480380847437,11.05607176424399,AM,mais amplo,True
Total,tipo_movimento_de_massa,Tipologia,Movimento de Massa,6,1103,564,23,135,0.16228467815049863,0.3127833182230281,0.10477729492384157,9.544052466012413,MG,mais amplo,True,3888,3699,27,162,2013-08-01,2024-12-01,27,1039,537,23,128,0.1616939364773821,0.32146294513955725,0.10647778042298388,9.391630779938232,MG,mais amplo,True
Total,tipo_onda_de_calor_e_baixa_umidade,Tipologia,Onda de Calor e Baixa Umidade,6,103,49,9,45,0.7281553398058253,0.8640776699029127,0.5530210198887736,1.8082495312766322,MS,concentrado,True,3888,3699,27,162,2013-08-01,2024-12-01,27,103,49,9,45,0.7281553398058253,0.8640776699029127,0.5530210198887736,1.8082495312766322,MS,concentrado,True
Total,tipo_onda_de_frio,Tipologia,Onda de Frio,6,203,65,10,40,0.5024630541871922,0.748768472906404,0.34227959911669786,2.9215880893300246,MS,concentrado,True,3888,3699,27,162,2013-08-01,2024-12-01,27,191,62,10,37,0.5340314136125655,0.743455497382199,0.35999561415531367,2.777811619584254,MS,concentrado,True
Total,tipo_outros,Tipologia,Outros,6,836,484,26,107,0.173444976076555,0.2751196172248804,0.08098200590645817,12.348422205731653,PA,mais amplo,True,3888,3699,27,162,2013-08-01,2024-12-01,27,832,480,26,105,0.17427884615384615,0.2764423076923077,0.08128582655325446,12.302267718774432,PA,mais amplo,True
Total,tipo_rompimento_colapso_de_barragens,Tipologia,Rompimento/Colapso de barragens,6,34,26,13,22,0.20588235294117646,0.38235294117647056,0.11418685121107267,8.757575757575758,PI,mais amplo,True,3888,3699,27,162,2013-08-01,2024-12-01,27,34,26,13,22,0.20588235294117646,0.38235294117647056,0.11418685121107267,8.757575757575758,PI,mais amplo,True
Total,tipo_tornado,Tipologia,Tornado,6,72,50,11,43,0.4027777777777778,0.75,0.2943672839506173,3.397116644823067,SC,concentrado,True,3888,3699,27,162,2013-08-01,2024-12-01,27,72,50,11,43,0.4027777777777778,0.75,0.2943672839506173,3.397116644823067,SC,concentrado,True
Total,tipo_vendavais_e_ciclones,Tipologia,Vendavais e Ciclones,6,2553,739,26,143,0.35174304739522133,0.5832354093223658,0.19702709913714872,5.075443958619669,SC,mais amplo,True,3888,3699,27,162,2013-08-01,2024-12-01,27,2486,719,26,136,0.3588093322606597,0.5917135961383749,0.20227805072848823,4.943690115653082,SC,concentrado,True
