Período,Unidade,Exposição,Transformação,Família,Modelo,Unidade efeito,n efetivo,Meses efetivos,Início amostra,Fim amostra,Proporção UF estacionária I,Proporção UF estacionária D,Raiz própria,Autocorrelação p DK,LOO desvio máximo,Soma coeficientes,SE soma,IC baixo,IC alto,F DK,p,p DK6,p cluster UF,Diagnóstico favorável,Motivos diagnósticos,Limitação,Família n,p BH,p BY,p Holm
Total (2013–2024),UF × mês,Clima | Protocolos,Diferença simples,ADEQUACAO_PAINEL,"TWFE; lags próprios1,2,3,12; D1,2,3",pontos percentuais de I,3213,119,2015-02-01,2024-12-01,0.8518518518518519,0.9259259259259259,0.8525831976625063,0.021150831619611888,0.0022973044418667754,-0.002203728469659642,0.0028232814564637036,-0.008007066616995313,0.003599609677676029,0.239499291940333,0.8679858769266859,0.874923781973652,0.7501469362007798,False,Autocorrelação residual,"Viés dinâmico e exogeneidade não certificados; SPJ anterior preservado, não reaplicado como correção automática",32,0.9480193946643254,1.0,1.0
Total (2013–2024),UF × mês,Clima | Municípios,Diferença simples,ADEQUACAO_PAINEL,"TWFE; lags próprios1,2,3,12; D1,2,3",pontos percentuais de I,3213,119,2015-02-01,2024-12-01,0.8518518518518519,0.8518518518518519,0.852558546749032,0.02104587003488946,0.002420912714701018,-0.0017878584754349178,0.0028004122337116164,-0.007544188262164792,0.003968471311294956,0.18086796276051073,0.9084133982732093,0.9086870645502564,0.8144134407731078,False,Autocorrelação residual,"Viés dinâmico e exogeneidade não certificados; SPJ anterior preservado, não reaplicado como correção automática",32,0.9480193946643254,1.0,1.0
Total (2013–2024),UF × mês,Clima | Deslocamento,Diferença simples,ADEQUACAO_PAINEL,"TWFE; lags próprios1,2,3,12; D1,2,3",pontos percentuais de I,3213,119,2015-02-01,2024-12-01,0.8518518518518519,0.8888888888888888,0.8523361764824291,0.02064109942350907,0.0005419834175641636,0.0019692772885583965,0.0012602932648378812,-0.0006212926186392079,0.0045598471957560005,1.1994776388966102,0.3295110296793401,0.36011845593117786,0.13826437411748488,False,Autocorrelação residual,"Viés dinâmico e exogeneidade não certificados; SPJ anterior preservado, não reaplicado como correção automática",32,0.7873024487730274,1.0,1.0
Total (2013–2024),UF × mês,Clima | Habitações,Diferença simples,ADEQUACAO_PAINEL,"TWFE; lags próprios1,2,3,12; D1,2,3",pontos percentuais de I,3213,119,2015-02-01,2024-12-01,0.8518518518518519,0.9259259259259259,0.8519079417317202,0.016765771836349856,0.0009761168618656725,0.0034028354017139406,0.0013083170175395564,0.0007135512570839377,0.006092119546343944,2.584758920896709,0.07475961510683522,0.13075081139020583,0.05775634803543782,False,Autocorrelação residual,"Viés dinâmico e exogeneidade não certificados; SPJ anterior preservado, não reaplicado como correção automática",32,0.45827228181615876,1.0,1.0
Total (2013–2024),UF × mês,Clima | Protocolos,Variação relativa,ADEQUACAO_PAINEL,"TWFE; lags próprios1,2,3,12; D1,2,3",variação logarítmica percentual de I,3213,119,2015-02-01,2024-12-01,0.8888888888888888,0.9259259259259259,0.8899896526771474,0.00010826490877481963,0.08072740091612154,-0.06310725255209233,0.07072602389365971,-0.20848667674366916,0.08227217163948448,0.4827741998300792,0.6971235318049233,0.6980040064138279,0.6210029663129313,False,Autocorrelação residual; Influência material de uma UF,"Viés dinâmico e exogeneidade não certificados; SPJ anterior preservado, não reaplicado como correção automática",32,0.8218760825547661,1.0,1.0
Total (2013–2024),UF × mês,Clima | Municípios,Variação relativa,ADEQUACAO_PAINEL,"TWFE; lags próprios1,2,3,12; D1,2,3",variação logarítmica percentual de I,3213,119,2015-02-01,2024-12-01,0.8888888888888888,0.8518518518518519,0.889973730258912,0.00010611810439415948,0.08154515168502653,-0.06349906808716413,0.07011489962947351,-0.20762230836303724,0.08062417218870899,0.4656912642359681,0.7087078984952336,0.6983085080367488,0.623025990035982,False,Autocorrelação residual; Influência material de uma UF,"Viés dinâmico e exogeneidade não certificados; SPJ anterior preservado, não reaplicado como correção automática",32,0.8218760825547661,1.0,1.0
Total (2013–2024),UF × mês,Clima | Deslocamento,Variação relativa,ADEQUACAO_PAINEL,"TWFE; lags próprios1,2,3,12; D1,2,3",variação logarítmica percentual de I,3213,119,2015-02-01,2024-12-01,0.8888888888888888,0.8888888888888888,0.8896741475792657,9.412618531052196e-05,0.014790415505202072,0.04529000742862081,0.026206989014054726,-0.008579229987959049,0.09915924484520067,1.9624264547120074,0.14439546347576263,0.293237343105133,0.05635737674260029,False,Autocorrelação residual,"Viés dinâmico e exogeneidade não certificados; SPJ anterior preservado, não reaplicado como correção automática",32,0.4606965811333101,1.0,1.0
Total (2013–2024),UF × mês,Clima | Habitações,Variação relativa,ADEQUACAO_PAINEL,"TWFE; lags próprios1,2,3,12; D1,2,3",variação logarítmica percentual de I,3213,119,2015-02-01,2024-12-01,0.8888888888888888,0.9259259259259259,0.8895376191233388,8.525036545733091e-05,0.0178302145383218,0.06402564329985963,0.02559720126551682,0.011409842551723191,0.11664144404799606,2.3051553568569214,0.10024706164728472,0.3300271105757319,0.25174777548395966,False,Autocorrelação residual,"Viés dinâmico e exogeneidade não certificados; SPJ anterior preservado, não reaplicado como correção automática",32,0.45827228181615876,1.0,1.0
Total (2013–2024),UF × mês,Clima | Protocolos,Diferença sazonal,ADEQUACAO_PAINEL,"TWFE; lags próprios1,2,3,12; D1,2,3",pontos percentuais de I,3213,119,2015-02-01,2024-12-01,1.0,0.9629629629629629,0.9465336953084551,0.011293752856705667,0.002166221667362339,-0.0009837078809034668,0.0025521910844867705,-0.0062298117881079045,0.004262396026300971,0.4855894383862736,0.6952246748407684,0.7081170061650655,0.6097797391627403,False,Autocorrelação residual,"Viés dinâmico e exogeneidade não certificados; SPJ anterior preservado, não reaplicado como correção automática",32,0.8218760825547661,1.0,1.0
Total (2013–2024),UF × mês,Clima | Municípios,Diferença sazonal,ADEQUACAO_PAINEL,"TWFE; lags próprios1,2,3,12; D1,2,3",pontos percentuais de I,3213,119,2015-02-01,2024-12-01,1.0,0.9259259259259259,0.9465259202037102,0.011324706685069885,0.0023205969931328375,-0.0009125587373325845,0.0024429845665888696,-0.005934185432106207,0.004109067957441038,0.4504328301581733,0.7191415722354203,0.7308615777866824,0.5908451892645654,False,Autocorrelação residual,"Viés dinâmico e exogeneidade não certificados; SPJ anterior preservado, não reaplicado como correção automática",32,0.8218760825547661,1.0,1.0
Total (2013–2024),UF × mês,Clima | Deslocamento,Diferença sazonal,ADEQUACAO_PAINEL,"TWFE; lags próprios1,2,3,12; D1,2,3",pontos percentuais de I,3213,119,2015-02-01,2024-12-01,1.0,0.8518518518518519,0.9464388575438614,0.01148372514173349,0.000879392125226291,0.0005491693656218695,0.0007478441642019237,-0.0009880463294124596,0.0020863850606561984,2.7119618739376237,0.06551254328425576,0.1052500121274468,0.15163112713688703,False,Autocorrelação residual; Influência material de uma UF,"Viés dinâmico e exogeneidade não certificados; SPJ anterior preservado, não reaplicado como correção automática",32,0.45827228181615876,1.0,1.0
Total (2013–2024),UF × mês,Clima | Habitações,Diferença sazonal,ADEQUACAO_PAINEL,"TWFE; lags próprios1,2,3,12; D1,2,3",pontos percentuais de I,3213,119,2015-02-01,2024-12-01,1.0,0.7407407407407407,0.9465191947936911,0.011821807259701075,0.0011668346241867939,0.0015364866188864,0.0008166371846324023,-0.00014213515481593855,0.0032151083925887384,3.175367480932776,0.04082200672473342,0.054281278970097074,0.11193628679632807,False,Estacionariedade de D: menos de80% das UFs convergentes; Autocorrelação residual; Influência material de uma UF,"Viés dinâmico e exogeneidade não certificados; SPJ anterior preservado, não reaplicado como correção automática",32,0.45827228181615876,1.0,1.0
Total (2013–2024),UF × mês,Clima | Protocolos,Relativa e sazonal,ADEQUACAO_PAINEL,"TWFE; lags próprios1,2,3,12; D1,2,3",variação logarítmica percentual de I,3213,119,2015-02-01,2024-12-01,1.0,0.9629629629629629,0.947213086782068,0.0005063154205980968,0.04409885406110406,0.0016896899164003422,0.0816768871016028,-0.16619955597765462,0.1695789358104553,0.7264536977005522,0.5454320419279618,0.6139764402672463,0.423625007043258,False,Autocorrelação residual,"Viés dinâmico e exogeneidade não certificados; SPJ anterior preservado, não reaplicado como correção automática",32,0.7933556973497626,1.0,1.0
Total (2013–2024),UF × mês,Clima | Municípios,Relativa e sazonal,ADEQUACAO_PAINEL,"TWFE; lags próprios1,2,3,12; D1,2,3",variação logarítmica percentual de I,3213,119,2015-02-01,2024-12-01,1.0,0.9259259259259259,0.9472122328829401,0.000503952051675913,0.04750305734912186,-0.012027622759595524,0.0809851180471711,-0.17849491699752396,0.15443967147833293,0.7559203310563994,0.5289752836203778,0.6043359539107482,0.40979425704696104,False,Autocorrelação residual,"Viés dinâmico e exogeneidade não certificados; SPJ anterior preservado, não reaplicado como correção automática",32,0.7933556973497626,1.0,1.0
Total (2013–2024),UF × mês,Clima | Deslocamento,Relativa e sazonal,ADEQUACAO_PAINEL,"TWFE; lags próprios1,2,3,12; D1,2,3",variação logarítmica percentual de I,3213,119,2015-02-01,2024-12-01,1.0,0.8518518518518519,0.9471277156810719,0.000520746739426943,0.015126042698377421,0.02148486800085724,0.018021893731474233,-0.01555966510428151,0.058529401105995985,2.0602325887432644,0.13004444863321726,0.24198674933126377,0.18846569123586637,False,Autocorrelação residual,"Viés dinâmico e exogeneidade não certificados; SPJ anterior preservado, não reaplicado como correção automática",32,0.4606965811333101,1.0,1.0
Total (2013–2024),UF × mês,Clima | Habitações,Relativa e sazonal,ADEQUACAO_PAINEL,"TWFE; lags próprios1,2,3,12; D1,2,3",variação logarítmica percentual de I,3213,119,2015-02-01,2024-12-01,1.0,0.7407407407407407,0.9471222268884456,0.0005320278174070045,0.016191765587372987,0.026352957542067366,0.02408105659360852,-0.02314636319972002,0.07585227828385475,1.7956456328287844,0.17276121792499127,0.20860358598184187,0.22269298168868498,False,Estacionariedade de D: menos de80% das UFs convergentes; Autocorrelação residual,"Viés dinâmico e exogeneidade não certificados; SPJ anterior preservado, não reaplicado como correção automática",32,0.4606965811333101,1.0,1.0
Pré-pandemia (até jan/2020),UF × mês,Clima | Protocolos,Diferença simples,ADEQUACAO_PAINEL,"TWFE; lags próprios1,2,3,12; D1,2,3",pontos percentuais de I,1620,60,2015-02-01,2020-01-01,0.5185185185185185,0.9629629629629629,0.8508100627896661,0.26229312827650014,0.004101223864325063,-0.005041516935531243,0.0043207468533959835,-0.013922939289610251,0.0038399054185477644,0.7800249196732533,0.5158254694152629,0.7355635887473069,0.7034106921299733,False,Estacionariedade de I: menos de80% das UFs convergentes,"Viés dinâmico e exogeneidade não certificados; SPJ anterior preservado, não reaplicado como correção automática",32,0.7933556973497626,1.0,1.0
Pré-pandemia (até jan/2020),UF × mês,Clima | Municípios,Diferença simples,ADEQUACAO_PAINEL,"TWFE; lags próprios1,2,3,12; D1,2,3",pontos percentuais de I,1620,60,2015-02-01,2020-01-01,0.5185185185185185,0.9629629629629629,0.8507987620619235,0.2636580130966382,0.004124413144610686,-0.005178362395331311,0.004262402605119275,-0.013939856429502056,0.003583131638839435,0.7702340342914167,0.52113284914619,0.7307560423589924,0.6875656528084372,False,Estacionariedade de I: menos de80% das UFs convergentes,"Viés dinâmico e exogeneidade não certificados; SPJ anterior preservado, não reaplicado como correção automática",32,0.7933556973497626,1.0,1.0
Pré-pandemia (até jan/2020),UF × mês,Clima | Deslocamento,Diferença simples,ADEQUACAO_PAINEL,"TWFE; lags próprios1,2,3,12; D1,2,3",pontos percentuais de I,1620,60,2015-02-01,2020-01-01,0.5185185185185185,0.8148148148148148,0.8510943369389332,0.28184210681569183,0.0009962072098924322,-0.0008767060503714918,0.0018179404069282152,-0.004613536074510843,0.0028601239737678593,0.16568820674930165,0.9185226436662738,0.9106470304297549,0.909399573491381,False,Estacionariedade de I: menos de80% das UFs convergentes,"Viés dinâmico e exogeneidade não certificados; SPJ anterior preservado, não reaplicado como correção automática",32,0.9480193946643254,1.0,1.0
Pré-pandemia (até jan/2020),UF × mês,Clima | Habitações,Diferença simples,ADEQUACAO_PAINEL,"TWFE; lags próprios1,2,3,12; D1,2,3",pontos percentuais de I,1620,60,2015-02-01,2020-01-01,0.5185185185185185,0.8148148148148148,0.8505204869636745,0.25507281849978136,0.001081880455530012,0.0020930945351706224,0.0015557517511862894,-0.0011047989886129985,0.005290988058954243,2.3286111501614224,0.09779456801569576,0.12441478065465625,0.17715288704146737,False,Estacionariedade de I: menos de80% das UFs convergentes,"Viés dinâmico e exogeneidade não certificados; SPJ anterior preservado, não reaplicado como correção automática",32,0.45827228181615876,1.0,1.0
Pré-pandemia (até jan/2020),UF × mês,Clima | Protocolos,Variação relativa,ADEQUACAO_PAINEL,"TWFE; lags próprios1,2,3,12; D1,2,3",variação logarítmica percentual de I,1620,60,2015-02-01,2020-01-01,0.5925925925925926,0.9629629629629629,0.887223825535434,0.014343799215892667,0.12880400009474605,-0.11040054831555346,0.11176702322973885,-0.34014095483376355,0.11933985820265663,0.9073220231059613,0.4509887882309428,0.6552288207189292,0.713591727755148,False,Estacionariedade de I: menos de80% das UFs convergentes; Autocorrelação residual; Influência material de uma UF,"Viés dinâmico e exogeneidade não certificados; SPJ anterior preservado, não reaplicado como correção automática",32,0.7933556973497626,1.0,1.0
Pré-pandemia (até jan/2020),UF × mês,Clima | Municípios,Variação relativa,ADEQUACAO_PAINEL,"TWFE; lags próprios1,2,3,12; D1,2,3",variação logarítmica percentual de I,1620,60,2015-02-01,2020-01-01,0.5925925925925926,0.9629629629629629,0.8872286541844179,0.014478322172016079,0.1306716310529295,-0.11639726692818675,0.10760814800305928,-0.33758898298631446,0.10479444912994093,0.9118181008590165,0.4488380416612616,0.6560498875763436,0.6907521412089653,False,Estacionariedade de I: menos de80% das UFs convergentes; Autocorrelação residual; Influência material de uma UF,"Viés dinâmico e exogeneidade não certificados; SPJ anterior preservado, não reaplicado como correção automática",32,0.7933556973497626,1.0,1.0
Pré-pandemia (até jan/2020),UF × mês,Clima | Deslocamento,Variação relativa,ADEQUACAO_PAINEL,"TWFE; lags próprios1,2,3,12; D1,2,3",variação logarítmica percentual de I,1620,60,2015-02-01,2020-01-01,0.5925925925925926,0.8148148148148148,0.8872985277111074,0.015238306588976128,0.02497636804624248,0.001829858970200193,0.04798935481724395,-0.09681367259812294,0.10047339053852332,0.11916781192282677,0.9480193946643254,0.9616700580407492,0.9282058267404085,False,Estacionariedade de I: menos de80% das UFs convergentes; Autocorrelação residual,"Viés dinâmico e exogeneidade não certificados; SPJ anterior preservado, não reaplicado como correção automática",32,0.9480193946643254,1.0,1.0
Pré-pandemia (até jan/2020),UF × mês,Clima | Habitações,Variação relativa,ADEQUACAO_PAINEL,"TWFE; lags próprios1,2,3,12; D1,2,3",variação logarítmica percentual de I,1620,60,2015-02-01,2020-01-01,0.5925925925925926,0.8148148148148148,0.8870421130314093,0.010360207844562326,0.015477295963681893,0.05618715789868187,0.04280407818607498,-0.03179788490676649,0.14417220070413023,2.135964398102817,0.11995385444263255,0.2265503910075657,0.25733218361059396,False,Estacionariedade de I: menos de80% das UFs convergentes; Autocorrelação residual,"Viés dinâmico e exogeneidade não certificados; SPJ anterior preservado, não reaplicado como correção automática",32,0.4606965811333101,1.0,1.0
Pré-pandemia (até jan/2020),UF × mês,Clima | Protocolos,Diferença sazonal,ADEQUACAO_PAINEL,"TWFE; lags próprios1,2,3,12; D1,2,3",pontos percentuais de I,1620,60,2015-02-01,2020-01-01,0.7777777777777778,0.9629629629629629,0.9803968691931678,1.3424492390718312e-07,0.0034009572438068888,0.0001978154752432684,0.002977124977978593,-0.005921752559510746,0.006317383509997283,0.5533964270430014,0.65043522191701,0.6487880494922004,0.27064431705274855,False,Estacionariedade de I: menos de80% das UFs convergentes; Autocorrelação residual; Influência material de uma UF,"Viés dinâmico e exogeneidade não certificados; SPJ anterior preservado, não reaplicado como correção automática",32,0.8218760825547661,1.0,1.0
Pré-pandemia (até jan/2020),UF × mês,Clima | Municípios,Diferença sazonal,ADEQUACAO_PAINEL,"TWFE; lags próprios1,2,3,12; D1,2,3",pontos percentuais de I,1620,60,2015-02-01,2020-01-01,0.7777777777777778,1.0,0.9803891669020897,1.2924584618355367e-07,0.003554697760152283,-0.00028715205972874316,0.002911888894736825,-0.006272625404917547,0.00569832128546006,0.5447423304138405,0.6560458485705952,0.6551908409564566,0.2912081662013694,False,Estacionariedade de I: menos de80% das UFs convergentes; Autocorrelação residual; Influência material de uma UF,"Viés dinâmico e exogeneidade não certificados; SPJ anterior preservado, não reaplicado como correção automática",32,0.8218760825547661,1.0,1.0
Pré-pandemia (até jan/2020),UF × mês,Clima | Deslocamento,Diferença sazonal,ADEQUACAO_PAINEL,"TWFE; lags próprios1,2,3,12; D1,2,3",pontos percentuais de I,1620,60,2015-02-01,2020-01-01,0.7777777777777778,0.8148148148148148,0.9802536583512271,2.0563019189238185e-07,0.000801590101066556,-0.000618992213935747,0.0011630300430661147,-0.003009634705484235,0.0017716502776127408,1.8329435007246493,0.1659548569979141,0.3572337763789009,0.3735805708933527,False,Estacionariedade de I: menos de80% das UFs convergentes; Autocorrelação residual,"Viés dinâmico e exogeneidade não certificados; SPJ anterior preservado, não reaplicado como correção automática",32,0.4606965811333101,1.0,1.0
Pré-pandemia (até jan/2020),UF × mês,Clima | Habitações,Diferença sazonal,ADEQUACAO_PAINEL,"TWFE; lags próprios1,2,3,12; D1,2,3",pontos percentuais de I,1620,60,2015-02-01,2020-01-01,0.7777777777777778,0.7037037037037037,0.9803918329936472,2.779871760403345e-07,0.00180279843842538,0.0019871436982510523,0.0015612345926757849,-0.001222019967621639,0.005196307364123744,2.5382181422342454,0.07847770090883646,0.10138137465906634,0.15922527219896634,False,Estacionariedade de I: menos de80% das UFs convergentes; Estacionariedade de D: menos de80% das UFs convergentes; Autocorrelação residual; Influência material de uma UF,"Viés dinâmico e exogeneidade não certificados; SPJ anterior preservado, não reaplicado como correção automática",32,0.45827228181615876,1.0,1.0
Pré-pandemia (até jan/2020),UF × mês,Clima | Protocolos,Relativa e sazonal,ADEQUACAO_PAINEL,"TWFE; lags próprios1,2,3,12; D1,2,3",variação logarítmica percentual de I,1620,60,2015-02-01,2020-01-01,0.7777777777777778,0.9629629629629629,0.9718624237065554,3.955087716089209e-08,0.05794086799052156,0.09479938958961179,0.09022828091212295,-0.0906674980233958,0.2802662772026194,1.0945364806852027,0.36904802286235655,0.3611088436777988,0.26309045020315425,False,Estacionariedade de I: menos de80% das UFs convergentes; Autocorrelação residual,"Viés dinâmico e exogeneidade não certificados; SPJ anterior preservado, não reaplicado como correção automática",32,0.7873024487730274,1.0,1.0
Pré-pandemia (até jan/2020),UF × mês,Clima | Municípios,Relativa e sazonal,ADEQUACAO_PAINEL,"TWFE; lags próprios1,2,3,12; D1,2,3",variação logarítmica percentual de I,1620,60,2015-02-01,2020-01-01,0.7777777777777778,1.0,0.9718576388416943,3.77155610258688e-08,0.061416800719670796,0.0787104626935043,0.08711388114219354,-0.10035468450871078,0.2577756098957194,1.0046394529550495,0.4064841266946356,0.38910147303666937,0.2922671198556077,False,Estacionariedade de I: menos de80% das UFs convergentes; Autocorrelação residual,"Viés dinâmico e exogeneidade não certificados; SPJ anterior preservado, não reaplicado como correção automática",32,0.7933556973497626,1.0,1.0
Pré-pandemia (até jan/2020),UF × mês,Clima | Deslocamento,Relativa e sazonal,ADEQUACAO_PAINEL,"TWFE; lags próprios1,2,3,12; D1,2,3",variação logarítmica percentual de I,1620,60,2015-02-01,2020-01-01,0.7777777777777778,0.8148148148148148,0.9717224944092752,4.9299530920539195e-08,0.018172056042830384,0.012321529746806451,0.023419453162668392,-0.03581784566597637,0.06046090515958928,1.1313037576564728,0.3547020854747704,0.518501810547578,0.42455863368108027,False,Estacionariedade de I: menos de80% das UFs convergentes; Autocorrelação residual,"Viés dinâmico e exogeneidade não certificados; SPJ anterior preservado, não reaplicado como correção automática",32,0.7873024487730274,1.0,1.0
Pré-pandemia (até jan/2020),UF × mês,Clima | Habitações,Relativa e sazonal,ADEQUACAO_PAINEL,"TWFE; lags próprios1,2,3,12; D1,2,3",variação logarítmica percentual de I,1620,60,2015-02-01,2020-01-01,0.7777777777777778,0.7037037037037037,0.9718204966611397,5.8241905514176884e-08,0.028081311383533883,0.05363523469737491,0.030393418781080934,-0.008839332348138149,0.11610980174288797,3.154990666340168,0.041668738786953964,0.11057673213101224,0.1716269207290191,False,Estacionariedade de I: menos de80% das UFs convergentes; Estacionariedade de D: menos de80% das UFs convergentes; Autocorrelação residual,"Viés dinâmico e exogeneidade não certificados; SPJ anterior preservado, não reaplicado como correção automática",32,0.45827228181615876,1.0,1.0
