periodo,coluna,L,K,lag,beta,beta_low,beta_high,beta_p_busca,C,C_low,C_high,M_perfil
Total,total_desastres,6,1,1,0.02267401455424967,-0.015384576558499629,0.060732605666998965,1.0,0.02267401455424967,-0.015384576558499629,0.060732605666998965,55
Total,total_desastres,12,1,1,0.02267401455424967,-0.011493275413100423,0.05684130452159976,1.0,0.02267401455424967,-0.011493275413100423,0.05684130452159976,55
Total,total_desastres,18,1,1,0.02267401455424967,-0.009665475523173064,0.0550135046316724,1.0,0.02267401455424967,-0.009665475523173064,0.0550135046316724,55
Total,grupo_climatologico,6,1,1,0.016858600796498976,-0.038810964204309295,0.07252816579730724,1.0,0.016858600796498976,-0.038810964204309295,0.07252816579730724,55
Total,grupo_climatologico,12,1,1,0.016858600796498976,-0.04112280287770084,0.0748400044706988,1.0,0.016858600796498976,-0.04112280287770084,0.0748400044706988,55
Total,grupo_climatologico,18,1,1,0.016858600796498976,-0.04054400330560606,0.07426120489860401,1.0,0.016858600796498976,-0.04054400330560606,0.07426120489860401,55
Total,grupo_hidrologico,6,1,1,0.040720940604676376,-0.030617264133254232,0.11205914534260698,1.0,0.040720940604676376,-0.030617264133254232,0.11205914534260698,55
Total,grupo_hidrologico,12,1,1,0.040720940604676376,-0.030680975644379674,0.11212285685373242,1.0,0.040720940604676376,-0.030680975644379674,0.11212285685373242,55
Total,grupo_hidrologico,18,1,1,0.040720940604676376,-0.031877593479190225,0.11331947468854298,1.0,0.040720940604676376,-0.031877593479190225,0.11331947468854298,55
Total,grupo_meteorologico,6,1,1,0.037592489459435385,-0.03525699194169504,0.11044197086056581,1.0,0.037592489459435385,-0.03525699194169504,0.11044197086056581,55
Total,grupo_meteorologico,12,1,1,0.037592489459435385,-0.03363493510264645,0.10881991402151722,1.0,0.037592489459435385,-0.03363493510264645,0.10881991402151722,55
Total,grupo_meteorologico,18,1,1,0.037592489459435385,-0.03822918204105849,0.11341416095992926,1.0,0.037592489459435385,-0.03822918204105849,0.11341416095992926,55
Total,grupo_outros,6,1,1,-0.0025805561374075067,-0.09666195206069036,0.09150083978587537,1.0,-0.0025805561374075067,-0.09666195206069036,0.09150083978587537,55
Total,grupo_outros,12,1,1,-0.0025805561374075067,-0.09649457070112344,0.09133345842630841,1.0,-0.0025805561374075067,-0.09649457070112344,0.09133345842630841,55
Total,grupo_outros,18,1,1,-0.0025805561374075067,-0.09339543746363144,0.08823432518881644,1.0,-0.0025805561374075067,-0.09339543746363144,0.08823432518881644,55
Total,tipo_alagamentos,6,1,1,0.08637442041479516,-0.35746655281362977,0.5302153936432201,1.0,0.08637442041479516,-0.35746655281362977,0.5302153936432201,55
Total,tipo_alagamentos,12,1,1,0.08637442041479516,-0.355898901558797,0.5286477423883873,1.0,0.08637442041479516,-0.355898901558797,0.5286477423883873,55
Total,tipo_alagamentos,18,1,1,0.08637442041479516,-0.35936943814037625,0.5321182789699666,1.0,0.08637442041479516,-0.35936943814037625,0.5321182789699666,55
Total,tipo_chuvas_intensas,6,1,1,0.019199102333971495,-0.08167518819208829,0.12007339286003128,1.0,0.019199102333971495,-0.08167518819208829,0.12007339286003128,55
Total,tipo_chuvas_intensas,12,1,1,0.019199102333971495,-0.09378447805960137,0.13218268272754435,1.0,0.019199102333971495,-0.09378447805960137,0.13218268272754435,55
Total,tipo_chuvas_intensas,18,1,1,0.019199102333971495,-0.09942073859558175,0.13781894326352473,1.0,0.019199102333971495,-0.09942073859558175,0.13781894326352473,55
Total,tipo_doencas_infecciosas,6,1,1,0.008849183791305604,-0.17577402467396716,0.1934723922565784,1.0,0.008849183791305604,-0.17577402467396716,0.1934723922565784,55
Total,tipo_doencas_infecciosas,12,1,1,0.008849183791305604,-0.17054743895888208,0.1882458065414933,1.0,0.008849183791305604,-0.17054743895888208,0.1882458065414933,55
Total,tipo_doencas_infecciosas,18,1,1,0.008849183791305604,-0.17200426771472113,0.18970263529733236,1.0,0.008849183791305604,-0.17200426771472113,0.18970263529733236,55
Total,tipo_enxurradas,6,1,1,0.17768951956093534,-0.08072613582929619,0.43610517495116685,1.0,0.17768951956093534,-0.08072613582929619,0.43610517495116685,55
Total,tipo_enxurradas,12,1,1,0.17768951956093534,-0.09906195131979548,0.4544409904416662,1.0,0.17768951956093534,-0.09906195131979548,0.4544409904416662,55
Total,tipo_enxurradas,18,1,1,0.17768951956093534,-0.12168548089385658,0.4770645200157273,1.0,0.17768951956093534,-0.12168548089385658,0.4770645200157273,55
Total,tipo_erosao,6,1,1,0.002339311097198821,-0.0754391761262721,0.08011779832066973,1.0,0.002339311097198821,-0.0754391761262721,0.08011779832066973,55
Total,tipo_erosao,12,1,1,0.002339311097198821,-0.07419113019441816,0.07886975238881579,1.0,0.002339311097198821,-0.07419113019441816,0.07886975238881579,55
Total,tipo_erosao,18,1,1,0.002339311097198821,-0.07004837434796843,0.07472699654236606,1.0,0.002339311097198821,-0.07004837434796843,0.07472699654236606,55
Total,tipo_estiagem_e_seca,6,1,1,-0.0012758887522246398,-0.0791205223155553,0.07656874481110601,1.0,-0.0012758887522246398,-0.0791205223155553,0.07656874481110601,55
Total,tipo_estiagem_e_seca,12,1,1,-0.0012758887522246398,-0.07723356935198104,0.07468179184753175,1.0,-0.0012758887522246398,-0.07723356935198104,0.07468179184753175,55
Total,tipo_estiagem_e_seca,18,1,1,-0.0012758887522246398,-0.07080728349671558,0.06825550599226629,1.0,-0.0012758887522246398,-0.07080728349671558,0.06825550599226629,55
Total,tipo_granizo,6,1,1,0.1758753292608403,-0.5964496557415625,0.948200314263243,1.0,0.1758753292608403,-0.5964496557415625,0.948200314263243,55
Total,tipo_granizo,12,1,1,0.1758753292608403,-0.6530077856163282,1.0047584441380089,1.0,0.1758753292608403,-0.6530077856163282,1.0047584441380089,55
Total,tipo_granizo,18,1,1,0.1758753292608403,-0.6284163122502555,0.980166970771936,1.0,0.1758753292608403,-0.6284163122502555,0.980166970771936,55
Total,tipo_incendio_florestal,6,1,1,0.05634749770136183,-0.0005235069858240682,0.11321850238854773,0.055508360977502925,0.05634749770136183,-0.0005235069858240682,0.11321850238854773,55
Total,tipo_incendio_florestal,12,1,1,0.05634749770136183,0.008319452890653826,0.10437554251206985,0.006171510465894157,0.05634749770136183,0.008319452890653826,0.10437554251206985,55
Total,tipo_incendio_florestal,18,1,1,0.05634749770136183,0.010790289859606707,0.10190470554311695,0.002702086379912888,0.05634749770136183,0.010790289859606707,0.10190470554311695,55
Total,tipo_inundacoes,6,1,1,0.06433937705170838,-0.08613005435383293,0.2148088084572497,1.0,0.06433937705170838,-0.08613005435383293,0.2148088084572497,55
Total,tipo_inundacoes,12,1,1,0.06433937705170838,-0.08209986005831975,0.2107786141617365,1.0,0.06433937705170838,-0.08209986005831975,0.2107786141617365,55
Total,tipo_inundacoes,18,1,1,0.06433937705170838,-0.08884953874472871,0.21752829284814545,1.0,0.06433937705170838,-0.08884953874472871,0.21752829284814545,55
Total,tipo_movimento_de_massa,6,1,1,0.05787634825614047,-1.02058244885059,1.1363351453628707,1.0,0.05787634825614047,-1.02058244885059,1.1363351453628707,55
Total,tipo_movimento_de_massa,12,1,1,0.05787634825614047,-1.0955504404550087,1.2113031369672895,1.0,0.05787634825614047,-1.0955504404550087,1.2113031369672895,55
Total,tipo_movimento_de_massa,18,1,1,0.05787634825614047,-1.145838233482971,1.261590929995252,1.0,0.05787634825614047,-1.145838233482971,1.261590929995252,55
Total,tipo_onda_de_calor_e_baixa_umidade,6,1,1,1.6993402785822642,-2.185181800642917,5.583862357807446,1.0,1.6993402785822642,-2.185181800642917,5.583862357807446,55
Total,tipo_onda_de_calor_e_baixa_umidade,12,1,1,1.6993402785822642,-2.13865765037034,5.5373382075348685,1.0,1.6993402785822642,-2.13865765037034,5.5373382075348685,55
Total,tipo_onda_de_calor_e_baixa_umidade,18,1,1,1.6993402785822642,-1.78809308839308,5.186773645557608,1.0,1.6993402785822642,-1.78809308839308,5.186773645557608,55
Total,tipo_onda_de_frio,6,1,1,0.03758844158391064,-0.12098381333484196,0.19616069650266324,1.0,0.03758844158391064,-0.12098381333484196,0.19616069650266324,55
Total,tipo_onda_de_frio,12,1,1,0.03758844158391064,-0.11381941972582449,0.18899630289364577,1.0,0.03758844158391064,-0.11381941972582449,0.18899630289364577,55
Total,tipo_onda_de_frio,18,1,1,0.03758844158391064,-0.11103481984659233,0.18621170301441362,1.0,0.03758844158391064,-0.11103481984659233,0.18621170301441362,55
Total,tipo_outros,6,1,1,-0.046173153711093325,-0.19621504907547757,0.10386874165329094,1.0,-0.046173153711093325,-0.19621504907547757,0.10386874165329094,55
Total,tipo_outros,12,1,1,-0.046173153711093325,-0.18284949865872308,0.09050319123653644,1.0,-0.046173153711093325,-0.18284949865872308,0.09050319123653644,55
Total,tipo_outros,18,1,1,-0.046173153711093325,-0.16816200685679145,0.07581569943460478,1.0,-0.046173153711093325,-0.16816200685679145,0.07581569943460478,55
Total,tipo_rompimento_colapso_de_barragens,6,1,1,1.5741848054515373,-1.8468647916176932,4.995234402520768,1.0,1.5741848054515373,-1.8468647916176932,4.995234402520768,55
Total,tipo_rompimento_colapso_de_barragens,12,1,1,1.5741848054515373,-1.2606928954194938,4.409062506322568,1.0,1.5741848054515373,-1.2606928954194938,4.409062506322568,55
Total,tipo_rompimento_colapso_de_barragens,18,1,1,1.5741848054515373,-0.9955440918600003,4.143913702763075,1.0,1.5741848054515373,-0.9955440918600003,4.143913702763075,55
Total,tipo_tornado,6,1,1,0.9257278985116583,-0.9473863502619838,2.7988421472853005,1.0,0.9257278985116583,-0.9473863502619838,2.7988421472853005,55
Total,tipo_tornado,12,1,1,0.9257278985116583,-0.797728370479316,2.6491841675026326,1.0,0.9257278985116583,-0.797728370479316,2.6491841675026326,55
Total,tipo_tornado,18,1,1,0.9257278985116583,-0.6422886005169063,2.493744397540223,1.0,0.9257278985116583,-0.6422886005169063,2.493744397540223,55
Total,tipo_vendavais_e_ciclones,6,1,1,0.02958566602770535,-0.04015329657948777,0.09932462863489847,1.0,0.02958566602770535,-0.04015329657948777,0.09932462863489847,55
Total,tipo_vendavais_e_ciclones,12,1,1,0.02958566602770535,-0.03981748901245634,0.09898882106786704,1.0,0.02958566602770535,-0.03981748901245634,0.09898882106786704,55
Total,tipo_vendavais_e_ciclones,18,1,1,0.02958566602770535,-0.04290482327788839,0.10207615533329908,1.0,0.02958566602770535,-0.04290482327788839,0.10207615533329908,55
Total,analitica_Clima/hidrometeorologia,6,1,1,0.025381296369884336,-0.018146084008373004,0.06890867674814168,1.0,0.025381296369884336,-0.018146084008373004,0.06890867674814168,55
Total,analitica_Clima/hidrometeorologia,12,1,1,0.025381296369884336,-0.016327535641284703,0.06709012838105338,1.0,0.025381296369884336,-0.016327535641284703,0.06709012838105338,55
Total,analitica_Clima/hidrometeorologia,18,1,1,0.025381296369884336,-0.015165908764161629,0.0659285015039303,1.0,0.025381296369884336,-0.015165908764161629,0.0659285015039303,55
Total,analitica_Natural não diretamente climático,6,1,1,-0.0013328529930025175,-0.10379225511288757,0.10112654912688253,1.0,-0.0013328529930025175,-0.10379225511288757,0.10112654912688253,55
Total,analitica_Natural não diretamente climático,12,1,1,-0.0013328529930025175,-0.10176294082651856,0.09909723484051351,1.0,-0.0013328529930025175,-0.10176294082651856,0.09909723484051351,55
Total,analitica_Natural não diretamente climático,18,1,1,-0.0013328529930025175,-0.10036245210642392,0.09769674612041887,1.0,-0.0013328529930025175,-0.10036245210642392,0.09769674612041887,55
Total,analitica_Tecnológico/antrópico,6,1,1,-0.025390403957152835,-0.11736932365111667,0.066588515736811,1.0,-0.025390403957152835,-0.11736932365111667,0.066588515736811,55
Total,analitica_Tecnológico/antrópico,12,1,1,-0.025390403957152835,-0.1083285486741114,0.05754774075980573,1.0,-0.025390403957152835,-0.1083285486741114,0.05754774075980573,55
Total,analitica_Tecnológico/antrópico,18,1,1,-0.025390403957152835,-0.09416570772726965,0.04338489981296398,1.0,-0.025390403957152835,-0.09416570772726965,0.04338489981296398,55
Pré,total_desastres,6,1,1,0.002060497322921023,-0.07601116759736586,0.08013216224320789,1.0,0.002060497322921023,-0.07601116759736586,0.08013216224320789,55
Pré,total_desastres,12,1,1,0.002060497322921023,-0.07223916722853384,0.07636016187437587,1.0,0.002060497322921023,-0.07223916722853384,0.07636016187437587,55
Pré,total_desastres,18,1,1,0.002060497322921023,-0.057930348129534404,0.06205134277537645,1.0,0.002060497322921023,-0.057930348129534404,0.06205134277537645,55
Pré,grupo_climatologico,6,1,1,-0.009835205526484788,-0.11887054061369796,0.09920012956072839,1.0,-0.009835205526484788,-0.11887054061369796,0.09920012956072839,55
Pré,grupo_climatologico,12,1,1,-0.009835205526484788,-0.11804400250079594,0.09837359144782637,1.0,-0.009835205526484788,-0.11804400250079594,0.09837359144782637,55
Pré,grupo_climatologico,18,1,1,-0.009835205526484788,-0.10098651617360978,0.0813161051206402,1.0,-0.009835205526484788,-0.10098651617360978,0.0813161051206402,55
Pré,grupo_hidrologico,6,1,1,0.0511287861095488,-0.17156263847724387,0.2738202106963415,1.0,0.0511287861095488,-0.17156263847724387,0.2738202106963415,55
Pré,grupo_hidrologico,12,1,1,0.0511287861095488,-0.18011605041326173,0.2823736226323593,1.0,0.0511287861095488,-0.18011605041326173,0.2823736226323593,55
Pré,grupo_hidrologico,18,1,1,0.0511287861095488,-0.18541972735313367,0.28767729957223126,1.0,0.0511287861095488,-0.18541972735313367,0.28767729957223126,55
Pré,grupo_meteorologico,6,1,1,0.012618737712737575,-0.11683795447746478,0.14207542990293995,1.0,0.012618737712737575,-0.11683795447746478,0.14207542990293995,55
Pré,grupo_meteorologico,12,1,1,0.012618737712737575,-0.11376896417840107,0.13900643960387624,1.0,0.012618737712737575,-0.11376896417840107,0.13900643960387624,55
Pré,grupo_meteorologico,18,1,1,0.012618737712737575,-0.10125381313474646,0.12649128856022163,1.0,0.012618737712737575,-0.10125381313474646,0.12649128856022163,55
Pré,grupo_outros,6,1,1,-0.00906831416072332,-0.22343181782450297,0.20529518950305634,1.0,-0.00906831416072332,-0.22343181782450297,0.20529518950305634,55
Pré,grupo_outros,12,1,1,-0.00906831416072332,-0.221510172478053,0.20337354415660636,1.0,-0.00906831416072332,-0.221510172478053,0.20337354415660636,55
Pré,grupo_outros,18,1,1,-0.00906831416072332,-0.22076018329172942,0.20262355497028278,1.0,-0.00906831416072332,-0.22076018329172942,0.20262355497028278,55
Pré,tipo_alagamentos,6,6,1,0.9176542481028472,-2.7605988190607196,4.595907315266414,1.0,0.9176542481028472,-2.7605988190607196,4.595907315266414,55
Pré,tipo_alagamentos,6,6,2,-0.022960275984181447,-1.5011862186664666,1.4552656666981039,1.0,0.8946939721186657,-2.735760025723729,4.52514796996106,55
Pré,tipo_alagamentos,6,6,3,0.9853249299507233,-3.162149412690787,5.132799272592234,1.0,1.8800189020693892,-5.535751188414215,9.295788992552993,55
Pré,tipo_alagamentos,6,6,4,-1.8019330009671868,-8.684520822521012,5.0806548205866395,1.0,0.07808590110220237,-5.900169256015035,6.05634105821944,55
Pré,tipo_alagamentos,6,6,5,-0.2564213334859486,-1.7463197943540774,1.23347712738218,1.0,-0.17833543238374622,-5.449732145936468,5.093061281168976,55
Pré,tipo_alagamentos,6,6,6,-2.229546558867743,-8.342026418350871,3.882933300615386,1.0,-2.407881991251489,-11.275345503544475,6.459581521041496,55
Pré,tipo_alagamentos,12,6,1,0.9176542481028472,-2.329304313977375,4.164612810183069,1.0,0.9176542481028472,-2.329304313977375,4.164612810183069,55
Pré,tipo_alagamentos,12,6,2,-0.022960275984181447,-1.2745778403000823,1.2286572883317195,1.0,0.8946939721186657,-2.2733393387943854,4.062727283031717,55
Pré,tipo_alagamentos,12,6,3,0.9853249299507233,-2.80952765607486,4.780177515976306,1.0,1.8800189020693892,-4.795820507429111,8.55585831156789,55
Pré,tipo_alagamentos,12,6,4,-1.8019330009671868,-8.355647613602882,4.751781611668507,1.0,0.07808590110220237,-3.9268989553189737,4.0830707575233784,55
Pré,tipo_alagamentos,12,6,5,-0.2564213334859486,-1.6466721085205225,1.1338294415486252,1.0,-0.17833543238374622,-3.72911158832656,3.3724407235590674,55
Pré,tipo_alagamentos,12,6,6,-2.229546558867743,-7.758921520457568,3.2998284027220817,1.0,-2.407881991251489,-9.08279808131324,4.267034098810262,55
Pré,tipo_alagamentos,18,6,1,0.9176542481028472,-2.243254091541372,4.078562587747067,1.0,0.9176542481028472,-2.243254091541372,4.078562587747067,55
Pré,tipo_alagamentos,18,6,2,-0.022960275984181447,-1.010772846858934,0.9648522948905711,1.0,0.8946939721186657,-2.04674688673916,3.8361348309764915,55
Pré,tipo_alagamentos,18,6,3,0.9853249299507233,-2.6648095877679987,4.6354594476694455,1.0,1.8800189020693892,-4.549390815168195,8.309428619306972,55
Pré,tipo_alagamentos,18,6,4,-1.8019330009671868,-8.171474924544242,4.567608922609869,1.0,0.07808590110220237,-3.8323776315263687,3.9885494337307734,55
Pré,tipo_alagamentos,18,6,5,-0.2564213334859486,-1.5659893616389036,1.0531466946670063,1.0,-0.17833543238374622,-3.7461491819961372,3.3894783172286447,55
Pré,tipo_alagamentos,18,6,6,-2.229546558867743,-7.27660309283014,2.8175099750946546,1.0,-2.407881991251489,-8.510014799465061,3.6942508169620836,55
Pré,tipo_chuvas_intensas,6,1,1,-0.11269813963564504,-0.43613788227360417,0.21074160300231412,1.0,-0.11269813963564504,-0.43613788227360417,0.21074160300231412,55
Pré,tipo_chuvas_intensas,12,1,1,-0.11269813963564504,-0.43886150164111126,0.2134652223698212,1.0,-0.11269813963564504,-0.43886150164111126,0.2134652223698212,55
Pré,tipo_chuvas_intensas,18,1,1,-0.11269813963564504,-0.42006158890606593,0.19466530963477588,1.0,-0.11269813963564504,-0.42006158890606593,0.19466530963477588,55
Pré,tipo_doencas_infecciosas,6,1,1,0.005862229973911992,-0.18169882901939208,0.19342328896721608,1.0,0.005862229973911992,-0.18169882901939208,0.19342328896721608,55
Pré,tipo_doencas_infecciosas,12,1,1,0.005862229973911992,-0.17647197047274996,0.18819643042057396,1.0,0.005862229973911992,-0.17647197047274996,0.18819643042057396,55
Pré,tipo_doencas_infecciosas,18,1,1,0.005862229973911992,-0.17774386724198582,0.18946832718980983,1.0,0.005862229973911992,-0.17774386724198582,0.18946832718980983,55
Pré,tipo_enxurradas,6,1,1,0.05309294646083836,-0.12106344256872487,0.2272493354904016,1.0,0.05309294646083836,-0.12106344256872487,0.2272493354904016,55
Pré,tipo_enxurradas,12,1,1,0.05309294646083836,-0.12432513533162676,0.2305110282533035,1.0,0.05309294646083836,-0.12432513533162676,0.2305110282533035,55
Pré,tipo_enxurradas,18,1,1,0.05309294646083836,-0.11501655669596506,0.2212024496176418,1.0,0.05309294646083836,-0.11501655669596506,0.2212024496176418,55
Pré,tipo_erosao,6,1,1,-0.8334407235857756,-3.4687453426065242,1.8018638954349728,1.0,-0.8334407235857756,-3.4687453426065242,1.8018638954349728,55
Pré,tipo_erosao,12,1,1,-0.8334407235857756,-3.284285929512147,1.6174044823405955,1.0,-0.8334407235857756,-3.284285929512147,1.6174044823405955,55
Pré,tipo_erosao,18,1,1,-0.8334407235857756,-2.9894902601639486,1.3226088129923972,1.0,-0.8334407235857756,-2.9894902601639486,1.3226088129923972,55
Pré,tipo_estiagem_e_seca,6,1,1,-0.017186499163439596,-0.14944549083162054,0.11507249250474136,1.0,-0.017186499163439596,-0.14944549083162054,0.11507249250474136,55
Pré,tipo_estiagem_e_seca,12,1,1,-0.017186499163439596,-0.14891455346882063,0.11454155514194145,1.0,-0.017186499163439596,-0.14891455346882063,0.11454155514194145,55
Pré,tipo_estiagem_e_seca,18,1,1,-0.017186499163439596,-0.12885143430274715,0.09447843597586794,1.0,-0.017186499163439596,-0.12885143430274715,0.09447843597586794,55
Pré,tipo_granizo,6,1,1,-0.062383256862154415,-0.8430192931423848,0.718252779418076,1.0,-0.062383256862154415,-0.8430192931423848,0.718252779418076,55
Pré,tipo_granizo,12,1,1,-0.062383256862154415,-0.7700047764160083,0.6452382626916995,1.0,-0.062383256862154415,-0.7700047764160083,0.6452382626916995,55
Pré,tipo_granizo,18,1,1,-0.062383256862154415,-0.702922956685935,0.5781564429616262,1.0,-0.062383256862154415,-0.702922956685935,0.5781564429616262,55
Pré,tipo_incendio_florestal,6,1,1,0.11669836425408817,-0.17175155440191128,0.40514828291008764,1.0,0.11669836425408817,-0.17175155440191128,0.40514828291008764,55
Pré,tipo_incendio_florestal,12,1,1,0.11669836425408817,-0.17277570850281712,0.4061724370109935,1.0,0.11669836425408817,-0.17277570850281712,0.4061724370109935,55
Pré,tipo_incendio_florestal,18,1,1,0.11669836425408817,-0.1798709337508206,0.4132676622589969,1.0,0.11669836425408817,-0.1798709337508206,0.4132676622589969,55
Pré,tipo_inundacoes,6,1,1,0.1541438896423448,-0.224660772817014,0.5329485521017036,1.0,0.1541438896423448,-0.224660772817014,0.5329485521017036,55
Pré,tipo_inundacoes,12,1,1,0.1541438896423448,-0.28377126695274735,0.592059046237437,1.0,0.1541438896423448,-0.28377126695274735,0.592059046237437,55
Pré,tipo_inundacoes,18,1,1,0.1541438896423448,-0.3250669292044224,0.6333547084891119,1.0,0.1541438896423448,-0.3250669292044224,0.6333547084891119,55
Pré,tipo_movimento_de_massa,6,1,1,0.0032489156764735237,-1.6063672177556372,1.612865049108584,1.0,0.0032489156764735237,-1.6063672177556372,1.612865049108584,55
Pré,tipo_movimento_de_massa,12,1,1,0.0032489156764735237,-1.6086669483409763,1.6151647796939232,1.0,0.0032489156764735237,-1.6086669483409763,1.6151647796939232,55
Pré,tipo_movimento_de_massa,18,1,1,0.0032489156764735237,-1.4886037913548906,1.4951016227078375,1.0,0.0032489156764735237,-1.4886037913548906,1.4951016227078375,55
Pré,tipo_onda_de_frio,6,1,1,0.39847001144589916,-0.4634936520296136,1.260433674921412,1.0,0.39847001144589916,-0.4634936520296136,1.260433674921412,55
Pré,tipo_onda_de_frio,12,1,1,0.39847001144589916,-0.5066039207216904,1.3035439436134886,1.0,0.39847001144589916,-0.5066039207216904,1.3035439436134886,55
Pré,tipo_onda_de_frio,18,1,1,0.39847001144589916,-0.5330861928590207,1.3300262157508191,1.0,0.39847001144589916,-0.5330861928590207,1.3300262157508191,55
Pré,tipo_outros,6,1,1,-0.011038088168240983,-1.14852058037674,1.126444404040258,1.0,-0.011038088168240983,-1.14852058037674,1.126444404040258,55
Pré,tipo_outros,12,1,1,-0.011038088168240983,-0.8914946693994992,0.8694184930630171,1.0,-0.011038088168240983,-0.8914946693994992,0.8694184930630171,55
Pré,tipo_outros,18,1,1,-0.011038088168240983,-0.6943387491603299,0.6722625728238478,1.0,-0.011038088168240983,-0.6943387491603299,0.6722625728238478,55
Pré,tipo_tornado,6,1,1,0.9966268395997805,-0.9755690133610916,2.9688226925606527,1.0,0.9966268395997805,-0.9755690133610916,2.9688226925606527,55
Pré,tipo_tornado,12,1,1,0.9966268395997805,-0.8019106947013036,2.7951643739008647,1.0,0.9966268395997805,-0.8019106947013036,2.7951643739008647,55
Pré,tipo_tornado,18,1,1,0.9966268395997805,-0.6378670833565304,2.6311207625560913,1.0,0.9966268395997805,-0.6378670833565304,2.6311207625560913,55
Pré,tipo_vendavais_e_ciclones,6,1,1,0.009023727139415214,-0.1259806668717691,0.14402812115059951,1.0,0.009023727139415214,-0.1259806668717691,0.14402812115059951,55
Pré,tipo_vendavais_e_ciclones,12,1,1,0.009023727139415214,-0.12087582726923707,0.1389232815480675,1.0,0.009023727139415214,-0.12087582726923707,0.1389232815480675,55
Pré,tipo_vendavais_e_ciclones,18,1,1,0.009023727139415214,-0.10606589495373424,0.12411334923256466,1.0,0.009023727139415214,-0.10606589495373424,0.12411334923256466,55
Pré,analitica_Clima/hidrometeorologia,6,1,1,0.002495813709828482,-0.09291401616287273,0.0979056435825297,1.0,0.002495813709828482,-0.09291401616287273,0.0979056435825297,55
Pré,analitica_Clima/hidrometeorologia,12,1,1,0.002495813709828482,-0.09057992404271693,0.09557155146237391,1.0,0.002495813709828482,-0.09057992404271693,0.09557155146237391,55
Pré,analitica_Clima/hidrometeorologia,18,1,1,0.002495813709828482,-0.07659347567691852,0.08158510309657549,1.0,0.002495813709828482,-0.07659347567691852,0.08158510309657549,55
Pré,analitica_Natural não diretamente climático,6,1,1,-0.006393288066327812,-0.22901171768761033,0.21622514155495473,1.0,-0.006393288066327812,-0.22901171768761033,0.21622514155495473,55
Pré,analitica_Natural não diretamente climático,12,1,1,-0.006393288066327812,-0.22258794008165736,0.20980136394900176,1.0,-0.006393288066327812,-0.22258794008165736,0.20980136394900176,55
Pré,analitica_Natural não diretamente climático,18,1,1,-0.006393288066327812,-0.21779727389891432,0.20501069776625871,1.0,-0.006393288066327812,-0.21779727389891432,0.20501069776625871,55
Pré,analitica_Tecnológico/antrópico,6,1,1,-0.0048339667287491195,-0.883997605101845,0.8743296716443467,1.0,-0.0048339667287491195,-0.883997605101845,0.8743296716443467,55
Pré,analitica_Tecnológico/antrópico,12,1,1,-0.0048339667287491195,-0.7359022718188173,0.726234338361319,1.0,-0.0048339667287491195,-0.7359022718188173,0.726234338361319,55
Pré,analitica_Tecnológico/antrópico,18,1,1,-0.0048339667287491195,-0.6383012083853756,0.6286332749278774,1.0,-0.0048339667287491195,-0.6383012083853756,0.6286332749278774,55
