Ano,Campo,Cobertura,Zeros,Soma reportada
2013,DH_DESABRIGADOS,1.0,0.8643077980075575,155812.0
2014,DH_DESABRIGADOS,1.0,0.8670658682634731,110611.0
2015,DH_DESABRIGADOS,1.0,0.8504495977283483,79331.0
2016,DH_DESABRIGADOS,1.0,0.9187925170068028,15676.0
2017,DH_DESABRIGADOS,1.0,0.9090320492068631,39565.0
2018,DH_DESABRIGADOS,1.0,0.919921875,22337.0
2019,DH_DESABRIGADOS,1.0,0.9018912529550828,67088.0
2020,DH_DESABRIGADOS,1.0,0.8814432989690721,82753.0
2021,DH_DESABRIGADOS,1.0,0.8622047244094488,76372.0
2022,DH_DESABRIGADOS,1.0,0.8066122286397132,122017.0
2023,DH_DESABRIGADOS,1.0,0.8572825024437928,87583.0
2024,DH_DESABRIGADOS,1.0,0.8806128963609279,142423.0
2013,DH_DESALOJADOS,1.0,0.7897629680522157,432184.0
2014,DH_DESALOJADOS,1.0,0.7780439121756487,340396.0
2015,DH_DESALOJADOS,1.0,0.759110269758637,402456.0
2016,DH_DESALOJADOS,1.0,0.8431122448979592,115303.0
2017,DH_DESALOJADOS,1.0,0.8086759469083846,257560.0
2018,DH_DESALOJADOS,1.0,0.827734375,85389.0
2019,DH_DESALOJADOS,1.0,0.8159968479117415,215706.0
2020,DH_DESALOJADOS,1.0,0.7974226804123712,299198.0
2021,DH_DESALOJADOS,1.0,0.7747469066366705,350508.0
2022,DH_DESALOJADOS,1.0,0.7098187612029476,758201.0
2023,DH_DESALOJADOS,1.0,0.7429130009775171,594110.0
2024,DH_DESALOJADOS,1.0,0.7812300489465844,982908.0
2013,DM_Uni Habita Danificadas,1.0,0.8083132944005497,192784.0
2014,DM_Uni Habita Danificadas,1.0,0.7808383233532934,168493.0
2015,DM_Uni Habita Danificadas,1.0,0.7302413629910081,277135.0
2016,DM_Uni Habita Danificadas,1.0,0.9034863945578231,121720.0
2017,DM_Uni Habita Danificadas,1.0,0.7834250566526384,180771.0
2018,DM_Uni Habita Danificadas,1.0,0.799609375,77447.0
2019,DM_Uni Habita Danificadas,1.0,0.8065405831363278,142910.0
2020,DM_Uni Habita Danificadas,1.0,0.7760309278350516,256817.0
2021,DM_Uni Habita Danificadas,1.0,0.8931383577052868,7228.0
2022,DM_Uni Habita Danificadas,1.0,0.7540330611431986,335983.0
2023,DM_Uni Habita Danificadas,1.0,0.9917888563049854,2709.0
2024,DM_Uni Habita Danificadas,1.0,0.8235794849968079,274768.0
2013,DM_Uni Habita Destruidas,1.0,0.9247681209206459,8375.0
2014,DM_Uni Habita Destruidas,1.0,0.9305389221556887,3813.0
2015,DM_Uni Habita Destruidas,1.0,0.9162328442972077,41888.0
2016,DM_Uni Habita Destruidas,1.0,0.9655612244897959,2947.0
2017,DM_Uni Habita Destruidas,1.0,0.923276141146002,6045.0
2018,DM_Uni Habita Destruidas,1.0,0.939453125,6434.0
2019,DM_Uni Habita Destruidas,1.0,0.9405043341213554,2416.0
2020,DM_Uni Habita Destruidas,1.0,0.9134020618556701,5460.0
2021,DM_Uni Habita Destruidas,1.0,0.7764341957255343,195831.0
2022,DM_Uni Habita Destruidas,1.0,0.9065923122883888,17103.0
2023,DM_Uni Habita Destruidas,1.0,0.9458455522971652,1803.0
2024,DM_Uni Habita Destruidas,1.0,0.9510534156203447,13454.0
2013,PEPR_total_privado,1.0,0.5499828237718997,25842948497.14
2014,PEPR_total_privado,1.0,0.4738522954091816,22389738927.879997
2015,PEPR_total_privado,1.0,0.6852815901561761,25140082752.920002
2016,PEPR_total_privado,1.0,0.7210884353741497,15759395798.43
2017,PEPR_total_privado,1.0,0.3337649724830042,36662762439.46
2018,PEPR_total_privado,1.0,0.3890625,22495071662.22
2019,PEPR_total_privado,1.0,0.4066193853427896,30932859567.489998
2020,PEPR_total_privado,1.0,0.48711340206185566,40936365705.15
2021,PEPR_total_privado,1.0,0.4749718785151856,40065342474.19
2022,PEPR_total_privado,1.0,0.5096594303923522,66633203912.020004
2023,PEPR_total_privado,1.0,0.4893450635386119,49899768329.92
2024,PEPR_total_privado,1.0,0.6392849542455842,24669326550.78
2013,PEPR_Agricultura (R$),1.0,0.5846788045345243,17322970293.27
2014,PEPR_Agricultura (R$),1.0,0.5089820359281437,13454502149.82
2015,PEPR_Agricultura (R$),1.0,0.7316611452910554,9760009627.259998
2016,PEPR_Agricultura (R$),1.0,0.8133503401360545,5179114418.43
2017,PEPR_Agricultura (R$),1.0,0.3904176108773066,17856899151.010002
2018,PEPR_Agricultura (R$),1.0,0.45546875,13804887218.73
2019,PEPR_Agricultura (R$),1.0,0.46887312844759654,10346620557.73
2020,PEPR_Agricultura (R$),1.0,0.531701030927835,24325793376.710003
2021,PEPR_Agricultura (R$),1.0,0.5196850393700787,29293730070.75
2022,PEPR_Agricultura (R$),1.0,0.5594503087034455,52956665212.53001
2023,PEPR_Agricultura (R$),1.0,0.5317693059628543,36115091782.59
2024,PEPR_Agricultura (R$),1.0,0.6771653543307087,18394275849.989998
2013,PEPR_Pecuária (R$),1.0,0.6427344555135692,5651869803.450001
2014,PEPR_Pecuária (R$),1.0,0.5768463073852296,5202568774.889999
2015,PEPR_Pecuária (R$),1.0,0.7671557027922385,3207347357.9700003
2016,PEPR_Pecuária (R$),1.0,0.8847789115646258,1034937822.1300002
2017,PEPR_Pecuária (R$),1.0,0.5522822920038848,7921747506.299999
2018,PEPR_Pecuária (R$),1.0,0.521875,7591145342.7
2019,PEPR_Pecuária (R$),1.0,0.5366430260047281,6281070048.23
2020,PEPR_Pecuária (R$),1.0,0.5920103092783505,6449409008.7300005
2021,PEPR_Pecuária (R$),1.0,0.6017997750281214,7251275442.81
2022,PEPR_Pecuária (R$),1.0,0.6440948018323043,10272640975.800001
2023,PEPR_Pecuária (R$),1.0,0.6148582600195504,10269884135.7
2024,PEPR_Pecuária (R$),1.0,0.7380293679506278,4836020816.04
2013,PEPR_Indústria (R$),1.0,0.9110271384403985,1310464196.93
2014,PEPR_Indústria (R$),1.0,0.8946107784431138,2226845139.64
2015,PEPR_Indústria (R$),1.0,0.942262186464742,482133620.5
2016,PEPR_Indústria (R$),1.0,0.9715136054421769,435883411.43999994
2017,PEPR_Indústria (R$),1.0,0.9462609258659761,1187248899.75
2018,PEPR_Indústria (R$),1.0,0.9640625,251913417.64
2019,PEPR_Indústria (R$),1.0,0.9617809298660362,280831075.64
2020,PEPR_Indústria (R$),1.0,0.9456185567010309,541376800.0
2021,PEPR_Indústria (R$),1.0,0.9724409448818898,321952390.1700001
2022,PEPR_Indústria (R$),1.0,0.9635530770762796,631019189.5700002
2023,PEPR_Indústria (R$),1.0,0.9603128054740958,1621951935.0900002
2024,PEPR_Indústria (R$),1.0,0.9746754628644393,444508842.56000006
2013,PEPR_Comércio (R$),1.0,1.0,0.0
2014,PEPR_Comércio (R$),1.0,1.0,0.0
2015,PEPR_Comércio (R$),1.0,0.9204921911973497,10632157204.43
2016,PEPR_Comércio (R$),1.0,0.8864795918367347,8609746605.2
2017,PEPR_Comércio (R$),1.0,0.88410488831337,7613500699.740001
2018,PEPR_Comércio (R$),1.0,0.90625,746172520.25
2019,PEPR_Comércio (R$),1.0,0.9239558707643813,13556247696.870005
2020,PEPR_Comércio (R$),1.0,0.9126288659793814,9409268490.09
2021,PEPR_Comércio (R$),1.0,0.9280089988751407,2839191438.61
2022,PEPR_Comércio (R$),1.0,0.907787293367855,2036362734.0199997
2023,PEPR_Comércio (R$),1.0,0.9102639296187683,1651614163.28
2024,PEPR_Comércio (R$),1.0,0.925728878484784,711661830.4
2013,PEPR_Serviços (R$),1.0,0.863277224321539,1557644202.9300003
2014,PEPR_Serviços (R$),1.0,0.8499001996007984,1505822863.28
2015,PEPR_Serviços (R$),1.0,0.9294841457643161,1058434942.76
2016,PEPR_Serviços (R$),1.0,0.9511054421768708,499713541.09000003
2017,PEPR_Serviços (R$),1.0,0.8679184202007122,2083366182.7999997
2018,PEPR_Serviços (R$),1.0,0.9375,100953163.69999999
2019,PEPR_Serviços (R$),1.0,0.9432624113475178,468090188.8800001
2020,PEPR_Serviços (R$),1.0,0.9432989690721649,210518029.87999997
2021,PEPR_Serviços (R$),1.0,0.9513498312710911,359193131.28999996
2022,PEPR_Serviços (R$),1.0,0.9438358892650867,736515798.6500001
2023,PEPR_Serviços (R$),1.0,0.943108504398827,241226312.21
2024,PEPR_Serviços (R$),1.0,0.9491381144924452,282859211.78999996
