UF,Exposição,Cobertura protocolos,Total registros
AC,Clima | Deslocamento,1.0,193
AL,Clima | Deslocamento,1.0,681
AM,Clima | Deslocamento,1.0,688
AP,Clima | Deslocamento,1.0,98
BA,Clima | Deslocamento,1.0,3243
CE,Clima | Deslocamento,1.0,1449
DF,Clima | Deslocamento,1.0,9
ES,Clima | Deslocamento,1.0,1078
GO,Clima | Deslocamento,1.0,365
MA,Clima | Deslocamento,1.0,503
MG,Clima | Deslocamento,1.0,4574
MS,Clima | Deslocamento,1.0,1732
MT,Clima | Deslocamento,1.0,1505
PA,Clima | Deslocamento,1.0,1260
PB,Clima | Deslocamento,1.0,2234
PE,Clima | Deslocamento,1.0,1725
PI,Clima | Deslocamento,1.0,1374
PR,Clima | Deslocamento,1.0,1088
RJ,Clima | Deslocamento,1.0,874
RN,Clima | Deslocamento,1.0,1688
RO,Clima | Deslocamento,1.0,250
RR,Clima | Deslocamento,1.0,88
RS,Clima | Deslocamento,1.0,4678
SC,Clima | Deslocamento,1.0,4486
SE,Clima | Deslocamento,1.0,302
SP,Clima | Deslocamento,1.0,931
TO,Clima | Deslocamento,1.0,547
AC,Clima | Habitações,1.0,193
AL,Clima | Habitações,1.0,681
AM,Clima | Habitações,1.0,688
AP,Clima | Habitações,1.0,98
BA,Clima | Habitações,1.0,3243
CE,Clima | Habitações,1.0,1449
DF,Clima | Habitações,1.0,9
ES,Clima | Habitações,1.0,1078
GO,Clima | Habitações,1.0,365
MA,Clima | Habitações,1.0,503
MG,Clima | Habitações,1.0,4574
MS,Clima | Habitações,1.0,1732
MT,Clima | Habitações,1.0,1505
PA,Clima | Habitações,1.0,1260
PB,Clima | Habitações,1.0,2234
PE,Clima | Habitações,1.0,1725
PI,Clima | Habitações,1.0,1374
PR,Clima | Habitações,1.0,1088
RJ,Clima | Habitações,1.0,874
RN,Clima | Habitações,1.0,1688
RO,Clima | Habitações,1.0,250
RR,Clima | Habitações,1.0,88
RS,Clima | Habitações,1.0,4678
SC,Clima | Habitações,1.0,4486
SE,Clima | Habitações,1.0,302
SP,Clima | Habitações,1.0,931
TO,Clima | Habitações,1.0,547
