Período,Unidade,Exposição,Família,Modelo,Transformação,Controles,p próprio,q exposição,Termo,Coeficiente,SE DK,IC baixo,IC alto,Coeficiente SPJ
Total (2013–2024),UF × mês,Clima | Protocolos,PAINEL,"ADL ΔI TWFE; I1,I2,I3,I12; D1,D2,D3",ΔI; Δlog exposição,FE UF + FE mês calendário,"1,2,3,12 fixos",3,I1,0.08640441027741096,0.05506973768029073,-0.02679305670276734,0.19960187725758927,-0.016588196182196507
Total (2013–2024),UF × mês,Clima | Protocolos,PAINEL,"ADL ΔI TWFE; I1,I2,I3,I12; D1,D2,D3",ΔI; Δlog exposição,FE UF + FE mês calendário,"1,2,3,12 fixos",3,I2,0.08873273461328945,0.02627356222468724,0.03472665400242948,0.14273881522414944,0.1575334661541635
Total (2013–2024),UF × mês,Clima | Protocolos,PAINEL,"ADL ΔI TWFE; I1,I2,I3,I12; D1,D2,D3",ΔI; Δlog exposição,FE UF + FE mês calendário,"1,2,3,12 fixos",3,I3,-0.11821425132899469,0.09019671000746413,-0.30361624401807147,0.0671877413600821,-0.25926051154751095
Total (2013–2024),UF × mês,Clima | Protocolos,PAINEL,"ADL ΔI TWFE; I1,I2,I3,I12; D1,D2,D3",ΔI; Δlog exposição,FE UF + FE mês calendário,"1,2,3,12 fixos",3,I12,0.11917878464300832,0.03898345596968945,0.03904714327727339,0.19931042600874327,0.03140217378175847
Total (2013–2024),UF × mês,Clima | Protocolos,PAINEL,"ADL ΔI TWFE; I1,I2,I3,I12; D1,D2,D3",ΔI; Δlog exposição,FE UF + FE mês calendário,"1,2,3,12 fixos",3,D1,0.00033651992515958834,0.0010066845224281679,-0.001732749746117653,0.0024057895964368294,0.0012250180685273782
Total (2013–2024),UF × mês,Clima | Protocolos,PAINEL,"ADL ΔI TWFE; I1,I2,I3,I12; D1,D2,D3",ΔI; Δlog exposição,FE UF + FE mês calendário,"1,2,3,12 fixos",3,D2,-0.0011336060190958144,0.0012245890249405113,-0.0036507848101000077,0.0013835727719083788,-0.00015667942327609024
Total (2013–2024),UF × mês,Clima | Protocolos,PAINEL,"ADL ΔI TWFE; I1,I2,I3,I12; D1,D2,D3",ΔI; Δlog exposição,FE UF + FE mês calendário,"1,2,3,12 fixos",3,D3,-0.0011673116746238603,0.0015156026001596522,-0.00428267743653571,0.001948054087287989,-0.00015345402793370865
Total (2013–2024),UF × mês,Clima | Municípios,PAINEL,"ADL ΔI TWFE; I1,I2,I3,I12; D1,D2,D3",ΔI; Δlog exposição,FE UF + FE mês calendário,"1,2,3,12 fixos",3,I1,0.08638720312750656,0.05505437979163011,-0.026778695260414445,0.19955310151542754,-0.016533343841851955
Total (2013–2024),UF × mês,Clima | Municípios,PAINEL,"ADL ΔI TWFE; I1,I2,I3,I12; D1,D2,D3",ΔI; Δlog exposição,FE UF + FE mês calendário,"1,2,3,12 fixos",3,I2,0.08868017050691002,0.026257742720605368,0.034706607352395065,0.14265373366142498,0.1576264787343675
Total (2013–2024),UF × mês,Clima | Municípios,PAINEL,"ADL ΔI TWFE; I1,I2,I3,I12; D1,D2,D3",ΔI; Δlog exposição,FE UF + FE mês calendário,"1,2,3,12 fixos",3,I3,-0.11821546818423288,0.09016796510812929,-0.3035583748865161,0.06712743851805032,-0.25933151614413774
Total (2013–2024),UF × mês,Clima | Municípios,PAINEL,"ADL ΔI TWFE; I1,I2,I3,I12; D1,D2,D3",ΔI; Δlog exposição,FE UF + FE mês calendário,"1,2,3,12 fixos",3,I12,0.11914265640033865,0.03895652133957194,0.03906637995972921,0.1992189328409481,0.0313487683904419
Total (2013–2024),UF × mês,Clima | Municípios,PAINEL,"ADL ΔI TWFE; I1,I2,I3,I12; D1,D2,D3",ΔI; Δlog exposição,FE UF + FE mês calendário,"1,2,3,12 fixos",3,D1,0.0005021595544864747,0.0010513110506024017,-0.0016588412591973297,0.0026631603681702793,0.0014492080003553664
Total (2013–2024),UF × mês,Clima | Municípios,PAINEL,"ADL ΔI TWFE; I1,I2,I3,I12; D1,D2,D3",ΔI; Δlog exposição,FE UF + FE mês calendário,"1,2,3,12 fixos",3,D2,-0.0008840687651956117,0.0012666982566669456,-0.0034878043216521252,0.0017196667912609018,0.00011821062115750271
Total (2013–2024),UF × mês,Clima | Municípios,PAINEL,"ADL ΔI TWFE; I1,I2,I3,I12; D1,D2,D3",ΔI; Δlog exposição,FE UF + FE mês calendário,"1,2,3,12 fixos",3,D3,-0.0011963444621936783,0.0014548994147303334,-0.004186933039436166,0.0017942441150488092,-0.00015690752411514925
Total (2013–2024),UF × mês,Clima | Deslocamento,PAINEL,"ADL ΔI TWFE; I1,I2,I3,I12; D1,D2,D3",ΔI; Δlog exposição,FE UF + FE mês calendário,"1,2,3,12 fixos",3,I1,0.08536924167603872,0.054447441453816414,-0.026549077091065257,0.19728756044314272,-0.015640214035449407
Total (2013–2024),UF × mês,Clima | Deslocamento,PAINEL,"ADL ΔI TWFE; I1,I2,I3,I12; D1,D2,D3",ΔI; Δlog exposição,FE UF + FE mês calendário,"1,2,3,12 fixos",3,I2,0.0882202595894852,0.026207735695835177,0.03434948734652433,0.1420910318324461,0.15673082929573526
Total (2013–2024),UF × mês,Clima | Deslocamento,PAINEL,"ADL ΔI TWFE; I1,I2,I3,I12; D1,D2,D3",ΔI; Δlog exposição,FE UF + FE mês calendário,"1,2,3,12 fixos",3,I3,-0.11820111593678895,0.09002129508695923,-0.3032425380927907,0.06684030621921283,-0.2589513072861035
Total (2013–2024),UF × mês,Clima | Deslocamento,PAINEL,"ADL ΔI TWFE; I1,I2,I3,I12; D1,D2,D3",ΔI; Δlog exposição,FE UF + FE mês calendário,"1,2,3,12 fixos",3,I12,0.1185821263115431,0.03894303442841491,0.03853357261385332,0.1986306800092329,0.030738518870303044
Total (2013–2024),UF × mês,Clima | Deslocamento,PAINEL,"ADL ΔI TWFE; I1,I2,I3,I12; D1,D2,D3",ΔI; Δlog exposição,FE UF + FE mês calendário,"1,2,3,12 fixos",3,D1,0.0009045201415069353,0.0004927753846358007,-0.00010839416825051827,0.001917434451264389,0.0014968767370897814
Total (2013–2024),UF × mês,Clima | Deslocamento,PAINEL,"ADL ΔI TWFE; I1,I2,I3,I12; D1,D2,D3",ΔI; Δlog exposição,FE UF + FE mês calendário,"1,2,3,12 fixos",3,D2,0.0007974231090376989,0.0004892728337705694,-0.00020829160430592766,0.0018031378223813256,0.0013288123185523557
Total (2013–2024),UF × mês,Clima | Deslocamento,PAINEL,"ADL ΔI TWFE; I1,I2,I3,I12; D1,D2,D3",ΔI; Δlog exposição,FE UF + FE mês calendário,"1,2,3,12 fixos",3,D3,0.0001364203975047444,0.0004569586533280759,-0.0008028715666537189,0.0010757123616632078,0.0006202497812134516
Total (2013–2024),UF × mês,Clima | Habitações,PAINEL,"ADL ΔI TWFE; I1,I2,I3,I12; D1,D2,D3",ΔI; Δlog exposição,FE UF + FE mês calendário,"1,2,3,12 fixos",3,I1,0.08524126843695057,0.05450904413652009,-0.02680367645795019,0.1972862133318513,-0.017065059851364195
Total (2013–2024),UF × mês,Clima | Habitações,PAINEL,"ADL ΔI TWFE; I1,I2,I3,I12; D1,D2,D3",ΔI; Δlog exposição,FE UF + FE mês calendário,"1,2,3,12 fixos",3,I2,0.08802728264232347,0.026185051839469953,0.03420313773390326,0.14185142755074368,0.1576654954008822
Total (2013–2024),UF × mês,Clima | Habitações,PAINEL,"ADL ΔI TWFE; I1,I2,I3,I12; D1,D2,D3",ΔI; Δlog exposição,FE UF + FE mês calendário,"1,2,3,12 fixos",3,I3,-0.11873505506617471,0.08998625892317849,-0.30370445935610807,0.06623434922375865,-0.2602320792295038
Total (2013–2024),UF × mês,Clima | Habitações,PAINEL,"ADL ΔI TWFE; I1,I2,I3,I12; D1,D2,D3",ΔI; Δlog exposição,FE UF + FE mês calendário,"1,2,3,12 fixos",3,I12,0.11775140379863515,0.03877158975744482,0.038055259669222824,0.19744754792804747,0.030079165713110173
Total (2013–2024),UF × mês,Clima | Habitações,PAINEL,"ADL ΔI TWFE; I1,I2,I3,I12; D1,D2,D3",ΔI; Δlog exposição,FE UF + FE mês calendário,"1,2,3,12 fixos",3,D1,0.0013081775727996456,0.00047099484151678336,0.0003400338106129627,0.0022763213349863286,0.001983508393599105
Total (2013–2024),UF × mês,Clima | Habitações,PAINEL,"ADL ΔI TWFE; I1,I2,I3,I12; D1,D2,D3",ΔI; Δlog exposição,FE UF + FE mês calendário,"1,2,3,12 fixos",3,D2,0.0013095581721884334,0.0005906600868996768,9.543897533478992e-05,0.0025236773690420766,0.001756746655454676
Total (2013–2024),UF × mês,Clima | Habitações,PAINEL,"ADL ΔI TWFE; I1,I2,I3,I12; D1,D2,D3",ΔI; Δlog exposição,FE UF + FE mês calendário,"1,2,3,12 fixos",3,D3,0.000509067106613874,0.0004438455106650301,-0.000403270406767575,0.001421404619995323,0.0009525717164736891
Pré-pandemia (até jan/2020),UF × mês,Clima | Protocolos,PAINEL,"ADL ΔI TWFE; I1,I2,I3,I12; D1,D2,D3",ΔI; Δlog exposição,FE UF + FE mês calendário,"1,2,3,12 fixos",3,I1,-0.015412238960349822,0.03504088977368266,-0.08743981944639455,0.056615341525694904,0.04686268062007937
Pré-pandemia (até jan/2020),UF × mês,Clima | Protocolos,PAINEL,"ADL ΔI TWFE; I1,I2,I3,I12; D1,D2,D3",ΔI; Δlog exposição,FE UF + FE mês calendário,"1,2,3,12 fixos",3,I2,0.0341457916524806,0.022913867800904927,-0.012954338165450517,0.08124592147041171,0.06117023271515031
Pré-pandemia (até jan/2020),UF × mês,Clima | Protocolos,PAINEL,"ADL ΔI TWFE; I1,I2,I3,I12; D1,D2,D3",ΔI; Δlog exposição,FE UF + FE mês calendário,"1,2,3,12 fixos",3,I3,-0.1771406546668944,0.09308262476782864,-0.36847473010331444,0.014193420769525622,-0.21159803928667364
Pré-pandemia (até jan/2020),UF × mês,Clima | Protocolos,PAINEL,"ADL ΔI TWFE; I1,I2,I3,I12; D1,D2,D3",ΔI; Δlog exposição,FE UF + FE mês calendário,"1,2,3,12 fixos",3,I12,0.09482904790998876,0.044028306722324134,0.004327567308653579,0.18533052851132395,0.07613181546393369
Pré-pandemia (até jan/2020),UF × mês,Clima | Protocolos,PAINEL,"ADL ΔI TWFE; I1,I2,I3,I12; D1,D2,D3",ΔI; Δlog exposição,FE UF + FE mês calendário,"1,2,3,12 fixos",3,D1,-0.0009482012285334308,0.0014381589870325194,-0.003904379363827589,0.002007976906760727,0.0009759200206444205
Pré-pandemia (até jan/2020),UF × mês,Clima | Protocolos,PAINEL,"ADL ΔI TWFE; I1,I2,I3,I12; D1,D2,D3",ΔI; Δlog exposição,FE UF + FE mês calendário,"1,2,3,12 fixos",3,D2,-0.0019457874573333592,0.0018556496904587997,-0.0057601300238799575,0.0018685551092132396,-0.002464783885152579
Pré-pandemia (até jan/2020),UF × mês,Clima | Protocolos,PAINEL,"ADL ΔI TWFE; I1,I2,I3,I12; D1,D2,D3",ΔI; Δlog exposição,FE UF + FE mês calendário,"1,2,3,12 fixos",3,D3,-0.0014070503559367885,0.0020928838661196164,-0.005709034754406371,0.0028949340425327933,-0.002812892833264013
Pré-pandemia (até jan/2020),UF × mês,Clima | Municípios,PAINEL,"ADL ΔI TWFE; I1,I2,I3,I12; D1,D2,D3",ΔI; Δlog exposição,FE UF + FE mês calendário,"1,2,3,12 fixos",3,I1,-0.015397092559103561,0.03503885882508086,-0.0874204983705089,0.05662631325230178,0.046890643165878404
Pré-pandemia (até jan/2020),UF × mês,Clima | Municípios,PAINEL,"ADL ΔI TWFE; I1,I2,I3,I12; D1,D2,D3",ΔI; Δlog exposição,FE UF + FE mês calendário,"1,2,3,12 fixos",3,I2,0.03413183871075821,0.02291063819633017,-0.01296165255989433,0.08122532998141074,0.061097139725791866
Pré-pandemia (até jan/2020),UF × mês,Clima | Municípios,PAINEL,"ADL ΔI TWFE; I1,I2,I3,I12; D1,D2,D3",ΔI; Δlog exposição,FE UF + FE mês calendário,"1,2,3,12 fixos",3,I3,-0.17716557093186483,0.09307108955996202,-0.3684759354089342,0.01414479354520451,-0.21163731205438108
Pré-pandemia (até jan/2020),UF × mês,Clima | Municípios,PAINEL,"ADL ΔI TWFE; I1,I2,I3,I12; D1,D2,D3",ΔI; Δlog exposição,FE UF + FE mês calendário,"1,2,3,12 fixos",3,I12,0.09478852469212512,0.04399040538796603,0.004364951399326869,0.18521209798492339,0.07605659151149602
Pré-pandemia (até jan/2020),UF × mês,Clima | Municípios,PAINEL,"ADL ΔI TWFE; I1,I2,I3,I12; D1,D2,D3",ΔI; Δlog exposição,FE UF + FE mês calendário,"1,2,3,12 fixos",3,D1,-0.0009052859886107586,0.0014665684564480466,-0.003919860624624757,0.0021092886474032404,0.0010846543948086142
Pré-pandemia (até jan/2020),UF × mês,Clima | Municípios,PAINEL,"ADL ΔI TWFE; I1,I2,I3,I12; D1,D2,D3",ΔI; Δlog exposição,FE UF + FE mês calendário,"1,2,3,12 fixos",3,D2,-0.0018927220873701223,0.0019018232716026928,-0.005801975809245559,0.0020165316345053135,-0.002340034342621703
Pré-pandemia (até jan/2020),UF × mês,Clima | Municípios,PAINEL,"ADL ΔI TWFE; I1,I2,I3,I12; D1,D2,D3",ΔI; Δlog exposição,FE UF + FE mês calendário,"1,2,3,12 fixos",3,D3,-0.0016023817038595752,0.001956496691886681,-0.005624018250640043,0.0024192548429208933,-0.002805598835118706
Pré-pandemia (até jan/2020),UF × mês,Clima | Deslocamento,PAINEL,"ADL ΔI TWFE; I1,I2,I3,I12; D1,D2,D3",ΔI; Δlog exposição,FE UF + FE mês calendário,"1,2,3,12 fixos",3,I1,-0.01522119268648911,0.03505799084486623,-0.08728392492778399,0.05684153955480577,0.046720359655106514
Pré-pandemia (até jan/2020),UF × mês,Clima | Deslocamento,PAINEL,"ADL ΔI TWFE; I1,I2,I3,I12; D1,D2,D3",ΔI; Δlog exposição,FE UF + FE mês calendário,"1,2,3,12 fixos",3,I2,0.034284121155051306,0.022804808664190886,-0.012591834396811122,0.08116007670691373,0.06276379454401036
Pré-pandemia (até jan/2020),UF × mês,Clima | Deslocamento,PAINEL,"ADL ΔI TWFE; I1,I2,I3,I12; D1,D2,D3",ΔI; Δlog exposição,FE UF + FE mês calendário,"1,2,3,12 fixos",3,I3,-0.17711964471434577,0.09314951267874122,-0.36859121022073593,0.014351920792044393,-0.21195042989214766
Pré-pandemia (até jan/2020),UF × mês,Clima | Deslocamento,PAINEL,"ADL ΔI TWFE; I1,I2,I3,I12; D1,D2,D3",ΔI; Δlog exposição,FE UF + FE mês calendário,"1,2,3,12 fixos",3,I12,0.0952424150109487,0.04391581598502524,0.004972162431706034,0.18551266759019136,0.07751315798694924
Pré-pandemia (até jan/2020),UF × mês,Clima | Deslocamento,PAINEL,"ADL ΔI TWFE; I1,I2,I3,I12; D1,D2,D3",ΔI; Δlog exposição,FE UF + FE mês calendário,"1,2,3,12 fixos",3,D1,-1.6760465562156313e-05,0.0005770272951561104,-0.0012028570576560116,0.001169336126531699,2.1467965578178777e-05
Pré-pandemia (até jan/2020),UF × mês,Clima | Deslocamento,PAINEL,"ADL ΔI TWFE; I1,I2,I3,I12; D1,D2,D3",ΔI; Δlog exposição,FE UF + FE mês calendário,"1,2,3,12 fixos",3,D2,-0.00010936361771301829,0.0005698988285564637,-0.0012808074368589172,0.0010620802014328808,-0.0005399761347699345
Pré-pandemia (até jan/2020),UF × mês,Clima | Deslocamento,PAINEL,"ADL ΔI TWFE; I1,I2,I3,I12; D1,D2,D3",ΔI; Δlog exposição,FE UF + FE mês calendário,"1,2,3,12 fixos",3,D3,-0.000544352275869787,0.0007695914091889928,-0.0021262700731844155,0.0010375655214448414,-0.0006305305265214584
Pré-pandemia (até jan/2020),UF × mês,Clima | Habitações,PAINEL,"ADL ΔI TWFE; I1,I2,I3,I12; D1,D2,D3",ΔI; Δlog exposição,FE UF + FE mês calendário,"1,2,3,12 fixos",3,I1,-0.015317866935504621,0.03497349947169104,-0.08720692467192653,0.0565711908009173,0.046879508913966035
Pré-pandemia (até jan/2020),UF × mês,Clima | Habitações,PAINEL,"ADL ΔI TWFE; I1,I2,I3,I12; D1,D2,D3",ΔI; Δlog exposição,FE UF + FE mês calendário,"1,2,3,12 fixos",3,I2,0.034069498910109235,0.02266235971076269,-0.012513648624477673,0.08065264644469614,0.06253935972308132
Pré-pandemia (até jan/2020),UF × mês,Clima | Habitações,PAINEL,"ADL ΔI TWFE; I1,I2,I3,I12; D1,D2,D3",ΔI; Δlog exposição,FE UF + FE mês calendário,"1,2,3,12 fixos",3,I3,-0.1774746340147295,0.09312786862846394,-0.36890170953860324,0.013952441509144264,-0.21214188575669624
Pré-pandemia (até jan/2020),UF × mês,Clima | Habitações,PAINEL,"ADL ΔI TWFE; I1,I2,I3,I12; D1,D2,D3",ΔI; Δlog exposição,FE UF + FE mês calendário,"1,2,3,12 fixos",3,I12,0.09430456696517128,0.04346727096128023,0.004956311886793255,0.18365282204354932,0.07600298700664654
Pré-pandemia (até jan/2020),UF × mês,Clima | Habitações,PAINEL,"ADL ΔI TWFE; I1,I2,I3,I12; D1,D2,D3",ΔI; Δlog exposição,FE UF + FE mês calendário,"1,2,3,12 fixos",3,D1,0.0009762792902615804,0.0005032560788161847,-5.817839492106534e-05,0.002010736975444226,0.001259671387076747
Pré-pandemia (até jan/2020),UF × mês,Clima | Habitações,PAINEL,"ADL ΔI TWFE; I1,I2,I3,I12; D1,D2,D3",ΔI; Δlog exposição,FE UF + FE mês calendário,"1,2,3,12 fixos",3,D2,0.0007849873417867273,0.0005386355383815869,-0.0003221938640558781,0.0018921685476293326,0.000835504353158434
Pré-pandemia (até jan/2020),UF × mês,Clima | Habitações,PAINEL,"ADL ΔI TWFE; I1,I2,I3,I12; D1,D2,D3",ΔI; Δlog exposição,FE UF + FE mês calendário,"1,2,3,12 fixos",3,D3,-3.371117915178647e-05,0.0006300054558452553,-0.0013287059401473319,0.0012612835818437587,-0.00014271383815999615
