data,I,Total nacional,Grupo | Climatológico,Grupo | Hidrológico,Grupo | Meteorológico,Grupo | Outros,Tipologia | Alagamentos,Tipologia | Chuvas Intensas,Tipologia | Doenças infecciosas,Tipologia | Enxurradas,Tipologia | Erosão,Tipologia | Estiagem e Seca,Tipologia | Granizo,Tipologia | Incêndio Florestal,Tipologia | Inundações,Tipologia | Movimento de Massa,Tipologia | Onda de Calor e Baixa Umidade,Tipologia | Onda de Frio,Tipologia | Outros,Tipologia | Rompimento/Colapso de barragens,Tipologia | Tornado,Tipologia | Vendavais e Ciclones,Clima | Protocolos,Clima | Municípios,Clima | Deslocamento,Clima | Habitações,Súbitos | Municípios,Seca | Protocolos
2013-01-01,5.032363101831332,152,16,111,16,9,23,7,1,35,8,15,0,0,30,17,0,0,0,0,0,16,126,121,13808,1135,106,15
2013-02-01,5.008855160402778,497,383,79,28,7,14,7,4,30,3,383,2,0,14,14,0,1,0,0,0,25,476,467,5352,4823,85,383
2013-03-01,5.005306094662986,167,69,76,9,13,12,16,7,28,3,69,2,0,13,7,0,0,3,0,0,7,147,143,27095,9201,74,69
2013-04-01,4.876437423518093,403,283,103,5,12,11,22,7,35,5,283,1,0,27,8,0,0,0,0,0,4,383,375,51093,26225,92,283
2013-05-01,4.866057139321884,374,300,62,10,2,5,7,0,11,2,299,4,1,31,8,0,1,0,0,0,5,364,359,104347,12794,61,299
2013-06-01,4.658404330914455,168,110,43,11,4,6,6,1,15,2,109,4,1,11,5,0,0,1,0,0,7,159,159,58884,24298,49,109
2013-07-01,4.587639882983179,173,58,101,7,7,6,69,0,10,7,48,3,1,11,5,0,10,0,0,0,3,161,152,17872,9485,103,48
2013-08-01,4.465849457365204,86,61,20,1,4,4,3,0,7,4,55,1,0,5,1,0,6,0,0,0,0,81,80,16467,4926,25,55
2013-09-01,4.43049407595634,192,91,76,24,1,6,5,0,17,1,85,20,5,45,3,0,2,0,0,0,3,188,187,80939,31903,97,85
2013-10-01,4.339549482755654,160,80,49,27,4,12,8,0,13,3,77,16,3,10,6,0,0,1,0,1,10,150,145,27387,7664,65,77
2013-11-01,4.239549769560036,230,142,55,29,4,6,10,1,27,3,142,21,0,12,0,0,0,0,0,1,7,226,214,23614,9752,73,142
2013-12-01,4.119710115387463,309,58,217,28,6,22,62,0,80,2,57,12,0,34,19,1,2,3,0,0,15,285,279,137289,49433,224,57
2014-01-01,4.087213401897543,48,12,29,5,2,6,7,0,14,2,11,0,1,1,1,0,0,0,0,0,5,45,42,1539,846,31,11
2014-02-01,4.076183755206778,180,102,50,21,7,9,11,1,19,5,100,5,1,9,3,0,0,1,0,0,16,170,162,25081,12823,62,100
2014-03-01,4.095406649503521,283,176,98,7,2,8,37,1,23,0,174,2,1,23,8,1,0,0,0,0,5,274,264,54565,11761,91,174
2014-04-01,4.099326852193916,302,223,67,7,5,9,25,1,14,2,223,1,0,19,0,0,0,2,0,3,3,297,294,40716,8940,72,223
2014-05-01,4.131526904157731,234,152,75,3,4,13,16,1,14,3,151,2,1,27,5,0,0,0,0,0,1,225,221,59493,10949,70,151
2014-06-01,4.069285708338682,453,233,213,5,2,11,128,1,32,1,232,2,1,36,6,0,0,0,0,0,3,445,443,139958,40248,210,232
2014-07-01,4.092850365540719,301,70,219,7,5,11,46,1,117,3,68,3,2,43,2,0,0,1,0,0,4,294,290,87331,18271,221,68
2014-08-01,4.121341791535827,158,131,26,1,0,1,8,0,12,0,129,0,2,5,0,0,0,0,0,0,1,158,158,3850,867,27,129
2014-09-01,3.957869200928317,129,94,1,28,6,0,1,0,0,5,93,17,1,0,0,0,0,1,0,1,10,123,123,913,6939,29,93
2014-10-01,3.973045469686554,188,105,51,31,1,1,14,1,29,0,103,12,2,6,1,0,0,0,0,0,19,186,183,7597,38808,78,103
2014-11-01,3.895143101199099,155,85,34,33,3,5,13,0,11,2,84,11,1,4,1,0,0,1,0,1,21,151,147,13658,16098,62,84
2014-12-01,3.697185106086282,74,15,43,13,3,6,7,0,19,3,15,2,0,6,5,0,0,0,0,1,10,66,65,12493,2981,50,15
2015-01-01,3.792531705713111,83,15,47,20,1,4,8,0,29,1,15,0,0,5,1,0,0,0,0,0,20,81,76,7910,15571,62,15
2015-02-01,3.8654474152633074,84,33,35,13,3,5,7,2,8,0,33,5,0,11,4,0,0,1,0,0,8,77,77,28968,8725,44,33
2015-03-01,3.751800672678516,99,31,59,6,3,8,12,1,17,2,31,1,0,17,5,0,0,0,0,0,5,91,89,90737,25877,58,31
2015-04-01,3.7932148136115096,236,203,25,3,5,2,3,1,5,4,203,0,0,14,1,0,0,0,0,1,2,230,229,34977,2376,26,203
2015-05-01,3.880933613147438,96,47,42,5,2,1,6,1,8,1,47,0,0,23,4,0,0,0,0,1,4,90,89,52366,18467,42,47
2015-06-01,3.7218984903757755,58,23,32,2,1,5,5,1,13,0,23,0,0,9,0,0,0,0,0,0,2,57,57,36513,8746,34,23
2015-07-01,3.836895406699902,305,143,132,28,2,7,29,1,66,1,143,19,0,27,3,0,0,0,0,2,7,300,298,49077,17403,155,143
2015-08-01,3.9482442079411726,68,42,15,4,7,4,3,0,5,6,42,0,0,2,1,0,0,1,0,0,4,60,60,12175,3767,18,42
2015-09-01,4.008628472105916,126,51,20,53,2,4,5,1,9,0,50,31,1,2,0,0,0,1,0,1,21,124,120,6914,30017,71,50
2015-10-01,4.132028596995946,503,258,144,99,2,23,40,0,41,2,242,65,15,33,7,0,1,0,0,2,32,494,453,122074,168197,202,242
2015-11-01,4.255321099836822,184,113,45,21,5,3,16,0,15,5,60,4,53,7,4,0,0,0,0,3,14,175,171,7388,2549,60,60
2015-12-01,4.242072782005871,271,118,127,20,6,8,48,4,54,2,117,3,1,16,1,0,0,0,0,0,17,264,258,22755,15046,141,117
2016-01-01,4.29520049090087,611,294,226,7,84,25,66,78,81,4,294,0,0,36,18,0,0,2,0,0,7,509,489,28083,14973,204,294
2016-02-01,4.368317574974653,101,39,52,4,6,5,22,5,15,1,27,0,12,8,2,0,0,0,0,0,4,93,89,6240,13209,50,27
2016-03-01,4.283795738752502,185,125,53,3,4,10,14,0,13,4,125,0,0,10,6,0,0,0,0,0,3,175,175,31536,4831,50,125
2016-04-01,4.389130105705987,423,373,45,5,0,6,26,0,8,0,372,0,1,2,3,0,0,0,0,1,4,420,419,2893,1169,46,372
2016-05-01,4.389678761773082,165,133,26,6,0,1,17,0,5,0,133,1,0,0,3,0,0,0,0,0,5,162,161,14144,299,28,133
2016-06-01,4.267799736859507,82,61,6,14,1,1,2,0,1,1,61,2,0,2,0,0,0,0,0,1,11,81,80,5701,2351,20,61
2016-07-01,4.356645748155171,199,165,6,24,4,2,1,0,3,1,164,19,1,0,0,0,0,3,0,0,5,195,194,4240,6299,29,164
2016-08-01,4.318686051587331,178,159,9,8,2,2,2,0,2,1,159,3,0,1,2,0,0,1,0,0,5,174,174,929,412,15,159
2016-09-01,4.340596619254265,119,107,2,9,1,0,0,0,0,1,106,3,1,1,1,0,0,0,0,0,6,117,116,997,49,10,106
2016-10-01,4.332500505358843,147,33,51,61,2,5,13,0,21,2,25,23,8,9,3,0,0,0,0,1,37,142,134,21977,42282,101,25
2016-11-01,4.259183660635061,62,12,35,10,5,5,13,0,15,5,12,1,0,2,0,0,0,0,0,0,9,57,53,2402,2351,41,12
2016-12-01,4.109845363071443,80,15,55,7,3,6,13,0,28,2,15,0,0,3,5,0,0,1,0,0,7,72,68,7214,35913,53,15
2017-01-01,4.146472380749208,322,132,99,8,83,12,37,77,35,1,130,1,2,7,8,0,0,5,0,1,6,231,223,20228,51862,91,130
2017-02-01,4.190022707294826,195,90,87,11,7,9,17,1,32,6,89,5,1,22,7,0,0,0,0,0,6,181,175,13983,5888,85,89
2017-03-01,4.163562990987229,389,258,110,14,7,16,38,0,28,6,257,1,1,19,9,0,0,1,0,3,10,373,361,10697,5576,105,257
2017-04-01,4.216266740285431,361,268,80,10,3,5,28,0,22,2,267,0,1,21,4,0,0,1,0,0,10,354,345,22050,5543,79,267
2017-05-01,4.2264169604638075,323,31,272,13,7,20,92,1,97,6,31,3,0,51,12,0,0,0,0,1,9,304,288,166846,59197,257,31
2017-06-01,3.9195118749563678,438,171,234,25,8,15,69,0,113,6,164,1,2,22,15,1,5,1,0,3,21,416,408,29124,12015,241,164
2017-07-01,4.026809785936709,109,89,14,1,5,3,2,0,3,3,70,0,8,4,2,1,11,1,0,0,1,103,96,665,4110,22,70
2017-08-01,3.9984776436707654,144,89,14,30,11,2,4,0,3,6,69,12,20,0,5,5,0,0,0,1,17,133,119,1973,4037,37,69
2017-09-01,3.9484837639385297,223,188,15,15,5,2,10,0,0,4,156,2,31,1,3,1,0,0,0,0,13,216,203,3097,617,28,156
2017-10-01,3.9409739372076436,286,92,37,147,10,3,21,0,11,9,76,23,16,0,2,0,0,1,0,1,123,274,232,13388,27496,147,76
2017-11-01,3.859682561936112,149,30,76,34,9,14,38,2,18,6,27,11,3,2,4,0,0,1,0,0,23,136,117,3891,6557,88,27
2017-12-01,3.6678898300986202,150,26,95,26,3,14,50,0,18,3,25,7,0,6,8,0,0,0,0,0,19,139,126,5552,2230,101,25
2018-01-01,3.856197319383328,302,87,171,21,23,19,84,12,48,9,87,0,0,3,17,0,0,2,0,0,21,262,217,12584,27018,131,87
2018-02-01,3.842730385530232,230,45,160,13,12,28,59,0,35,4,43,9,2,18,20,0,0,7,1,0,4,198,171,24473,16121,130,43
2018-03-01,3.7881200092199814,450,224,197,16,13,22,77,1,56,7,224,1,0,27,15,0,0,4,1,0,15,422,386,13159,4377,162,224
2018-04-01,3.7621929616342586,302,179,98,7,18,22,16,1,25,6,178,2,1,26,9,0,0,4,7,0,5,275,263,22701,5384,85,178
2018-05-01,3.743339369538945,119,65,32,7,15,7,8,3,7,3,59,4,4,6,4,0,2,9,0,0,3,100,96,5457,2933,35,59
2018-06-01,3.620700279446486,91,36,13,32,10,2,4,0,2,3,32,11,1,2,3,0,3,7,0,7,14,78,74,2370,8960,41,32
2018-07-01,3.6354439000513024,131,97,17,10,7,1,2,0,7,2,88,7,8,2,5,1,1,4,0,0,3,120,113,3453,3417,21,88
2018-08-01,3.5756639702531374,75,47,9,12,7,0,2,1,3,0,40,4,7,1,3,0,0,6,0,0,8,65,63,915,2320,18,40
2018-09-01,3.558955376348699,279,213,26,23,17,1,6,1,10,7,204,5,9,2,7,0,0,9,0,0,18,255,250,1091,1488,40,204
2018-10-01,3.503551150625014,282,110,95,58,19,9,45,0,28,8,106,21,4,2,11,0,0,11,0,0,37,252,215,1156,6651,111,106
2018-11-01,3.4245532462675667,143,51,79,5,8,17,31,0,15,5,50,0,1,3,13,1,0,2,0,1,4,123,114,3338,1209,62,50
2018-12-01,3.382137884961239,156,44,63,37,12,14,22,0,13,6,43,4,1,5,9,1,0,5,0,1,32,136,128,4689,2031,84,43
2019-01-01,3.475451030089612,218,90,96,19,13,16,42,0,22,6,79,0,8,7,12,1,0,6,0,0,19,194,179,11958,10866,97,79
2019-02-01,3.434341247145384,184,37,106,29,12,27,45,3,13,5,29,0,7,14,8,0,0,4,0,0,29,164,142,13245,3896,110,29
2019-03-01,3.5066961071509493,446,254,166,9,17,16,66,2,45,9,250,1,4,25,14,0,0,6,0,0,8,415,399,82756,51374,147,250
2019-04-01,3.481239306631336,177,22,127,7,21,12,49,2,28,7,11,3,11,33,5,0,0,8,4,0,4,151,128,59341,8124,113,11
2019-05-01,3.5282584494507967,306,146,140,7,13,13,48,3,39,4,140,6,6,32,8,0,0,6,0,0,1,285,274,38096,26601,131,140
2019-06-01,3.4566837526433503,89,47,28,5,9,4,8,1,2,2,37,0,10,7,7,0,0,6,0,0,5,73,69,12228,483,26,37
2019-07-01,3.554350416299118,102,65,25,3,9,4,9,0,0,2,34,0,19,6,6,1,12,5,1,0,3,88,74,6717,2667,32,34
2019-08-01,3.597224849848768,96,76,5,5,10,1,0,0,1,4,42,2,31,0,3,1,3,5,0,0,3,84,69,96,3292,10,42
2019-09-01,3.6482704194621296,458,407,8,28,15,0,7,0,1,2,339,12,65,0,3,2,0,11,0,1,15,442,411,910,4351,33,339
2019-10-01,3.6288378142279756,211,47,45,71,48,2,29,0,9,3,25,19,22,1,4,1,0,43,1,0,52,160,132,24058,24887,99,25
2019-11-01,3.6307997686012072,146,57,62,13,14,6,26,0,10,4,41,2,16,9,11,0,0,10,0,0,11,121,103,2931,2171,55,41
2019-12-01,3.590698268336002,105,45,44,12,4,6,26,0,5,1,41,5,4,5,2,0,0,3,0,0,7,99,90,975,361,47,41
2020-01-01,3.7196330944110394,358,124,212,13,9,17,162,1,9,3,124,2,0,22,2,0,0,5,0,0,11,347,318,116468,30324,194,124
2020-02-01,3.753089864998541,335,56,259,9,11,19,196,0,12,2,56,1,0,19,13,0,0,9,0,1,7,311,282,43118,13993,227,56
2020-03-01,4.061428469445872,617,360,235,8,14,27,114,0,39,2,356,2,3,48,8,1,2,10,1,0,4,596,546,102262,47281,195,356
2020-04-01,4.195499417051059,190,114,57,13,6,10,22,1,10,2,110,1,3,12,3,0,1,3,0,0,12,181,175,28406,6921,66,110
2020-05-01,4.108503964455242,254,211,37,2,4,6,15,0,6,2,208,0,3,5,5,0,0,2,0,0,2,245,239,6086,3853,28,208
2020-06-01,3.705734409982618,131,76,35,9,11,0,12,1,9,5,65,0,11,9,5,0,0,5,0,1,8,115,111,5681,804,37,65
2020-07-01,3.5591761251426797,396,36,57,283,20,2,16,1,17,3,13,0,23,19,3,11,0,5,0,1,282,384,351,27873,81746,315,13
2020-08-01,3.3594948840608616,196,107,23,54,12,2,11,0,1,2,69,25,36,2,7,1,2,8,1,4,25,178,152,2817,12127,60,69
2020-09-01,3.124780133414199,461,415,11,14,21,1,6,0,1,1,79,4,334,0,4,1,1,19,0,0,10,437,380,775,1163,23,79
2020-10-01,3.0154863352834838,520,441,15,56,8,2,77,0,0,1,275,16,98,1,3,1,0,6,0,0,40,510,472,952,46743,124,275
2020-11-01,2.9675872275035373,263,173,51,33,6,8,34,0,2,0,169,7,4,2,5,0,0,6,0,0,26,252,242,8473,1414,71,169
2020-12-01,2.8479820363179593,159,42,73,33,11,7,35,1,15,3,42,8,0,7,9,0,0,6,1,0,25,139,122,5028,7309,80,42
2021-01-01,2.9035393385280264,136,31,91,7,7,15,47,0,14,1,27,1,4,6,9,0,0,6,0,0,6,120,111,11551,4723,81,27
2021-02-01,2.947486664182227,259,49,180,17,13,32,80,0,29,3,47,3,2,32,7,0,0,10,0,0,14,239,213,44197,76904,166,47
2021-03-01,2.904439575811167,228,38,145,19,26,16,69,0,19,9,37,4,1,23,18,0,0,17,0,0,15,184,163,27338,7176,125,37
2021-04-01,2.9454504940678516,165,46,74,26,19,5,35,0,8,5,45,19,1,21,5,0,0,14,0,0,7,141,132,52836,7099,87,45
2021-05-01,3.014088635423212,283,180,72,18,13,6,12,2,4,6,176,5,3,39,11,0,1,5,0,0,13,259,251,54320,19176,74,176
2021-06-01,2.9149029070883015,188,76,69,29,14,10,36,0,5,6,70,6,5,12,6,0,1,7,1,3,20,168,157,13929,5907,84,70
2021-07-01,2.965986562564909,371,319,28,11,13,7,5,0,6,2,158,8,94,5,5,2,68,9,0,0,2,355,219,1594,1887,99,158
2021-08-01,2.9746938261458,245,200,10,13,22,1,4,0,2,1,131,9,50,0,3,2,19,19,0,0,4,222,208,436,8092,34,131
2021-09-01,2.971826781816914,211,108,32,55,16,3,16,2,6,3,46,24,62,3,4,3,0,8,0,0,31,194,184,793,7951,79,46
2021-10-01,2.9809548353924704,348,204,54,75,15,4,26,0,9,5,170,17,34,4,11,0,0,10,0,0,58,322,307,5452,10704,106,170
2021-11-01,3.0218202429129524,283,161,87,24,11,8,52,0,11,3,157,10,4,6,10,1,0,7,0,1,13,263,252,7165,2828,92,157
2021-12-01,3.0384219202092853,839,277,492,47,23,60,354,0,23,7,271,25,5,28,28,1,1,15,0,0,21,789,724,170478,39343,456,271
2022-01-01,3.2586545825526643,1408,569,802,27,10,50,467,0,33,5,563,2,6,202,50,0,0,3,2,0,25,1348,1225,188457,52102,676,563
2022-02-01,3.39913770037526,346,93,213,30,10,17,136,0,16,4,93,14,0,24,20,0,0,6,0,0,16,316,288,43283,18264,197,93
2022-03-01,3.4475706112224436,267,30,197,27,13,30,83,0,34,1,29,0,1,30,20,0,0,12,0,0,27,234,199,18529,8566,173,29
2022-04-01,3.5304660016032,270,106,126,29,9,20,50,0,8,3,103,9,3,35,13,0,1,6,0,0,19,248,228,101150,27001,123,103
2022-05-01,3.62961228404452,480,58,368,36,18,43,171,0,51,5,39,4,10,72,31,2,13,11,0,2,26,433,371,232373,98639,329,39
2022-06-01,3.5498552666329912,181,35,103,32,11,14,47,0,17,4,19,22,12,13,12,0,4,7,0,0,10,158,138,18246,4922,114,19
2022-07-01,3.6996776707927017,298,139,134,13,12,8,99,0,9,1,59,2,79,12,6,3,1,8,0,0,11,283,227,86394,24869,124,59
2022-08-01,3.7559725581682515,293,154,79,36,24,5,45,0,15,5,72,10,79,3,11,1,4,18,0,0,25,259,188,7185,44514,96,72
2022-09-01,3.784676301774222,185,114,26,26,19,2,19,0,1,1,56,2,57,0,4,2,1,16,0,3,21,164,118,14387,1157,39,56
2022-10-01,3.889776970476966,406,146,169,80,11,16,90,0,44,5,124,40,22,15,4,0,0,6,0,0,40,391,348,10509,11997,217,124
2022-11-01,3.897057886117924,460,187,223,30,20,15,176,0,9,1,181,18,4,11,12,5,4,14,0,0,10,433,393,58811,24248,208,181
2022-12-01,3.919044059808392,427,47,338,31,11,19,268,0,17,3,47,12,0,12,22,0,0,8,0,0,19,394,332,98478,29990,286,47
2023-01-01,4.071392814923807,677,211,420,34,12,27,329,0,23,5,210,2,1,12,29,1,1,6,0,1,30,637,572,65285,71,369,210
2023-02-01,4.150780475244374,399,183,184,20,12,19,130,0,19,4,181,5,2,8,8,0,0,7,1,0,15,379,346,25908,41,166,181
2023-03-01,4.0922283193519,419,92,290,22,15,22,202,0,23,6,88,3,4,30,13,0,0,7,2,2,17,391,365,136227,218,276,88
2023-04-01,4.231931852661964,216,92,102,12,10,10,61,0,14,4,92,4,0,12,5,0,1,6,0,0,7,201,193,28875,72,102,92
2023-05-01,4.332028256789912,197,121,64,5,7,3,43,0,2,1,121,3,0,8,8,1,0,5,0,0,2,183,176,27134,27,55,121
2023-06-01,4.191846113746877,173,39,115,3,16,13,51,0,29,3,30,0,4,9,13,3,6,9,1,0,2,147,140,62592,324,106,30
2023-07-01,4.231371670461054,248,36,109,87,16,8,73,0,13,0,20,8,14,8,7,4,2,12,0,1,78,229,208,57334,58,177,20
2023-08-01,4.147910575098504,286,162,19,78,27,3,12,0,1,3,130,51,31,1,3,6,1,18,0,0,26,262,242,8168,50,91,130
2023-09-01,4.036726072528292,453,147,195,81,30,8,142,0,27,8,107,26,35,19,4,3,0,18,1,0,55,422,372,58659,133,243,107
2023-10-01,3.9680550460512194,748,217,435,83,13,16,346,0,43,3,177,35,39,25,6,2,0,8,0,1,47,731,646,83817,166,453,177
2023-11-01,3.845989229919134,942,480,365,80,17,8,265,0,64,1,150,28,325,21,12,2,0,13,1,3,49,915,698,110934,3283,388,150
2023-12-01,3.7421031530706363,357,216,63,56,22,5,44,0,6,2,191,5,25,2,6,1,0,19,0,3,48,330,303,12353,62,104,191
2024-01-01,3.7705358613269246,544,198,259,64,23,28,186,0,19,5,188,9,9,3,23,2,1,15,1,1,54,500,445,82808,54330,254,188
2024-02-01,3.7578447290930552,327,98,199,14,16,17,125,0,11,3,97,3,1,25,21,0,0,12,1,0,11,290,269,60288,34366,173,97
2024-03-01,3.7277175718050377,334,69,192,59,14,26,123,0,14,4,67,0,1,20,10,0,0,10,0,1,58,310,285,51868,24926,217,67
2024-04-01,3.7539285967777234,462,154,288,3,17,25,220,0,17,6,151,0,1,15,12,1,1,9,1,0,3,434,409,385595,80596,259,151
2024-05-01,3.812136937137608,571,113,440,9,9,14,385,0,17,1,101,0,8,17,9,0,2,8,0,1,8,553,528,474901,41262,422,101
2024-06-01,3.7386468298620117,211,114,62,13,22,6,40,0,2,0,83,8,31,4,10,1,0,21,0,0,5,180,171,4149,3210,63,83
2024-07-01,3.799564775920225,302,255,19,2,26,1,11,0,0,3,211,1,42,1,6,2,2,21,0,0,1,272,246,6785,199,17,211
2024-08-01,3.8351265576069444,640,603,5,8,24,0,3,0,0,2,71,2,529,0,3,2,2,19,1,0,6,615,462,8444,752,12,71
2024-09-01,3.8024752032846383,641,541,22,43,35,1,25,0,0,8,128,10,408,0,1,13,0,14,0,0,33,618,477,21564,6651,58,128
2024-10-01,3.7454441336820548,239,121,39,59,20,3,26,0,2,5,88,16,32,2,7,3,0,12,0,0,43,215,188,10590,30806,85,88
2024-11-01,3.7104216147976037,179,83,70,12,14,10,43,0,6,3,56,1,27,4,7,0,0,10,1,0,11,158,135,4927,1609,69,56
2024-12-01,3.661010314861205,249,54,144,33,18,11,89,0,18,3,38,11,16,12,14,0,0,13,2,1,21,217,187,6588,7419,145,38
