periodo,serie,transformacao,UFs,calculaveis,concordantes,fracao_todas_ufs
Pré,I,delta,27,27,22,0.8148148148148148
Pré,I,nivel,27,27,1,0.037037037037037035
Pré,analitica_Clima/hidrometeorologia,delta,27,27,22,0.8148148148148148
Pré,analitica_Clima/hidrometeorologia,nivel,27,26,22,0.8148148148148148
Pré,analitica_Natural não diretamente climático,delta,27,19,18,0.6666666666666666
Pré,analitica_Natural não diretamente climático,nivel,27,20,12,0.4444444444444444
Pré,analitica_Tecnológico/antrópico,delta,27,12,11,0.4074074074074074
Pré,analitica_Tecnológico/antrópico,nivel,27,9,4,0.14814814814814814
Pré,grupo_climatologico,delta,27,23,12,0.4444444444444444
Pré,grupo_climatologico,nivel,27,23,20,0.7407407407407407
Pré,grupo_hidrologico,delta,27,26,22,0.8148148148148148
Pré,grupo_hidrologico,nivel,27,26,24,0.8888888888888888
Pré,grupo_meteorologico,delta,27,16,14,0.5185185185185185
Pré,grupo_meteorologico,nivel,27,12,7,0.25925925925925924
Pré,grupo_outros,delta,27,19,13,0.48148148148148145
Pré,grupo_outros,nivel,27,20,13,0.48148148148148145
Pré,tipo_alagamentos,delta,27,22,21,0.7777777777777778
Pré,tipo_alagamentos,nivel,27,22,18,0.6666666666666666
Pré,tipo_chuvas_intensas,delta,27,21,18,0.6666666666666666
Pré,tipo_chuvas_intensas,nivel,27,19,15,0.5555555555555556
Pré,tipo_doencas_infecciosas,delta,27,3,2,0.07407407407407407
Pré,tipo_doencas_infecciosas,nivel,27,6,6,0.2222222222222222
Pré,tipo_enxurradas,delta,27,15,12,0.4444444444444444
Pré,tipo_enxurradas,nivel,27,14,13,0.48148148148148145
Pré,tipo_erosao,delta,27,13,10,0.37037037037037035
Pré,tipo_erosao,nivel,27,13,9,0.3333333333333333
Pré,tipo_estiagem_e_seca,delta,27,22,13,0.48148148148148145
Pré,tipo_estiagem_e_seca,nivel,27,23,19,0.7037037037037037
Pré,tipo_granizo,delta,27,8,7,0.25925925925925924
Pré,tipo_granizo,nivel,27,7,7,0.25925925925925924
Pré,tipo_incendio_florestal,delta,27,10,9,0.3333333333333333
Pré,tipo_incendio_florestal,nivel,27,13,8,0.2962962962962963
Pré,tipo_inundacoes,delta,27,21,15,0.5555555555555556
Pré,tipo_inundacoes,nivel,27,20,19,0.7037037037037037
Pré,tipo_movimento_de_massa,delta,27,14,12,0.4444444444444444
Pré,tipo_movimento_de_massa,nivel,27,11,9,0.3333333333333333
Pré,tipo_onda_de_calor_e_baixa_umidade,delta,27,1,1,0.037037037037037035
Pré,tipo_onda_de_calor_e_baixa_umidade,nivel,27,1,0,0.0
Pré,tipo_onda_de_frio,delta,27,2,1,0.037037037037037035
Pré,tipo_onda_de_frio,nivel,27,2,2,0.07407407407407407
Pré,tipo_outros,delta,27,13,10,0.37037037037037035
Pré,tipo_outros,nivel,27,12,7,0.25925925925925924
Pré,tipo_rompimento_colapso_de_barragens,delta,27,1,1,0.037037037037037035
Pré,tipo_rompimento_colapso_de_barragens,nivel,27,0,0,0.0
Pré,tipo_tornado,delta,27,2,1,0.037037037037037035
Pré,tipo_tornado,nivel,27,2,2,0.07407407407407407
Pré,tipo_vendavais_e_ciclones,delta,27,16,14,0.5185185185185185
Pré,tipo_vendavais_e_ciclones,nivel,27,12,7,0.25925925925925924
Pré,total_desastres,delta,27,27,22,0.8148148148148148
Pré,total_desastres,nivel,27,26,21,0.7777777777777778
Total,I,delta,27,27,26,0.9629629629629629
Total,I,nivel,27,27,5,0.18518518518518517
Total,analitica_Clima/hidrometeorologia,delta,27,27,21,0.7777777777777778
Total,analitica_Clima/hidrometeorologia,nivel,27,26,12,0.4444444444444444
Total,analitica_Natural não diretamente climático,delta,27,24,19,0.7037037037037037
Total,analitica_Natural não diretamente climático,nivel,27,24,19,0.7037037037037037
Total,analitica_Tecnológico/antrópico,delta,27,20,17,0.6296296296296297
Total,analitica_Tecnológico/antrópico,nivel,27,18,5,0.18518518518518517
Total,grupo_climatologico,delta,27,26,19,0.7037037037037037
Total,grupo_climatologico,nivel,27,26,16,0.5925925925925926
Total,grupo_hidrologico,delta,27,26,24,0.8888888888888888
Total,grupo_hidrologico,nivel,27,26,18,0.6666666666666666
Total,grupo_meteorologico,delta,27,20,18,0.6666666666666666
Total,grupo_meteorologico,nivel,27,17,8,0.2962962962962963
Total,grupo_outros,delta,27,24,19,0.7037037037037037
Total,grupo_outros,nivel,27,24,12,0.4444444444444444
Total,tipo_alagamentos,delta,27,22,19,0.7037037037037037
Total,tipo_alagamentos,nivel,27,24,18,0.6666666666666666
Total,tipo_chuvas_intensas,delta,27,25,18,0.6666666666666666
Total,tipo_chuvas_intensas,nivel,27,23,11,0.4074074074074074
Total,tipo_doencas_infecciosas,delta,27,6,5,0.18518518518518517
Total,tipo_doencas_infecciosas,nivel,27,7,7,0.25925925925925924
Total,tipo_enxurradas,delta,27,20,14,0.5185185185185185
Total,tipo_enxurradas,nivel,27,18,15,0.5555555555555556
Total,tipo_erosao,delta,27,18,14,0.5185185185185185
Total,tipo_erosao,nivel,27,17,15,0.5555555555555556
Total,tipo_estiagem_e_seca,delta,27,26,18,0.6666666666666666
Total,tipo_estiagem_e_seca,nivel,27,26,18,0.6666666666666666
Total,tipo_granizo,delta,27,9,6,0.2222222222222222
Total,tipo_granizo,nivel,27,8,6,0.2222222222222222
Total,tipo_incendio_florestal,delta,27,17,9,0.3333333333333333
Total,tipo_incendio_florestal,nivel,27,19,13,0.48148148148148145
Total,tipo_inundacoes,delta,27,24,19,0.7037037037037037
Total,tipo_inundacoes,nivel,27,25,22,0.8148148148148148
Total,tipo_movimento_de_massa,delta,27,18,13,0.48148148148148145
Total,tipo_movimento_de_massa,nivel,27,15,11,0.4074074074074074
Total,tipo_onda_de_calor_e_baixa_umidade,delta,27,2,1,0.037037037037037035
Total,tipo_onda_de_calor_e_baixa_umidade,nivel,27,3,1,0.037037037037037035
Total,tipo_onda_de_frio,delta,27,3,2,0.07407407407407407
Total,tipo_onda_de_frio,nivel,27,4,4,0.14814814814814814
Total,tipo_outros,delta,27,23,19,0.7037037037037037
Total,tipo_outros,nivel,27,22,7,0.25925925925925924
Total,tipo_rompimento_colapso_de_barragens,delta,27,3,1,0.037037037037037035
Total,tipo_rompimento_colapso_de_barragens,nivel,27,1,1,0.037037037037037035
Total,tipo_tornado,delta,27,4,4,0.14814814814814814
Total,tipo_tornado,nivel,27,2,2,0.07407407407407407
Total,tipo_vendavais_e_ciclones,delta,27,20,16,0.5925925925925926
Total,tipo_vendavais_e_ciclones,nivel,27,16,7,0.25925925925925924
Total,total_desastres,delta,27,27,21,0.7777777777777778
Total,total_desastres,nivel,27,26,12,0.4444444444444444
