"periodo","serie","lags","CIPS","p","status"
"Total","total_desastres",1,NA,NA,"não calculável: UF com série constante ou quase constante"
"Total","total_desastres",2,NA,NA,"não calculável: UF com série constante ou quase constante"
"Total","grupo_climatologico",1,NA,NA,"não calculável: UF com série constante ou quase constante"
"Total","grupo_climatologico",2,NA,NA,"não calculável: UF com série constante ou quase constante"
"Total","grupo_hidrologico",1,NA,NA,"não calculável: UF com série constante ou quase constante"
"Total","grupo_hidrologico",2,NA,NA,"não calculável: UF com série constante ou quase constante"
"Total","grupo_meteorologico",1,NA,NA,"não calculável: UF com série constante ou quase constante"
"Total","grupo_meteorologico",2,NA,NA,"não calculável: UF com série constante ou quase constante"
"Pré","total_desastres",1,NA,NA,"não calculável: UF com série constante ou quase constante"
"Pré","total_desastres",2,NA,NA,"não calculável: UF com série constante ou quase constante"
"Pré","grupo_climatologico",1,NA,NA,"não calculável: UF com série constante ou quase constante"
"Pré","grupo_climatologico",2,NA,NA,"não calculável: UF com série constante ou quase constante"
"Pré","grupo_hidrologico",1,NA,NA,"não calculável: UF com série constante ou quase constante"
"Pré","grupo_hidrologico",2,NA,NA,"não calculável: UF com série constante ou quase constante"
"Pré","grupo_meteorologico",1,NA,NA,"não calculável: UF com série constante ou quase constante"
"Pré","grupo_meteorologico",2,NA,NA,"não calculável: UF com série constante ou quase constante"
