Período,Exposição,Nível,Unidade geográfica,Direção,Especificação,Série,ADF estatística,ADF p,ADF lag,ADF n,KPSS estatística,KPSS p,KPSS lag,KPSS limite,Estacionária,Avisos,Status,n transformado,Variância
Pré-pandemia (até jan/2020),Total nacional,Referência,Brasil,Desastres → inadimplência,Principal sazonal fixa,I,-2.741241007178885,0.06716958787568512,2,69,0.23816289826725495,0.1,3,>=0.10,False,limite tabular; transição de API registrada,Inconclusiva,72,0.008801517045682447
Pré-pandemia (até jan/2020),Total nacional,Referência,Brasil,Desastres → inadimplência,Principal sazonal fixa,D,-10.91744067095678,1.0587168363032956e-19,1,70,0.192324896792069,0.1,21,>=0.10,True,limite tabular; transição de API registrada,Compatível com estacionariedade,72,0.7843261255981505
Pré-pandemia (até jan/2020),Total nacional,Referência,Brasil,Desastres → inadimplência,Simples fixa com dummies,I,-1.9702852274710463,0.29975200759299453,5,78,0.3143270022873056,0.1,0,>=0.10,False,limite tabular; transição de API registrada,Inconclusiva,84,0.007948578840210727
Pré-pandemia (até jan/2020),Total nacional,Referência,Brasil,Desastres → inadimplência,Simples fixa com dummies,D,-11.287896753328685,1.4031889913881315e-20,1,82,0.15899235787685917,0.1,25,>=0.10,True,limite tabular; transição de API registrada,Compatível com estacionariedade,84,0.5922341740306203
Pré-pandemia (até jan/2020),Total nacional,Referência,Brasil,Desastres → inadimplência,Relativa sazonal fixa,I,-2.69820485510511,0.07434942298598018,2,69,0.21340679053478165,0.1,3,>=0.10,False,limite tabular; transição de API registrada,Inconclusiva,72,5.559066428598849
Pré-pandemia (até jan/2020),Total nacional,Referência,Brasil,Desastres → inadimplência,Relativa sazonal fixa,D,-10.91744067095678,1.0587168363032956e-19,1,70,0.192324896792069,0.1,21,>=0.10,True,limite tabular; transição de API registrada,Compatível com estacionariedade,72,0.7843261255981505
Pré-pandemia (até jan/2020),Total nacional,Referência,Brasil,Desastres → inadimplência,Sazonal BIC,I,-2.741241007178885,0.06716958787568512,2,69,0.23816289826725495,0.1,3,>=0.10,False,limite tabular; transição de API registrada,Inconclusiva,72,0.008801517045682447
Pré-pandemia (até jan/2020),Total nacional,Referência,Brasil,Desastres → inadimplência,Sazonal BIC,D,-10.91744067095678,1.0587168363032956e-19,1,70,0.192324896792069,0.1,21,>=0.10,True,limite tabular; transição de API registrada,Compatível com estacionariedade,72,0.7843261255981505
Pré-pandemia (até jan/2020),Grupo | Climatológico,Grupo,Brasil,Desastres → inadimplência,Principal sazonal fixa,I,-2.741241007178885,0.06716958787568512,2,69,0.23816289826725495,0.1,3,>=0.10,False,limite tabular; transição de API registrada,Inconclusiva,72,0.008801517045682447
Pré-pandemia (até jan/2020),Grupo | Climatológico,Grupo,Brasil,Desastres → inadimplência,Principal sazonal fixa,D,-10.035565617949752,1.5439952195257397e-17,1,70,0.28062878501026145,0.1,40,>=0.10,True,limite tabular; transição de API registrada,Compatível com estacionariedade,72,1.500697908917854
Pré-pandemia (até jan/2020),Grupo | Climatológico,Grupo,Brasil,Desastres → inadimplência,Simples fixa com dummies,I,-1.9702852274710463,0.29975200759299453,5,78,0.3143270022873056,0.1,0,>=0.10,False,limite tabular; transição de API registrada,Inconclusiva,84,0.007948578840210727
Pré-pandemia (até jan/2020),Grupo | Climatológico,Grupo,Brasil,Desastres → inadimplência,Simples fixa com dummies,D,-8.752282877512615,2.8154554737550138e-14,4,79,0.16039006125219077,0.1,17,>=0.10,True,limite tabular; transição de API registrada,Compatível com estacionariedade,84,1.2813865734856615
Pré-pandemia (até jan/2020),Grupo | Climatológico,Grupo,Brasil,Desastres → inadimplência,Relativa sazonal fixa,I,-2.69820485510511,0.07434942298598018,2,69,0.21340679053478165,0.1,3,>=0.10,False,limite tabular; transição de API registrada,Inconclusiva,72,5.559066428598849
Pré-pandemia (até jan/2020),Grupo | Climatológico,Grupo,Brasil,Desastres → inadimplência,Relativa sazonal fixa,D,-10.035565617949752,1.5439952195257397e-17,1,70,0.28062878501026145,0.1,40,>=0.10,True,limite tabular; transição de API registrada,Compatível com estacionariedade,72,1.500697908917854
Pré-pandemia (até jan/2020),Grupo | Climatológico,Grupo,Brasil,Desastres → inadimplência,Sazonal BIC,I,-2.741241007178885,0.06716958787568512,2,69,0.23816289826725495,0.1,3,>=0.10,False,limite tabular; transição de API registrada,Inconclusiva,72,0.008801517045682447
Pré-pandemia (até jan/2020),Grupo | Climatológico,Grupo,Brasil,Desastres → inadimplência,Sazonal BIC,D,-10.035565617949752,1.5439952195257397e-17,1,70,0.28062878501026145,0.1,40,>=0.10,True,limite tabular; transição de API registrada,Compatível com estacionariedade,72,1.500697908917854
Pré-pandemia (até jan/2020),Grupo | Hidrológico,Grupo,Brasil,Desastres → inadimplência,Principal sazonal fixa,I,-2.741241007178885,0.06716958787568512,2,69,0.23816289826725495,0.1,3,>=0.10,False,limite tabular; transição de API registrada,Inconclusiva,72,0.008801517045682447
Pré-pandemia (até jan/2020),Grupo | Hidrológico,Grupo,Brasil,Desastres → inadimplência,Principal sazonal fixa,D,-11.511449075539412,4.250040755076302e-21,0,71,0.17116681034459247,0.1,19,>=0.10,True,limite tabular; transição de API registrada,Compatível com estacionariedade,72,1.6241481613851207
Pré-pandemia (até jan/2020),Grupo | Hidrológico,Grupo,Brasil,Desastres → inadimplência,Simples fixa com dummies,I,-1.9702852274710463,0.29975200759299453,5,78,0.3143270022873056,0.1,0,>=0.10,False,limite tabular; transição de API registrada,Inconclusiva,84,0.007948578840210727
Pré-pandemia (até jan/2020),Grupo | Hidrológico,Grupo,Brasil,Desastres → inadimplência,Simples fixa com dummies,D,-11.438344654673042,6.2670726952549816e-21,0,83,0.14594835723433863,0.1,10,>=0.10,True,limite tabular; transição de API registrada,Compatível com estacionariedade,84,1.1005578905402462
Pré-pandemia (até jan/2020),Grupo | Hidrológico,Grupo,Brasil,Desastres → inadimplência,Relativa sazonal fixa,I,-2.69820485510511,0.07434942298598018,2,69,0.21340679053478165,0.1,3,>=0.10,False,limite tabular; transição de API registrada,Inconclusiva,72,5.559066428598849
Pré-pandemia (até jan/2020),Grupo | Hidrológico,Grupo,Brasil,Desastres → inadimplência,Relativa sazonal fixa,D,-11.511449075539412,4.250040755076302e-21,0,71,0.17116681034459247,0.1,19,>=0.10,True,limite tabular; transição de API registrada,Compatível com estacionariedade,72,1.6241481613851207
Pré-pandemia (até jan/2020),Grupo | Hidrológico,Grupo,Brasil,Desastres → inadimplência,Sazonal BIC,I,-2.741241007178885,0.06716958787568512,2,69,0.23816289826725495,0.1,3,>=0.10,False,limite tabular; transição de API registrada,Inconclusiva,72,0.008801517045682447
Pré-pandemia (até jan/2020),Grupo | Hidrológico,Grupo,Brasil,Desastres → inadimplência,Sazonal BIC,D,-11.511449075539412,4.250040755076302e-21,0,71,0.17116681034459247,0.1,19,>=0.10,True,limite tabular; transição de API registrada,Compatível com estacionariedade,72,1.6241481613851207
Pré-pandemia (até jan/2020),Grupo | Meteorológico,Grupo,Brasil,Desastres → inadimplência,Principal sazonal fixa,I,-2.741241007178885,0.06716958787568512,2,69,0.23816289826725495,0.1,3,>=0.10,False,limite tabular; transição de API registrada,Inconclusiva,72,0.008801517045682447
Pré-pandemia (até jan/2020),Grupo | Meteorológico,Grupo,Brasil,Desastres → inadimplência,Principal sazonal fixa,D,-7.953833423959195,3.0749080923236977e-12,5,66,0.03790249336898348,0.1,3,>=0.10,True,limite tabular; transição de API registrada,Compatível com estacionariedade,72,1.3292187236401325
Pré-pandemia (até jan/2020),Grupo | Meteorológico,Grupo,Brasil,Desastres → inadimplência,Simples fixa com dummies,I,-1.9702852274710463,0.29975200759299453,5,78,0.3143270022873056,0.1,0,>=0.10,False,limite tabular; transição de API registrada,Inconclusiva,84,0.007948578840210727
Pré-pandemia (até jan/2020),Grupo | Meteorológico,Grupo,Brasil,Desastres → inadimplência,Simples fixa com dummies,D,-7.509927360011661,4.0408049509914026e-11,10,73,0.05000936078642386,0.1,7,>=0.10,True,limite tabular; transição de API registrada,Compatível com estacionariedade,84,1.1909458236068378
Pré-pandemia (até jan/2020),Grupo | Meteorológico,Grupo,Brasil,Desastres → inadimplência,Relativa sazonal fixa,I,-2.69820485510511,0.07434942298598018,2,69,0.21340679053478165,0.1,3,>=0.10,False,limite tabular; transição de API registrada,Inconclusiva,72,5.559066428598849
Pré-pandemia (até jan/2020),Grupo | Meteorológico,Grupo,Brasil,Desastres → inadimplência,Relativa sazonal fixa,D,-7.953833423959195,3.0749080923236977e-12,5,66,0.03790249336898348,0.1,3,>=0.10,True,limite tabular; transição de API registrada,Compatível com estacionariedade,72,1.3292187236401325
Pré-pandemia (até jan/2020),Grupo | Meteorológico,Grupo,Brasil,Desastres → inadimplência,Sazonal BIC,I,-2.741241007178885,0.06716958787568512,2,69,0.23816289826725495,0.1,3,>=0.10,False,limite tabular; transição de API registrada,Inconclusiva,72,0.008801517045682447
Pré-pandemia (até jan/2020),Grupo | Meteorológico,Grupo,Brasil,Desastres → inadimplência,Sazonal BIC,D,-7.953833423959195,3.0749080923236977e-12,5,66,0.03790249336898348,0.1,3,>=0.10,True,limite tabular; transição de API registrada,Compatível com estacionariedade,72,1.3292187236401325
Pré-pandemia (até jan/2020),Grupo | Outros,Grupo,Brasil,Desastres → inadimplência,Principal sazonal fixa,I,-2.741241007178885,0.06716958787568512,2,69,0.23816289826725495,0.1,3,>=0.10,False,limite tabular; transição de API registrada,Inconclusiva,72,0.008801517045682447
Pré-pandemia (até jan/2020),Grupo | Outros,Grupo,Brasil,Desastres → inadimplência,Principal sazonal fixa,D,-8.047309175723814,1.780240874308768e-12,3,68,0.11009841248720996,0.1,8,>=0.10,True,limite tabular; transição de API registrada,Compatível com estacionariedade,72,1.3614160725002458
Pré-pandemia (até jan/2020),Grupo | Outros,Grupo,Brasil,Desastres → inadimplência,Simples fixa com dummies,I,-1.9702852274710463,0.29975200759299453,5,78,0.3143270022873056,0.1,0,>=0.10,False,limite tabular; transição de API registrada,Inconclusiva,84,0.007948578840210727
Pré-pandemia (até jan/2020),Grupo | Outros,Grupo,Brasil,Desastres → inadimplência,Simples fixa com dummies,D,-8.101129472384747,1.2989662812305133e-12,3,80,0.06710944776122418,0.1,7,>=0.10,True,limite tabular; transição de API registrada,Compatível com estacionariedade,84,0.825587345211005
Pré-pandemia (até jan/2020),Grupo | Outros,Grupo,Brasil,Desastres → inadimplência,Relativa sazonal fixa,I,-2.69820485510511,0.07434942298598018,2,69,0.21340679053478165,0.1,3,>=0.10,False,limite tabular; transição de API registrada,Inconclusiva,72,5.559066428598849
Pré-pandemia (até jan/2020),Grupo | Outros,Grupo,Brasil,Desastres → inadimplência,Relativa sazonal fixa,D,-8.047309175723814,1.780240874308768e-12,3,68,0.11009841248720996,0.1,8,>=0.10,True,limite tabular; transição de API registrada,Compatível com estacionariedade,72,1.3614160725002458
Pré-pandemia (até jan/2020),Grupo | Outros,Grupo,Brasil,Desastres → inadimplência,Sazonal BIC,I,-2.741241007178885,0.06716958787568512,2,69,0.23816289826725495,0.1,3,>=0.10,False,limite tabular; transição de API registrada,Inconclusiva,72,0.008801517045682447
Pré-pandemia (até jan/2020),Grupo | Outros,Grupo,Brasil,Desastres → inadimplência,Sazonal BIC,D,-8.047309175723814,1.780240874308768e-12,3,68,0.11009841248720996,0.1,8,>=0.10,True,limite tabular; transição de API registrada,Compatível com estacionariedade,72,1.3614160725002458
Pré-pandemia (até jan/2020),Tipologia | Alagamentos,Tipologia,Brasil,Desastres → inadimplência,Principal sazonal fixa,I,-2.741241007178885,0.06716958787568512,2,69,0.23816289826725495,0.1,3,>=0.10,False,limite tabular; transição de API registrada,Inconclusiva,72,0.008801517045682447
Pré-pandemia (até jan/2020),Tipologia | Alagamentos,Tipologia,Brasil,Desastres → inadimplência,Principal sazonal fixa,D,-8.79432118992398,2.1973115778061094e-14,1,70,0.22682582945467133,0.1,32,>=0.10,True,limite tabular; transição de API registrada,Compatível com estacionariedade,72,1.0020990181558993
Pré-pandemia (até jan/2020),Tipologia | Alagamentos,Tipologia,Brasil,Desastres → inadimplência,Simples fixa com dummies,I,-1.9702852274710463,0.29975200759299453,5,78,0.3143270022873056,0.1,0,>=0.10,False,limite tabular; transição de API registrada,Inconclusiva,84,0.007948578840210727
Pré-pandemia (até jan/2020),Tipologia | Alagamentos,Tipologia,Brasil,Desastres → inadimplência,Simples fixa com dummies,D,-10.214625295312937,5.523009159731597e-18,0,83,0.06368775223048119,0.1,5,>=0.10,True,limite tabular; transição de API registrada,Compatível com estacionariedade,84,0.5944140719227724
Pré-pandemia (até jan/2020),Tipologia | Alagamentos,Tipologia,Brasil,Desastres → inadimplência,Relativa sazonal fixa,I,-2.69820485510511,0.07434942298598018,2,69,0.21340679053478165,0.1,3,>=0.10,False,limite tabular; transição de API registrada,Inconclusiva,72,5.559066428598849
Pré-pandemia (até jan/2020),Tipologia | Alagamentos,Tipologia,Brasil,Desastres → inadimplência,Relativa sazonal fixa,D,-8.79432118992398,2.1973115778061094e-14,1,70,0.22682582945467133,0.1,32,>=0.10,True,limite tabular; transição de API registrada,Compatível com estacionariedade,72,1.0020990181558993
Pré-pandemia (até jan/2020),Tipologia | Alagamentos,Tipologia,Brasil,Desastres → inadimplência,Sazonal BIC,I,-2.741241007178885,0.06716958787568512,2,69,0.23816289826725495,0.1,3,>=0.10,False,limite tabular; transição de API registrada,Inconclusiva,72,0.008801517045682447
Pré-pandemia (até jan/2020),Tipologia | Alagamentos,Tipologia,Brasil,Desastres → inadimplência,Sazonal BIC,D,-8.79432118992398,2.1973115778061094e-14,1,70,0.22682582945467133,0.1,32,>=0.10,True,limite tabular; transição de API registrada,Compatível com estacionariedade,72,1.0020990181558993
Pré-pandemia (até jan/2020),Tipologia | Chuvas Intensas,Tipologia,Brasil,Desastres → inadimplência,Principal sazonal fixa,I,-2.741241007178885,0.06716958787568512,2,69,0.23816289826725495,0.1,3,>=0.10,False,limite tabular; transição de API registrada,Inconclusiva,72,0.008801517045682447
Pré-pandemia (até jan/2020),Tipologia | Chuvas Intensas,Tipologia,Brasil,Desastres → inadimplência,Principal sazonal fixa,D,-12.927720641970673,3.7570093658525404e-24,0,71,0.16814320038089411,0.1,16,>=0.10,True,limite tabular; transição de API registrada,Compatível com estacionariedade,72,1.8216290854658932
Pré-pandemia (até jan/2020),Tipologia | Chuvas Intensas,Tipologia,Brasil,Desastres → inadimplência,Simples fixa com dummies,I,-1.9702852274710463,0.29975200759299453,5,78,0.3143270022873056,0.1,0,>=0.10,False,limite tabular; transição de API registrada,Inconclusiva,84,0.007948578840210727
Pré-pandemia (até jan/2020),Tipologia | Chuvas Intensas,Tipologia,Brasil,Desastres → inadimplência,Simples fixa com dummies,D,-11.318685052632329,1.188956880294271e-20,0,83,0.15233238293248702,0.1,12,>=0.10,True,limite tabular; transição de API registrada,Compatível com estacionariedade,84,1.313009212853407
Pré-pandemia (até jan/2020),Tipologia | Chuvas Intensas,Tipologia,Brasil,Desastres → inadimplência,Relativa sazonal fixa,I,-2.69820485510511,0.07434942298598018,2,69,0.21340679053478165,0.1,3,>=0.10,False,limite tabular; transição de API registrada,Inconclusiva,72,5.559066428598849
Pré-pandemia (até jan/2020),Tipologia | Chuvas Intensas,Tipologia,Brasil,Desastres → inadimplência,Relativa sazonal fixa,D,-12.927720641970673,3.7570093658525404e-24,0,71,0.16814320038089411,0.1,16,>=0.10,True,limite tabular; transição de API registrada,Compatível com estacionariedade,72,1.8216290854658932
Pré-pandemia (até jan/2020),Tipologia | Chuvas Intensas,Tipologia,Brasil,Desastres → inadimplência,Sazonal BIC,I,-2.741241007178885,0.06716958787568512,2,69,0.23816289826725495,0.1,3,>=0.10,False,limite tabular; transição de API registrada,Inconclusiva,72,0.008801517045682447
Pré-pandemia (até jan/2020),Tipologia | Chuvas Intensas,Tipologia,Brasil,Desastres → inadimplência,Sazonal BIC,D,-12.927720641970673,3.7570093658525404e-24,0,71,0.16814320038089411,0.1,16,>=0.10,True,limite tabular; transição de API registrada,Compatível com estacionariedade,72,1.8216290854658932
Pré-pandemia (até jan/2020),Tipologia | Doenças infecciosas,Tipologia,Brasil,Desastres → inadimplência,Principal sazonal fixa,I,-2.741241007178885,0.06716958787568512,2,69,0.23816289826725495,0.1,3,>=0.10,False,limite tabular; transição de API registrada,Inconclusiva,72,0.008801517045682447
Pré-pandemia (até jan/2020),Tipologia | Doenças infecciosas,Tipologia,Brasil,Desastres → inadimplência,Principal sazonal fixa,D,-7.93948264041826,3.3436840419149005e-12,2,69,0.08685978159007579,0.1,10,>=0.10,True,limite tabular; transição de API registrada,Compatível com estacionariedade,72,1.21133803364627
Pré-pandemia (até jan/2020),Tipologia | Doenças infecciosas,Tipologia,Brasil,Desastres → inadimplência,Simples fixa com dummies,I,-1.9702852274710463,0.29975200759299453,5,78,0.3143270022873056,0.1,0,>=0.10,False,limite tabular; transição de API registrada,Inconclusiva,84,0.007948578840210727
Pré-pandemia (até jan/2020),Tipologia | Doenças infecciosas,Tipologia,Brasil,Desastres → inadimplência,Simples fixa com dummies,D,-7.6374786312889835,1.935118772324701e-11,10,73,0.08805985795672405,0.1,16,>=0.10,True,limite tabular; transição de API registrada,Compatível com estacionariedade,84,1.0709858824049596
Pré-pandemia (até jan/2020),Tipologia | Doenças infecciosas,Tipologia,Brasil,Desastres → inadimplência,Relativa sazonal fixa,I,-2.69820485510511,0.07434942298598018,2,69,0.21340679053478165,0.1,3,>=0.10,False,limite tabular; transição de API registrada,Inconclusiva,72,5.559066428598849
Pré-pandemia (até jan/2020),Tipologia | Doenças infecciosas,Tipologia,Brasil,Desastres → inadimplência,Relativa sazonal fixa,D,-7.93948264041826,3.3436840419149005e-12,2,69,0.08685978159007579,0.1,10,>=0.10,True,limite tabular; transição de API registrada,Compatível com estacionariedade,72,1.21133803364627
Pré-pandemia (até jan/2020),Tipologia | Doenças infecciosas,Tipologia,Brasil,Desastres → inadimplência,Sazonal BIC,I,-2.741241007178885,0.06716958787568512,2,69,0.23816289826725495,0.1,3,>=0.10,False,limite tabular; transição de API registrada,Inconclusiva,72,0.008801517045682447
Pré-pandemia (até jan/2020),Tipologia | Doenças infecciosas,Tipologia,Brasil,Desastres → inadimplência,Sazonal BIC,D,-7.93948264041826,3.3436840419149005e-12,2,69,0.08685978159007579,0.1,10,>=0.10,True,limite tabular; transição de API registrada,Compatível com estacionariedade,72,1.21133803364627
Pré-pandemia (até jan/2020),Tipologia | Enxurradas,Tipologia,Brasil,Desastres → inadimplência,Principal sazonal fixa,I,-2.741241007178885,0.06716958787568512,2,69,0.23816289826725495,0.1,3,>=0.10,False,limite tabular; transição de API registrada,Inconclusiva,72,0.008801517045682447
Pré-pandemia (até jan/2020),Tipologia | Enxurradas,Tipologia,Brasil,Desastres → inadimplência,Principal sazonal fixa,D,-11.497008292638691,4.5881382772887585e-21,0,71,0.20647912424112444,0.1,22,>=0.10,True,limite tabular; transição de API registrada,Compatível com estacionariedade,72,2.1215395004152704
Pré-pandemia (até jan/2020),Tipologia | Enxurradas,Tipologia,Brasil,Desastres → inadimplência,Simples fixa com dummies,I,-1.9702852274710463,0.29975200759299453,5,78,0.3143270022873056,0.1,0,>=0.10,False,limite tabular; transição de API registrada,Inconclusiva,84,0.007948578840210727
Pré-pandemia (até jan/2020),Tipologia | Enxurradas,Tipologia,Brasil,Desastres → inadimplência,Simples fixa com dummies,D,-11.662249140734353,1.9209331005357423e-21,0,83,0.10358596571875009,0.1,11,>=0.10,True,limite tabular; transição de API registrada,Compatível com estacionariedade,84,1.3245091792460562
Pré-pandemia (até jan/2020),Tipologia | Enxurradas,Tipologia,Brasil,Desastres → inadimplência,Relativa sazonal fixa,I,-2.69820485510511,0.07434942298598018,2,69,0.21340679053478165,0.1,3,>=0.10,False,limite tabular; transição de API registrada,Inconclusiva,72,5.559066428598849
Pré-pandemia (até jan/2020),Tipologia | Enxurradas,Tipologia,Brasil,Desastres → inadimplência,Relativa sazonal fixa,D,-11.497008292638691,4.5881382772887585e-21,0,71,0.20647912424112444,0.1,22,>=0.10,True,limite tabular; transição de API registrada,Compatível com estacionariedade,72,2.1215395004152704
Pré-pandemia (até jan/2020),Tipologia | Enxurradas,Tipologia,Brasil,Desastres → inadimplência,Sazonal BIC,I,-2.741241007178885,0.06716958787568512,2,69,0.23816289826725495,0.1,3,>=0.10,False,limite tabular; transição de API registrada,Inconclusiva,72,0.008801517045682447
Pré-pandemia (até jan/2020),Tipologia | Enxurradas,Tipologia,Brasil,Desastres → inadimplência,Sazonal BIC,D,-11.497008292638691,4.5881382772887585e-21,0,71,0.20647912424112444,0.1,22,>=0.10,True,limite tabular; transição de API registrada,Compatível com estacionariedade,72,2.1215395004152704
Pré-pandemia (até jan/2020),Tipologia | Erosão,Tipologia,Brasil,Desastres → inadimplência,Principal sazonal fixa,I,-2.741241007178885,0.06716958787568512,2,69,0.23816289826725495,0.1,3,>=0.10,False,limite tabular; transição de API registrada,Inconclusiva,72,0.008801517045682447
Pré-pandemia (até jan/2020),Tipologia | Erosão,Tipologia,Brasil,Desastres → inadimplência,Principal sazonal fixa,D,-13.243129638044074,9.0860489240401e-25,1,70,0.20648993599456986,0.1,15,>=0.10,True,limite tabular; transição de API registrada,Compatível com estacionariedade,72,1.72010242040972
Pré-pandemia (até jan/2020),Tipologia | Erosão,Tipologia,Brasil,Desastres → inadimplência,Simples fixa com dummies,I,-1.9702852274710463,0.29975200759299453,5,78,0.3143270022873056,0.1,0,>=0.10,False,limite tabular; transição de API registrada,Inconclusiva,84,0.007948578840210727
Pré-pandemia (até jan/2020),Tipologia | Erosão,Tipologia,Brasil,Desastres → inadimplência,Simples fixa com dummies,D,-13.089478816925194,1.800902852042939e-24,1,82,0.18823717550674213,0.1,17,>=0.10,True,limite tabular; transição de API registrada,Compatível com estacionariedade,84,0.6343626134822717
Pré-pandemia (até jan/2020),Tipologia | Erosão,Tipologia,Brasil,Desastres → inadimplência,Relativa sazonal fixa,I,-2.69820485510511,0.07434942298598018,2,69,0.21340679053478165,0.1,3,>=0.10,False,limite tabular; transição de API registrada,Inconclusiva,72,5.559066428598849
Pré-pandemia (até jan/2020),Tipologia | Erosão,Tipologia,Brasil,Desastres → inadimplência,Relativa sazonal fixa,D,-13.243129638044074,9.0860489240401e-25,1,70,0.20648993599456986,0.1,15,>=0.10,True,limite tabular; transição de API registrada,Compatível com estacionariedade,72,1.72010242040972
Pré-pandemia (até jan/2020),Tipologia | Erosão,Tipologia,Brasil,Desastres → inadimplência,Sazonal BIC,I,-2.741241007178885,0.06716958787568512,2,69,0.23816289826725495,0.1,3,>=0.10,False,limite tabular; transição de API registrada,Inconclusiva,72,0.008801517045682447
Pré-pandemia (até jan/2020),Tipologia | Erosão,Tipologia,Brasil,Desastres → inadimplência,Sazonal BIC,D,-13.243129638044074,9.0860489240401e-25,1,70,0.20648993599456986,0.1,15,>=0.10,True,limite tabular; transição de API registrada,Compatível com estacionariedade,72,1.72010242040972
Pré-pandemia (até jan/2020),Tipologia | Estiagem e Seca,Tipologia,Brasil,Desastres → inadimplência,Principal sazonal fixa,I,-2.741241007178885,0.06716958787568512,2,69,0.23816289826725495,0.1,3,>=0.10,False,limite tabular; transição de API registrada,Inconclusiva,72,0.008801517045682447
Pré-pandemia (até jan/2020),Tipologia | Estiagem e Seca,Tipologia,Brasil,Desastres → inadimplência,Principal sazonal fixa,D,-10.866884561265005,1.4001359436292394e-19,1,70,0.1801527003489448,0.1,22,>=0.10,True,limite tabular; transição de API registrada,Compatível com estacionariedade,72,1.8264277410074854
Pré-pandemia (até jan/2020),Tipologia | Estiagem e Seca,Tipologia,Brasil,Desastres → inadimplência,Simples fixa com dummies,I,-1.9702852274710463,0.29975200759299453,5,78,0.3143270022873056,0.1,0,>=0.10,False,limite tabular; transição de API registrada,Inconclusiva,84,0.007948578840210727
Pré-pandemia (até jan/2020),Tipologia | Estiagem e Seca,Tipologia,Brasil,Desastres → inadimplência,Simples fixa com dummies,D,-8.530133535387186,1.0430882334231119e-13,4,79,0.15128666751441758,0.1,21,>=0.10,True,limite tabular; transição de API registrada,Compatível com estacionariedade,84,1.4949985158416248
Pré-pandemia (até jan/2020),Tipologia | Estiagem e Seca,Tipologia,Brasil,Desastres → inadimplência,Relativa sazonal fixa,I,-2.69820485510511,0.07434942298598018,2,69,0.21340679053478165,0.1,3,>=0.10,False,limite tabular; transição de API registrada,Inconclusiva,72,5.559066428598849
Pré-pandemia (até jan/2020),Tipologia | Estiagem e Seca,Tipologia,Brasil,Desastres → inadimplência,Relativa sazonal fixa,D,-10.866884561265005,1.4001359436292394e-19,1,70,0.1801527003489448,0.1,22,>=0.10,True,limite tabular; transição de API registrada,Compatível com estacionariedade,72,1.8264277410074854
Pré-pandemia (até jan/2020),Tipologia | Estiagem e Seca,Tipologia,Brasil,Desastres → inadimplência,Sazonal BIC,I,-2.741241007178885,0.06716958787568512,2,69,0.23816289826725495,0.1,3,>=0.10,False,limite tabular; transição de API registrada,Inconclusiva,72,0.008801517045682447
Pré-pandemia (até jan/2020),Tipologia | Estiagem e Seca,Tipologia,Brasil,Desastres → inadimplência,Sazonal BIC,D,-10.866884561265005,1.4001359436292394e-19,1,70,0.1801527003489448,0.1,22,>=0.10,True,limite tabular; transição de API registrada,Compatível com estacionariedade,72,1.8264277410074854
Pré-pandemia (até jan/2020),Tipologia | Granizo,Tipologia,Brasil,Desastres → inadimplência,Principal sazonal fixa,I,-2.741241007178885,0.06716958787568512,2,69,0.23816289826725495,0.1,3,>=0.10,False,limite tabular; transição de API registrada,Inconclusiva,72,0.008801517045682447
Pré-pandemia (até jan/2020),Tipologia | Granizo,Tipologia,Brasil,Desastres → inadimplência,Principal sazonal fixa,D,-10.359256130144864,2.420582003622636e-18,1,70,0.19242072656096806,0.1,23,>=0.10,True,limite tabular; transição de API registrada,Compatível com estacionariedade,72,2.0928552845861264
Pré-pandemia (até jan/2020),Tipologia | Granizo,Tipologia,Brasil,Desastres → inadimplência,Simples fixa com dummies,I,-1.9702852274710463,0.29975200759299453,5,78,0.3143270022873056,0.1,0,>=0.10,False,limite tabular; transição de API registrada,Inconclusiva,84,0.007948578840210727
Pré-pandemia (até jan/2020),Tipologia | Granizo,Tipologia,Brasil,Desastres → inadimplência,Simples fixa com dummies,D,-7.949263074687038,3.158084790416832e-12,10,73,0.1272806978170325,0.1,16,>=0.10,True,limite tabular; transição de API registrada,Compatível com estacionariedade,84,1.8906248838297492
Pré-pandemia (até jan/2020),Tipologia | Granizo,Tipologia,Brasil,Desastres → inadimplência,Relativa sazonal fixa,I,-2.69820485510511,0.07434942298598018,2,69,0.21340679053478165,0.1,3,>=0.10,False,limite tabular; transição de API registrada,Inconclusiva,72,5.559066428598849
Pré-pandemia (até jan/2020),Tipologia | Granizo,Tipologia,Brasil,Desastres → inadimplência,Relativa sazonal fixa,D,-10.359256130144864,2.420582003622636e-18,1,70,0.19242072656096806,0.1,23,>=0.10,True,limite tabular; transição de API registrada,Compatível com estacionariedade,72,2.0928552845861264
Pré-pandemia (até jan/2020),Tipologia | Granizo,Tipologia,Brasil,Desastres → inadimplência,Sazonal BIC,I,-2.741241007178885,0.06716958787568512,2,69,0.23816289826725495,0.1,3,>=0.10,False,limite tabular; transição de API registrada,Inconclusiva,72,0.008801517045682447
Pré-pandemia (até jan/2020),Tipologia | Granizo,Tipologia,Brasil,Desastres → inadimplência,Sazonal BIC,D,-10.359256130144864,2.420582003622636e-18,1,70,0.19242072656096806,0.1,23,>=0.10,True,limite tabular; transição de API registrada,Compatível com estacionariedade,72,2.0928552845861264
Pré-pandemia (até jan/2020),Tipologia | Incêndio Florestal,Tipologia,Brasil,Desastres → inadimplência,Principal sazonal fixa,I,-2.741241007178885,0.06716958787568512,2,69,0.23816289826725495,0.1,3,>=0.10,False,limite tabular; transição de API registrada,Inconclusiva,72,0.008801517045682447
Pré-pandemia (até jan/2020),Tipologia | Incêndio Florestal,Tipologia,Brasil,Desastres → inadimplência,Principal sazonal fixa,D,-5.637880377133035,1.052847907265896e-06,3,68,0.2495146515453511,0.1,34,>=0.10,True,limite tabular; transição de API registrada,Compatível com estacionariedade,72,1.799294740325568
Pré-pandemia (até jan/2020),Tipologia | Incêndio Florestal,Tipologia,Brasil,Desastres → inadimplência,Simples fixa com dummies,I,-1.9702852274710463,0.29975200759299453,5,78,0.3143270022873056,0.1,0,>=0.10,False,limite tabular; transição de API registrada,Inconclusiva,84,0.007948578840210727
Pré-pandemia (até jan/2020),Tipologia | Incêndio Florestal,Tipologia,Brasil,Desastres → inadimplência,Simples fixa com dummies,D,-8.779514693635328,2.3977818156700057e-14,1,82,0.15381288681119193,0.1,15,>=0.10,True,limite tabular; transição de API registrada,Compatível com estacionariedade,84,0.9284519284566941
Pré-pandemia (até jan/2020),Tipologia | Incêndio Florestal,Tipologia,Brasil,Desastres → inadimplência,Relativa sazonal fixa,I,-2.69820485510511,0.07434942298598018,2,69,0.21340679053478165,0.1,3,>=0.10,False,limite tabular; transição de API registrada,Inconclusiva,72,5.559066428598849
Pré-pandemia (até jan/2020),Tipologia | Incêndio Florestal,Tipologia,Brasil,Desastres → inadimplência,Relativa sazonal fixa,D,-5.637880377133035,1.052847907265896e-06,3,68,0.2495146515453511,0.1,34,>=0.10,True,limite tabular; transição de API registrada,Compatível com estacionariedade,72,1.799294740325568
Pré-pandemia (até jan/2020),Tipologia | Incêndio Florestal,Tipologia,Brasil,Desastres → inadimplência,Sazonal BIC,I,-2.741241007178885,0.06716958787568512,2,69,0.23816289826725495,0.1,3,>=0.10,False,limite tabular; transição de API registrada,Inconclusiva,72,0.008801517045682447
Pré-pandemia (até jan/2020),Tipologia | Incêndio Florestal,Tipologia,Brasil,Desastres → inadimplência,Sazonal BIC,D,-5.637880377133035,1.052847907265896e-06,3,68,0.2495146515453511,0.1,34,>=0.10,True,limite tabular; transição de API registrada,Compatível com estacionariedade,72,1.799294740325568
Pré-pandemia (até jan/2020),Tipologia | Inundações,Tipologia,Brasil,Desastres → inadimplência,Principal sazonal fixa,I,-2.741241007178885,0.06716958787568512,2,69,0.23816289826725495,0.1,3,>=0.10,False,limite tabular; transição de API registrada,Inconclusiva,72,0.008801517045682447
Pré-pandemia (até jan/2020),Tipologia | Inundações,Tipologia,Brasil,Desastres → inadimplência,Principal sazonal fixa,D,-11.194063056979994,2.3300686581829954e-20,0,71,0.08099107181306539,0.1,7,>=0.10,True,limite tabular; transição de API registrada,Compatível com estacionariedade,72,1.896259905413088
Pré-pandemia (até jan/2020),Tipologia | Inundações,Tipologia,Brasil,Desastres → inadimplência,Simples fixa com dummies,I,-1.9702852274710463,0.29975200759299453,5,78,0.3143270022873056,0.1,0,>=0.10,False,limite tabular; transição de API registrada,Inconclusiva,84,0.007948578840210727
Pré-pandemia (até jan/2020),Tipologia | Inundações,Tipologia,Brasil,Desastres → inadimplência,Simples fixa com dummies,D,-11.408910832796494,7.332340225466574e-21,0,83,0.05377632411877627,0.1,5,>=0.10,True,limite tabular; transição de API registrada,Compatível com estacionariedade,84,1.0863689568227153
Pré-pandemia (até jan/2020),Tipologia | Inundações,Tipologia,Brasil,Desastres → inadimplência,Relativa sazonal fixa,I,-2.69820485510511,0.07434942298598018,2,69,0.21340679053478165,0.1,3,>=0.10,False,limite tabular; transição de API registrada,Inconclusiva,72,5.559066428598849
Pré-pandemia (até jan/2020),Tipologia | Inundações,Tipologia,Brasil,Desastres → inadimplência,Relativa sazonal fixa,D,-11.194063056979994,2.3300686581829954e-20,0,71,0.08099107181306539,0.1,7,>=0.10,True,limite tabular; transição de API registrada,Compatível com estacionariedade,72,1.896259905413088
Pré-pandemia (até jan/2020),Tipologia | Inundações,Tipologia,Brasil,Desastres → inadimplência,Sazonal BIC,I,-2.741241007178885,0.06716958787568512,2,69,0.23816289826725495,0.1,3,>=0.10,False,limite tabular; transição de API registrada,Inconclusiva,72,0.008801517045682447
Pré-pandemia (até jan/2020),Tipologia | Inundações,Tipologia,Brasil,Desastres → inadimplência,Sazonal BIC,D,-11.194063056979994,2.3300686581829954e-20,0,71,0.08099107181306539,0.1,7,>=0.10,True,limite tabular; transição de API registrada,Compatível com estacionariedade,72,1.896259905413088
Pré-pandemia (até jan/2020),Tipologia | Movimento de Massa,Tipologia,Brasil,Desastres → inadimplência,Principal sazonal fixa,I,-2.741241007178885,0.06716958787568512,2,69,0.23816289826725495,0.1,3,>=0.10,False,limite tabular; transição de API registrada,Inconclusiva,72,0.008801517045682447
Pré-pandemia (até jan/2020),Tipologia | Movimento de Massa,Tipologia,Brasil,Desastres → inadimplência,Principal sazonal fixa,D,-11.59179028075622,2.7805579776520118e-21,1,70,0.3637526765939404,0.09277901870950844,23,interpolado,True,transição de API registrada,Compatível com estacionariedade,72,1.5592578756405797
Pré-pandemia (até jan/2020),Tipologia | Movimento de Massa,Tipologia,Brasil,Desastres → inadimplência,Simples fixa com dummies,I,-1.9702852274710463,0.29975200759299453,5,78,0.3143270022873056,0.1,0,>=0.10,False,limite tabular; transição de API registrada,Inconclusiva,84,0.007948578840210727
Pré-pandemia (até jan/2020),Tipologia | Movimento de Massa,Tipologia,Brasil,Desastres → inadimplência,Simples fixa com dummies,D,-11.024369348514934,5.878520202265201e-20,1,82,0.18605808654291597,0.1,26,>=0.10,True,limite tabular; transição de API registrada,Compatível com estacionariedade,84,0.9594352521006353
Pré-pandemia (até jan/2020),Tipologia | Movimento de Massa,Tipologia,Brasil,Desastres → inadimplência,Relativa sazonal fixa,I,-2.69820485510511,0.07434942298598018,2,69,0.21340679053478165,0.1,3,>=0.10,False,limite tabular; transição de API registrada,Inconclusiva,72,5.559066428598849
Pré-pandemia (até jan/2020),Tipologia | Movimento de Massa,Tipologia,Brasil,Desastres → inadimplência,Relativa sazonal fixa,D,-11.59179028075622,2.7805579776520118e-21,1,70,0.3637526765939404,0.09277901870950844,23,interpolado,True,transição de API registrada,Compatível com estacionariedade,72,1.5592578756405797
Pré-pandemia (até jan/2020),Tipologia | Movimento de Massa,Tipologia,Brasil,Desastres → inadimplência,Sazonal BIC,I,-2.741241007178885,0.06716958787568512,2,69,0.23816289826725495,0.1,3,>=0.10,False,limite tabular; transição de API registrada,Inconclusiva,72,0.008801517045682447
Pré-pandemia (até jan/2020),Tipologia | Movimento de Massa,Tipologia,Brasil,Desastres → inadimplência,Sazonal BIC,D,-11.59179028075622,2.7805579776520118e-21,1,70,0.3637526765939404,0.09277901870950844,23,interpolado,True,transição de API registrada,Compatível com estacionariedade,72,1.5592578756405797
Pré-pandemia (até jan/2020),Tipologia | Onda de Calor e Baixa Umidade,Tipologia,Brasil,Desastres → inadimplência,Principal sazonal fixa,I,-2.741241007178885,0.06716958787568512,2,69,0.23816289826725495,0.1,3,>=0.10,False,limite tabular; transição de API registrada,Inconclusiva,72,0.008801517045682447
Pré-pandemia (até jan/2020),Tipologia | Onda de Calor e Baixa Umidade,Tipologia,Brasil,Desastres → inadimplência,Principal sazonal fixa,D,-10.519267419677233,9.77877034995573e-19,0,71,0.04477884260429603,0.1,3,>=0.10,True,limite tabular; transição de API registrada,Compatível com estacionariedade,72,0.22255681799709098
Pré-pandemia (até jan/2020),Tipologia | Onda de Calor e Baixa Umidade,Tipologia,Brasil,Desastres → inadimplência,Simples fixa com dummies,I,-1.9702852274710463,0.29975200759299453,5,78,0.3143270022873056,0.1,0,>=0.10,False,limite tabular; transição de API registrada,Inconclusiva,84,0.007948578840210727
Pré-pandemia (até jan/2020),Tipologia | Onda de Calor e Baixa Umidade,Tipologia,Brasil,Desastres → inadimplência,Simples fixa com dummies,D,-11.115742434221394,3.566976077368466e-20,0,83,0.046008270157858286,0.1,6,>=0.10,True,limite tabular; transição de API registrada,Compatível com estacionariedade,84,0.10250768670397481
Pré-pandemia (até jan/2020),Tipologia | Onda de Calor e Baixa Umidade,Tipologia,Brasil,Desastres → inadimplência,Relativa sazonal fixa,I,-2.69820485510511,0.07434942298598018,2,69,0.21340679053478165,0.1,3,>=0.10,False,limite tabular; transição de API registrada,Inconclusiva,72,5.559066428598849
Pré-pandemia (até jan/2020),Tipologia | Onda de Calor e Baixa Umidade,Tipologia,Brasil,Desastres → inadimplência,Relativa sazonal fixa,D,-10.519267419677233,9.77877034995573e-19,0,71,0.04477884260429603,0.1,3,>=0.10,True,limite tabular; transição de API registrada,Compatível com estacionariedade,72,0.22255681799709098
Pré-pandemia (até jan/2020),Tipologia | Onda de Calor e Baixa Umidade,Tipologia,Brasil,Desastres → inadimplência,Sazonal BIC,I,-2.741241007178885,0.06716958787568512,2,69,0.23816289826725495,0.1,3,>=0.10,False,limite tabular; transição de API registrada,Inconclusiva,72,0.008801517045682447
Pré-pandemia (até jan/2020),Tipologia | Onda de Calor e Baixa Umidade,Tipologia,Brasil,Desastres → inadimplência,Sazonal BIC,D,-10.519267419677233,9.77877034995573e-19,0,71,0.04477884260429603,0.1,3,>=0.10,True,limite tabular; transição de API registrada,Compatível com estacionariedade,72,0.22255681799709098
Pré-pandemia (até jan/2020),Tipologia | Onda de Frio,Tipologia,Brasil,Desastres → inadimplência,Principal sazonal fixa,I,-2.741241007178885,0.06716958787568512,2,69,0.23816289826725495,0.1,3,>=0.10,False,limite tabular; transição de API registrada,Inconclusiva,72,0.008801517045682447
Pré-pandemia (até jan/2020),Tipologia | Onda de Frio,Tipologia,Brasil,Desastres → inadimplência,Principal sazonal fixa,D,-10.016929577448396,1.7190404681897217e-17,1,70,0.19444444444444461,0.1,27,>=0.10,True,limite tabular; transição de API registrada,Compatível com estacionariedade,72,0.6572681369878369
Pré-pandemia (até jan/2020),Tipologia | Onda de Frio,Tipologia,Brasil,Desastres → inadimplência,Simples fixa com dummies,I,-1.9702852274710463,0.29975200759299453,5,78,0.3143270022873056,0.1,0,>=0.10,False,limite tabular; transição de API registrada,Inconclusiva,84,0.007948578840210727
Pré-pandemia (até jan/2020),Tipologia | Onda de Frio,Tipologia,Brasil,Desastres → inadimplência,Simples fixa com dummies,D,-9.412051323621364,5.799969087553605e-16,1,82,0.16666666666666682,0.1,27,>=0.10,True,limite tabular; transição de API registrada,Compatível com estacionariedade,84,0.42387840741060395
Pré-pandemia (até jan/2020),Tipologia | Onda de Frio,Tipologia,Brasil,Desastres → inadimplência,Relativa sazonal fixa,I,-2.69820485510511,0.07434942298598018,2,69,0.21340679053478165,0.1,3,>=0.10,False,limite tabular; transição de API registrada,Inconclusiva,72,5.559066428598849
Pré-pandemia (até jan/2020),Tipologia | Onda de Frio,Tipologia,Brasil,Desastres → inadimplência,Relativa sazonal fixa,D,-10.016929577448396,1.7190404681897217e-17,1,70,0.19444444444444461,0.1,27,>=0.10,True,limite tabular; transição de API registrada,Compatível com estacionariedade,72,0.6572681369878369
Pré-pandemia (até jan/2020),Tipologia | Onda de Frio,Tipologia,Brasil,Desastres → inadimplência,Sazonal BIC,I,-2.741241007178885,0.06716958787568512,2,69,0.23816289826725495,0.1,3,>=0.10,False,limite tabular; transição de API registrada,Inconclusiva,72,0.008801517045682447
Pré-pandemia (até jan/2020),Tipologia | Onda de Frio,Tipologia,Brasil,Desastres → inadimplência,Sazonal BIC,D,-10.016929577448396,1.7190404681897217e-17,1,70,0.19444444444444461,0.1,27,>=0.10,True,limite tabular; transição de API registrada,Compatível com estacionariedade,72,0.6572681369878369
Pré-pandemia (até jan/2020),Tipologia | Outros,Tipologia,Brasil,Desastres → inadimplência,Principal sazonal fixa,I,-2.741241007178885,0.06716958787568512,2,69,0.23816289826725495,0.1,3,>=0.10,False,limite tabular; transição de API registrada,Inconclusiva,72,0.008801517045682447
Pré-pandemia (até jan/2020),Tipologia | Outros,Tipologia,Brasil,Desastres → inadimplência,Principal sazonal fixa,D,-11.70631388990131,1.5259272842119899e-21,1,70,0.15355275208179006,0.1,17,>=0.10,True,limite tabular; transição de API registrada,Compatível com estacionariedade,72,1.0555688758870359
Pré-pandemia (até jan/2020),Tipologia | Outros,Tipologia,Brasil,Desastres → inadimplência,Simples fixa com dummies,I,-1.9702852274710463,0.29975200759299453,5,78,0.3143270022873056,0.1,0,>=0.10,False,limite tabular; transição de API registrada,Inconclusiva,84,0.007948578840210727
Pré-pandemia (até jan/2020),Tipologia | Outros,Tipologia,Brasil,Desastres → inadimplência,Simples fixa com dummies,D,-8.776761706046578,2.4370242665552238e-14,2,81,0.1693127064191443,0.1,34,>=0.10,True,limite tabular; transição de API registrada,Compatível com estacionariedade,84,0.50991189882491
Pré-pandemia (até jan/2020),Tipologia | Outros,Tipologia,Brasil,Desastres → inadimplência,Relativa sazonal fixa,I,-2.69820485510511,0.07434942298598018,2,69,0.21340679053478165,0.1,3,>=0.10,False,limite tabular; transição de API registrada,Inconclusiva,72,5.559066428598849
Pré-pandemia (até jan/2020),Tipologia | Outros,Tipologia,Brasil,Desastres → inadimplência,Relativa sazonal fixa,D,-11.70631388990131,1.5259272842119899e-21,1,70,0.15355275208179006,0.1,17,>=0.10,True,limite tabular; transição de API registrada,Compatível com estacionariedade,72,1.0555688758870359
Pré-pandemia (até jan/2020),Tipologia | Outros,Tipologia,Brasil,Desastres → inadimplência,Sazonal BIC,I,-2.741241007178885,0.06716958787568512,2,69,0.23816289826725495,0.1,3,>=0.10,False,limite tabular; transição de API registrada,Inconclusiva,72,0.008801517045682447
Pré-pandemia (até jan/2020),Tipologia | Outros,Tipologia,Brasil,Desastres → inadimplência,Sazonal BIC,D,-11.70631388990131,1.5259272842119899e-21,1,70,0.15355275208179006,0.1,17,>=0.10,True,limite tabular; transição de API registrada,Compatível com estacionariedade,72,1.0555688758870359
Pré-pandemia (até jan/2020),Tipologia | Rompimento/Colapso de barragens,Tipologia,Brasil,Desastres → inadimplência,Principal sazonal fixa,I,-2.741241007178885,0.06716958787568512,2,69,0.23816289826725495,0.1,3,>=0.10,False,limite tabular; transição de API registrada,Inconclusiva,72,0.008801517045682447
Pré-pandemia (até jan/2020),Tipologia | Rompimento/Colapso de barragens,Tipologia,Brasil,Desastres → inadimplência,Principal sazonal fixa,D,-12.654948295772336,1.3430441206864196e-23,0,71,0.04565778447758331,0.1,6,>=0.10,True,limite tabular; transição de API registrada,Compatível com estacionariedade,72,0.13238455944286062
Pré-pandemia (até jan/2020),Tipologia | Rompimento/Colapso de barragens,Tipologia,Brasil,Desastres → inadimplência,Simples fixa com dummies,I,-1.9702852274710463,0.29975200759299453,5,78,0.3143270022873056,0.1,0,>=0.10,False,limite tabular; transição de API registrada,Inconclusiva,84,0.007948578840210727
Pré-pandemia (até jan/2020),Tipologia | Rompimento/Colapso de barragens,Tipologia,Brasil,Desastres → inadimplência,Simples fixa com dummies,D,-7.041180045559288,5.841314744294412e-10,10,73,0.4047619047619077,0.0751026272577984,67,interpolado,True,transição de API registrada,Compatível com estacionariedade,84,0.1666112655239529
Pré-pandemia (até jan/2020),Tipologia | Rompimento/Colapso de barragens,Tipologia,Brasil,Desastres → inadimplência,Relativa sazonal fixa,I,-2.69820485510511,0.07434942298598018,2,69,0.21340679053478165,0.1,3,>=0.10,False,limite tabular; transição de API registrada,Inconclusiva,72,5.559066428598849
Pré-pandemia (até jan/2020),Tipologia | Rompimento/Colapso de barragens,Tipologia,Brasil,Desastres → inadimplência,Relativa sazonal fixa,D,-12.654948295772336,1.3430441206864196e-23,0,71,0.04565778447758331,0.1,6,>=0.10,True,limite tabular; transição de API registrada,Compatível com estacionariedade,72,0.13238455944286062
Pré-pandemia (até jan/2020),Tipologia | Rompimento/Colapso de barragens,Tipologia,Brasil,Desastres → inadimplência,Sazonal BIC,I,-2.741241007178885,0.06716958787568512,2,69,0.23816289826725495,0.1,3,>=0.10,False,limite tabular; transição de API registrada,Inconclusiva,72,0.008801517045682447
Pré-pandemia (até jan/2020),Tipologia | Rompimento/Colapso de barragens,Tipologia,Brasil,Desastres → inadimplência,Sazonal BIC,D,-12.654948295772336,1.3430441206864196e-23,0,71,0.04565778447758331,0.1,6,>=0.10,True,limite tabular; transição de API registrada,Compatível com estacionariedade,72,0.13238455944286062
Pré-pandemia (até jan/2020),Tipologia | Tornado,Tipologia,Brasil,Desastres → inadimplência,Principal sazonal fixa,I,-2.741241007178885,0.06716958787568512,2,69,0.23816289826725495,0.1,3,>=0.10,False,limite tabular; transição de API registrada,Inconclusiva,72,0.008801517045682447
Pré-pandemia (até jan/2020),Tipologia | Tornado,Tipologia,Brasil,Desastres → inadimplência,Principal sazonal fixa,D,-8.084818843871759,1.4292117379217649e-12,3,68,0.057979982440604094,0.1,8,>=0.10,True,limite tabular; transição de API registrada,Compatível com estacionariedade,72,0.8407739894717848
Pré-pandemia (até jan/2020),Tipologia | Tornado,Tipologia,Brasil,Desastres → inadimplência,Simples fixa com dummies,I,-1.9702852274710463,0.29975200759299453,5,78,0.3143270022873056,0.1,0,>=0.10,False,limite tabular; transição de API registrada,Inconclusiva,84,0.007948578840210727
Pré-pandemia (até jan/2020),Tipologia | Tornado,Tipologia,Brasil,Desastres → inadimplência,Simples fixa com dummies,D,-9.135618561581538,2.9412779035740005e-15,3,80,0.15779694912319214,0.1,21,>=0.10,True,limite tabular; transição de API registrada,Compatível com estacionariedade,84,0.4314737206106551
Pré-pandemia (até jan/2020),Tipologia | Tornado,Tipologia,Brasil,Desastres → inadimplência,Relativa sazonal fixa,I,-2.69820485510511,0.07434942298598018,2,69,0.21340679053478165,0.1,3,>=0.10,False,limite tabular; transição de API registrada,Inconclusiva,72,5.559066428598849
Pré-pandemia (até jan/2020),Tipologia | Tornado,Tipologia,Brasil,Desastres → inadimplência,Relativa sazonal fixa,D,-8.084818843871759,1.4292117379217649e-12,3,68,0.057979982440604094,0.1,8,>=0.10,True,limite tabular; transição de API registrada,Compatível com estacionariedade,72,0.8407739894717848
Pré-pandemia (até jan/2020),Tipologia | Tornado,Tipologia,Brasil,Desastres → inadimplência,Sazonal BIC,I,-2.741241007178885,0.06716958787568512,2,69,0.23816289826725495,0.1,3,>=0.10,False,limite tabular; transição de API registrada,Inconclusiva,72,0.008801517045682447
Pré-pandemia (até jan/2020),Tipologia | Tornado,Tipologia,Brasil,Desastres → inadimplência,Sazonal BIC,D,-8.084818843871759,1.4292117379217649e-12,3,68,0.057979982440604094,0.1,8,>=0.10,True,limite tabular; transição de API registrada,Compatível com estacionariedade,72,0.8407739894717848
Pré-pandemia (até jan/2020),Tipologia | Vendavais e Ciclones,Tipologia,Brasil,Desastres → inadimplência,Principal sazonal fixa,I,-2.741241007178885,0.06716958787568512,2,69,0.23816289826725495,0.1,3,>=0.10,False,limite tabular; transição de API registrada,Inconclusiva,72,0.008801517045682447
Pré-pandemia (até jan/2020),Tipologia | Vendavais e Ciclones,Tipologia,Brasil,Desastres → inadimplência,Principal sazonal fixa,D,-16.02430564176137,6.155540131036713e-29,0,71,0.04278388894787334,0.1,1,>=0.10,True,limite tabular; transição de API registrada,Compatível com estacionariedade,72,1.0029107544504274
Pré-pandemia (até jan/2020),Tipologia | Vendavais e Ciclones,Tipologia,Brasil,Desastres → inadimplência,Simples fixa com dummies,I,-1.9702852274710463,0.29975200759299453,5,78,0.3143270022873056,0.1,0,>=0.10,False,limite tabular; transição de API registrada,Inconclusiva,84,0.007948578840210727
Pré-pandemia (até jan/2020),Tipologia | Vendavais e Ciclones,Tipologia,Brasil,Desastres → inadimplência,Simples fixa com dummies,D,-7.784912146835785,8.228797501664831e-12,10,73,0.036735320043281096,0.1,5,>=0.10,True,limite tabular; transição de API registrada,Compatível com estacionariedade,84,0.9248947818970206
Pré-pandemia (até jan/2020),Tipologia | Vendavais e Ciclones,Tipologia,Brasil,Desastres → inadimplência,Relativa sazonal fixa,I,-2.69820485510511,0.07434942298598018,2,69,0.21340679053478165,0.1,3,>=0.10,False,limite tabular; transição de API registrada,Inconclusiva,72,5.559066428598849
Pré-pandemia (até jan/2020),Tipologia | Vendavais e Ciclones,Tipologia,Brasil,Desastres → inadimplência,Relativa sazonal fixa,D,-16.02430564176137,6.155540131036713e-29,0,71,0.04278388894787334,0.1,1,>=0.10,True,limite tabular; transição de API registrada,Compatível com estacionariedade,72,1.0029107544504274
Pré-pandemia (até jan/2020),Tipologia | Vendavais e Ciclones,Tipologia,Brasil,Desastres → inadimplência,Sazonal BIC,I,-2.741241007178885,0.06716958787568512,2,69,0.23816289826725495,0.1,3,>=0.10,False,limite tabular; transição de API registrada,Inconclusiva,72,0.008801517045682447
Pré-pandemia (até jan/2020),Tipologia | Vendavais e Ciclones,Tipologia,Brasil,Desastres → inadimplência,Sazonal BIC,D,-16.02430564176137,6.155540131036713e-29,0,71,0.04278388894787334,0.1,1,>=0.10,True,limite tabular; transição de API registrada,Compatível com estacionariedade,72,1.0029107544504274
Total (2013–2024),Total nacional,Referência,Brasil,Desastres → inadimplência,Principal sazonal fixa,I,-6.407621742949496,1.9257332083645825e-08,0,130,0.08688154925709489,0.1,5,>=0.10,True,limite tabular; transição de API registrada,Compatível com estacionariedade,131,0.013754424083695004
Total (2013–2024),Total nacional,Referência,Brasil,Desastres → inadimplência,Principal sazonal fixa,D,-13.283191446299076,7.619472597354363e-25,1,129,0.3289740727164801,0.1,54,>=0.10,True,limite tabular; transição de API registrada,Compatível com estacionariedade,131,0.650901435318083
Total (2013–2024),Total nacional,Referência,Brasil,Desastres → inadimplência,Simples fixa com dummies,I,-4.170540726589192,0.0007387805409210193,6,136,0.1611438212774098,0.1,6,>=0.10,True,limite tabular; transição de API registrada,Compatível com estacionariedade,143,0.009952658321423082
Total (2013–2024),Total nacional,Referência,Brasil,Desastres → inadimplência,Simples fixa com dummies,D,-8.947008989248765,8.932137106008616e-15,4,138,0.05582256041739274,0.1,14,>=0.10,True,limite tabular; transição de API registrada,Compatível com estacionariedade,143,0.48135480351138593
Total (2013–2024),Total nacional,Referência,Brasil,Desastres → inadimplência,Relativa sazonal fixa,I,-6.143283456552321,7.876630254693833e-08,0,130,0.07138951055369934,0.1,5,>=0.10,True,limite tabular; transição de API registrada,Compatível com estacionariedade,131,9.69993191759996
Total (2013–2024),Total nacional,Referência,Brasil,Desastres → inadimplência,Relativa sazonal fixa,D,-13.283191446299076,7.619472597354363e-25,1,129,0.3289740727164801,0.1,54,>=0.10,True,limite tabular; transição de API registrada,Compatível com estacionariedade,131,0.650901435318083
Total (2013–2024),Total nacional,Referência,Brasil,Desastres → inadimplência,Sazonal BIC,I,-6.407621742949496,1.9257332083645825e-08,0,130,0.08688154925709489,0.1,5,>=0.10,True,limite tabular; transição de API registrada,Compatível com estacionariedade,131,0.013754424083695004
Total (2013–2024),Total nacional,Referência,Brasil,Desastres → inadimplência,Sazonal BIC,D,-13.283191446299076,7.619472597354363e-25,1,129,0.3289740727164801,0.1,54,>=0.10,True,limite tabular; transição de API registrada,Compatível com estacionariedade,131,0.650901435318083
Total (2013–2024),Grupo | Climatológico,Grupo,Brasil,Desastres → inadimplência,Principal sazonal fixa,I,-6.407621742949496,1.9257332083645825e-08,0,130,0.08688154925709489,0.1,5,>=0.10,True,limite tabular; transição de API registrada,Compatível com estacionariedade,131,0.013754424083695004
Total (2013–2024),Grupo | Climatológico,Grupo,Brasil,Desastres → inadimplência,Principal sazonal fixa,D,-6.290390915438067,3.611280246497805e-08,12,118,0.13648940400407122,0.1,23,>=0.10,True,limite tabular; transição de API registrada,Compatível com estacionariedade,131,1.4076374813166976
Total (2013–2024),Grupo | Climatológico,Grupo,Brasil,Desastres → inadimplência,Simples fixa com dummies,I,-4.170540726589192,0.0007387805409210193,6,136,0.1611438212774098,0.1,6,>=0.10,True,limite tabular; transição de API registrada,Compatível com estacionariedade,143,0.009952658321423082
Total (2013–2024),Grupo | Climatológico,Grupo,Brasil,Desastres → inadimplência,Simples fixa com dummies,D,-11.041894860450125,5.3401514301301076e-20,4,138,0.12421461010078629,0.1,11,>=0.10,True,limite tabular; transição de API registrada,Compatível com estacionariedade,143,1.0543312474293114
Total (2013–2024),Grupo | Climatológico,Grupo,Brasil,Desastres → inadimplência,Relativa sazonal fixa,I,-6.143283456552321,7.876630254693833e-08,0,130,0.07138951055369934,0.1,5,>=0.10,True,limite tabular; transição de API registrada,Compatível com estacionariedade,131,9.69993191759996
Total (2013–2024),Grupo | Climatológico,Grupo,Brasil,Desastres → inadimplência,Relativa sazonal fixa,D,-6.290390915438067,3.611280246497805e-08,12,118,0.13648940400407122,0.1,23,>=0.10,True,limite tabular; transição de API registrada,Compatível com estacionariedade,131,1.4076374813166976
Total (2013–2024),Grupo | Climatológico,Grupo,Brasil,Desastres → inadimplência,Sazonal BIC,I,-6.407621742949496,1.9257332083645825e-08,0,130,0.08688154925709489,0.1,5,>=0.10,True,limite tabular; transição de API registrada,Compatível com estacionariedade,131,0.013754424083695004
Total (2013–2024),Grupo | Climatológico,Grupo,Brasil,Desastres → inadimplência,Sazonal BIC,D,-6.290390915438067,3.611280246497805e-08,12,118,0.13648940400407122,0.1,23,>=0.10,True,limite tabular; transição de API registrada,Compatível com estacionariedade,131,1.4076374813166976
Total (2013–2024),Grupo | Hidrológico,Grupo,Brasil,Desastres → inadimplência,Principal sazonal fixa,I,-6.407621742949496,1.9257332083645825e-08,0,130,0.08688154925709489,0.1,5,>=0.10,True,limite tabular; transição de API registrada,Compatível com estacionariedade,131,0.013754424083695004
Total (2013–2024),Grupo | Hidrológico,Grupo,Brasil,Desastres → inadimplência,Principal sazonal fixa,D,-5.332011721341984,4.698687777522785e-06,11,119,0.1678184898436297,0.1,42,>=0.10,True,limite tabular; transição de API registrada,Compatível com estacionariedade,131,1.5151958108063477
Total (2013–2024),Grupo | Hidrológico,Grupo,Brasil,Desastres → inadimplência,Simples fixa com dummies,I,-4.170540726589192,0.0007387805409210193,6,136,0.1611438212774098,0.1,6,>=0.10,True,limite tabular; transição de API registrada,Compatível com estacionariedade,143,0.009952658321423082
Total (2013–2024),Grupo | Hidrológico,Grupo,Brasil,Desastres → inadimplência,Simples fixa com dummies,D,-8.499266865364381,1.2511297402619936e-13,10,132,0.029119573155001133,0.1,6,>=0.10,True,limite tabular; transição de API registrada,Compatível com estacionariedade,143,0.9884222354071381
Total (2013–2024),Grupo | Hidrológico,Grupo,Brasil,Desastres → inadimplência,Relativa sazonal fixa,I,-6.143283456552321,7.876630254693833e-08,0,130,0.07138951055369934,0.1,5,>=0.10,True,limite tabular; transição de API registrada,Compatível com estacionariedade,131,9.69993191759996
Total (2013–2024),Grupo | Hidrológico,Grupo,Brasil,Desastres → inadimplência,Relativa sazonal fixa,D,-5.332011721341984,4.698687777522785e-06,11,119,0.1678184898436297,0.1,42,>=0.10,True,limite tabular; transição de API registrada,Compatível com estacionariedade,131,1.5151958108063477
Total (2013–2024),Grupo | Hidrológico,Grupo,Brasil,Desastres → inadimplência,Sazonal BIC,I,-6.407621742949496,1.9257332083645825e-08,0,130,0.08688154925709489,0.1,5,>=0.10,True,limite tabular; transição de API registrada,Compatível com estacionariedade,131,0.013754424083695004
Total (2013–2024),Grupo | Hidrológico,Grupo,Brasil,Desastres → inadimplência,Sazonal BIC,D,-5.332011721341984,4.698687777522785e-06,11,119,0.1678184898436297,0.1,42,>=0.10,True,limite tabular; transição de API registrada,Compatível com estacionariedade,131,1.5151958108063477
Total (2013–2024),Grupo | Meteorológico,Grupo,Brasil,Desastres → inadimplência,Principal sazonal fixa,I,-6.407621742949496,1.9257332083645825e-08,0,130,0.08688154925709489,0.1,5,>=0.10,True,limite tabular; transição de API registrada,Compatível com estacionariedade,131,0.013754424083695004
Total (2013–2024),Grupo | Meteorológico,Grupo,Brasil,Desastres → inadimplência,Principal sazonal fixa,D,-3.227397699855142,0.018452566417329737,10,120,0.23758875771751342,0.1,51,>=0.10,True,limite tabular; transição de API registrada,Compatível com estacionariedade,131,1.7917368906442386
Total (2013–2024),Grupo | Meteorológico,Grupo,Brasil,Desastres → inadimplência,Simples fixa com dummies,I,-4.170540726589192,0.0007387805409210193,6,136,0.1611438212774098,0.1,6,>=0.10,True,limite tabular; transição de API registrada,Compatível com estacionariedade,143,0.009952658321423082
Total (2013–2024),Grupo | Meteorológico,Grupo,Brasil,Desastres → inadimplência,Simples fixa com dummies,D,-8.655188986824852,4.991015830428605e-14,8,134,0.11617097061842327,0.1,23,>=0.10,True,limite tabular; transição de API registrada,Compatível com estacionariedade,143,1.1656117470059835
Total (2013–2024),Grupo | Meteorológico,Grupo,Brasil,Desastres → inadimplência,Relativa sazonal fixa,I,-6.143283456552321,7.876630254693833e-08,0,130,0.07138951055369934,0.1,5,>=0.10,True,limite tabular; transição de API registrada,Compatível com estacionariedade,131,9.69993191759996
Total (2013–2024),Grupo | Meteorológico,Grupo,Brasil,Desastres → inadimplência,Relativa sazonal fixa,D,-3.227397699855142,0.018452566417329737,10,120,0.23758875771751342,0.1,51,>=0.10,True,limite tabular; transição de API registrada,Compatível com estacionariedade,131,1.7917368906442386
Total (2013–2024),Grupo | Meteorológico,Grupo,Brasil,Desastres → inadimplência,Sazonal BIC,I,-6.407621742949496,1.9257332083645825e-08,0,130,0.08688154925709489,0.1,5,>=0.10,True,limite tabular; transição de API registrada,Compatível com estacionariedade,131,0.013754424083695004
Total (2013–2024),Grupo | Meteorológico,Grupo,Brasil,Desastres → inadimplência,Sazonal BIC,D,-3.227397699855142,0.018452566417329737,10,120,0.23758875771751342,0.1,51,>=0.10,True,limite tabular; transição de API registrada,Compatível com estacionariedade,131,1.7917368906442386
Total (2013–2024),Grupo | Outros,Grupo,Brasil,Desastres → inadimplência,Principal sazonal fixa,I,-6.407621742949496,1.9257332083645825e-08,0,130,0.08688154925709489,0.1,5,>=0.10,True,limite tabular; transição de API registrada,Compatível com estacionariedade,131,0.013754424083695004
Total (2013–2024),Grupo | Outros,Grupo,Brasil,Desastres → inadimplência,Principal sazonal fixa,D,-10.95624466601429,8.547899495876508e-20,3,127,0.1287202378902088,0.1,14,>=0.10,True,limite tabular; transição de API registrada,Compatível com estacionariedade,131,0.9428832815247035
Total (2013–2024),Grupo | Outros,Grupo,Brasil,Desastres → inadimplência,Simples fixa com dummies,I,-4.170540726589192,0.0007387805409210193,6,136,0.1611438212774098,0.1,6,>=0.10,True,limite tabular; transição de API registrada,Compatível com estacionariedade,143,0.009952658321423082
Total (2013–2024),Grupo | Outros,Grupo,Brasil,Desastres → inadimplência,Simples fixa com dummies,D,-10.843228487673288,1.596233568432249e-19,3,139,0.4999999999999802,0.04166666666667113,142,interpolado,False,transição de API registrada,Inconclusiva,143,0.5673150307799437
Total (2013–2024),Grupo | Outros,Grupo,Brasil,Desastres → inadimplência,Relativa sazonal fixa,I,-6.143283456552321,7.876630254693833e-08,0,130,0.07138951055369934,0.1,5,>=0.10,True,limite tabular; transição de API registrada,Compatível com estacionariedade,131,9.69993191759996
Total (2013–2024),Grupo | Outros,Grupo,Brasil,Desastres → inadimplência,Relativa sazonal fixa,D,-10.95624466601429,8.547899495876508e-20,3,127,0.1287202378902088,0.1,14,>=0.10,True,limite tabular; transição de API registrada,Compatível com estacionariedade,131,0.9428832815247035
Total (2013–2024),Grupo | Outros,Grupo,Brasil,Desastres → inadimplência,Sazonal BIC,I,-6.407621742949496,1.9257332083645825e-08,0,130,0.08688154925709489,0.1,5,>=0.10,True,limite tabular; transição de API registrada,Compatível com estacionariedade,131,0.013754424083695004
Total (2013–2024),Grupo | Outros,Grupo,Brasil,Desastres → inadimplência,Sazonal BIC,D,-10.95624466601429,8.547899495876508e-20,3,127,0.1287202378902088,0.1,14,>=0.10,True,limite tabular; transição de API registrada,Compatível com estacionariedade,131,0.9428832815247035
Total (2013–2024),Tipologia | Alagamentos,Tipologia,Brasil,Desastres → inadimplência,Principal sazonal fixa,I,-6.407621742949496,1.9257332083645825e-08,0,130,0.08688154925709489,0.1,5,>=0.10,True,limite tabular; transição de API registrada,Compatível com estacionariedade,131,0.013754424083695004
Total (2013–2024),Tipologia | Alagamentos,Tipologia,Brasil,Desastres → inadimplência,Principal sazonal fixa,D,-5.1138707320190075,1.3146064476816389e-05,12,118,0.4999999999999946,0.04166666666666788,130,interpolado,False,transição de API registrada,Inconclusiva,131,1.0325557336060653
Total (2013–2024),Tipologia | Alagamentos,Tipologia,Brasil,Desastres → inadimplência,Simples fixa com dummies,I,-4.170540726589192,0.0007387805409210193,6,136,0.1611438212774098,0.1,6,>=0.10,True,limite tabular; transição de API registrada,Compatível com estacionariedade,143,0.009952658321423082
Total (2013–2024),Tipologia | Alagamentos,Tipologia,Brasil,Desastres → inadimplência,Simples fixa com dummies,D,-8.883280621973672,1.3004617551774774e-14,8,134,0.017011542269451355,0.1,0,>=0.10,True,limite tabular; transição de API registrada,Compatível com estacionariedade,143,0.6147976425003634
Total (2013–2024),Tipologia | Alagamentos,Tipologia,Brasil,Desastres → inadimplência,Relativa sazonal fixa,I,-6.143283456552321,7.876630254693833e-08,0,130,0.07138951055369934,0.1,5,>=0.10,True,limite tabular; transição de API registrada,Compatível com estacionariedade,131,9.69993191759996
Total (2013–2024),Tipologia | Alagamentos,Tipologia,Brasil,Desastres → inadimplência,Relativa sazonal fixa,D,-5.1138707320190075,1.3146064476816389e-05,12,118,0.4999999999999946,0.04166666666666788,130,interpolado,False,transição de API registrada,Inconclusiva,131,1.0325557336060653
Total (2013–2024),Tipologia | Alagamentos,Tipologia,Brasil,Desastres → inadimplência,Sazonal BIC,I,-6.407621742949496,1.9257332083645825e-08,0,130,0.08688154925709489,0.1,5,>=0.10,True,limite tabular; transição de API registrada,Compatível com estacionariedade,131,0.013754424083695004
Total (2013–2024),Tipologia | Alagamentos,Tipologia,Brasil,Desastres → inadimplência,Sazonal BIC,D,-5.1138707320190075,1.3146064476816389e-05,12,118,0.4999999999999946,0.04166666666666788,130,interpolado,False,transição de API registrada,Inconclusiva,131,1.0325557336060653
Total (2013–2024),Tipologia | Chuvas Intensas,Tipologia,Brasil,Desastres → inadimplência,Principal sazonal fixa,I,-6.407621742949496,1.9257332083645825e-08,0,130,0.08688154925709489,0.1,5,>=0.10,True,limite tabular; transição de API registrada,Compatível com estacionariedade,131,0.013754424083695004
Total (2013–2024),Tipologia | Chuvas Intensas,Tipologia,Brasil,Desastres → inadimplência,Principal sazonal fixa,D,-5.520338803275019,1.8838894374314733e-06,11,119,0.08576756363214329,0.1,26,>=0.10,True,limite tabular; transição de API registrada,Compatível com estacionariedade,131,1.8691756630087284
Total (2013–2024),Tipologia | Chuvas Intensas,Tipologia,Brasil,Desastres → inadimplência,Simples fixa com dummies,I,-4.170540726589192,0.0007387805409210193,6,136,0.1611438212774098,0.1,6,>=0.10,True,limite tabular; transição de API registrada,Compatível com estacionariedade,143,0.009952658321423082
Total (2013–2024),Tipologia | Chuvas Intensas,Tipologia,Brasil,Desastres → inadimplência,Simples fixa com dummies,D,-8.364414267428046,2.7676845077134345e-13,10,132,0.03788542636505455,0.1,9,>=0.10,True,limite tabular; transição de API registrada,Compatível com estacionariedade,143,1.2075049075348336
Total (2013–2024),Tipologia | Chuvas Intensas,Tipologia,Brasil,Desastres → inadimplência,Relativa sazonal fixa,I,-6.143283456552321,7.876630254693833e-08,0,130,0.07138951055369934,0.1,5,>=0.10,True,limite tabular; transição de API registrada,Compatível com estacionariedade,131,9.69993191759996
Total (2013–2024),Tipologia | Chuvas Intensas,Tipologia,Brasil,Desastres → inadimplência,Relativa sazonal fixa,D,-5.520338803275019,1.8838894374314733e-06,11,119,0.08576756363214329,0.1,26,>=0.10,True,limite tabular; transição de API registrada,Compatível com estacionariedade,131,1.8691756630087284
Total (2013–2024),Tipologia | Chuvas Intensas,Tipologia,Brasil,Desastres → inadimplência,Sazonal BIC,I,-6.407621742949496,1.9257332083645825e-08,0,130,0.08688154925709489,0.1,5,>=0.10,True,limite tabular; transição de API registrada,Compatível com estacionariedade,131,0.013754424083695004
Total (2013–2024),Tipologia | Chuvas Intensas,Tipologia,Brasil,Desastres → inadimplência,Sazonal BIC,D,-5.520338803275019,1.8838894374314733e-06,11,119,0.08576756363214329,0.1,26,>=0.10,True,limite tabular; transição de API registrada,Compatível com estacionariedade,131,1.8691756630087284
Total (2013–2024),Tipologia | Doenças infecciosas,Tipologia,Brasil,Desastres → inadimplência,Principal sazonal fixa,I,-6.407621742949496,1.9257332083645825e-08,0,130,0.08688154925709489,0.1,5,>=0.10,True,limite tabular; transição de API registrada,Compatível com estacionariedade,131,0.013754424083695004
Total (2013–2024),Tipologia | Doenças infecciosas,Tipologia,Brasil,Desastres → inadimplência,Principal sazonal fixa,D,-10.7982861300086,2.0486279578508514e-19,2,128,0.08972913818896615,0.1,19,>=0.10,True,limite tabular; transição de API registrada,Compatível com estacionariedade,131,0.8709775981460927
Total (2013–2024),Tipologia | Doenças infecciosas,Tipologia,Brasil,Desastres → inadimplência,Simples fixa com dummies,I,-4.170540726589192,0.0007387805409210193,6,136,0.1611438212774098,0.1,6,>=0.10,True,limite tabular; transição de API registrada,Compatível com estacionariedade,143,0.009952658321423082
Total (2013–2024),Tipologia | Doenças infecciosas,Tipologia,Brasil,Desastres → inadimplência,Simples fixa com dummies,D,-9.799783629880949,6.038112365238047e-17,10,132,0.1432151532779576,0.1,38,>=0.10,True,limite tabular; transição de API registrada,Compatível com estacionariedade,143,0.6836579955563609
Total (2013–2024),Tipologia | Doenças infecciosas,Tipologia,Brasil,Desastres → inadimplência,Relativa sazonal fixa,I,-6.143283456552321,7.876630254693833e-08,0,130,0.07138951055369934,0.1,5,>=0.10,True,limite tabular; transição de API registrada,Compatível com estacionariedade,131,9.69993191759996
Total (2013–2024),Tipologia | Doenças infecciosas,Tipologia,Brasil,Desastres → inadimplência,Relativa sazonal fixa,D,-10.7982861300086,2.0486279578508514e-19,2,128,0.08972913818896615,0.1,19,>=0.10,True,limite tabular; transição de API registrada,Compatível com estacionariedade,131,0.8709775981460927
Total (2013–2024),Tipologia | Doenças infecciosas,Tipologia,Brasil,Desastres → inadimplência,Sazonal BIC,I,-6.407621742949496,1.9257332083645825e-08,0,130,0.08688154925709489,0.1,5,>=0.10,True,limite tabular; transição de API registrada,Compatível com estacionariedade,131,0.013754424083695004
Total (2013–2024),Tipologia | Doenças infecciosas,Tipologia,Brasil,Desastres → inadimplência,Sazonal BIC,D,-10.7982861300086,2.0486279578508514e-19,2,128,0.08972913818896615,0.1,19,>=0.10,True,limite tabular; transição de API registrada,Compatível com estacionariedade,131,0.8709775981460927
Total (2013–2024),Tipologia | Enxurradas,Tipologia,Brasil,Desastres → inadimplência,Principal sazonal fixa,I,-6.407621742949496,1.9257332083645825e-08,0,130,0.08688154925709489,0.1,5,>=0.10,True,limite tabular; transição de API registrada,Compatível com estacionariedade,131,0.013754424083695004
Total (2013–2024),Tipologia | Enxurradas,Tipologia,Brasil,Desastres → inadimplência,Principal sazonal fixa,D,-6.0718636808799005,1.1457570244399973e-07,12,118,0.0823101381679758,0.1,17,>=0.10,True,limite tabular; transição de API registrada,Compatível com estacionariedade,131,2.597936503851158
Total (2013–2024),Tipologia | Enxurradas,Tipologia,Brasil,Desastres → inadimplência,Simples fixa com dummies,I,-4.170540726589192,0.0007387805409210193,6,136,0.1611438212774098,0.1,6,>=0.10,True,limite tabular; transição de API registrada,Compatível com estacionariedade,143,0.009952658321423082
Total (2013–2024),Tipologia | Enxurradas,Tipologia,Brasil,Desastres → inadimplência,Simples fixa com dummies,D,-15.97347367103315,6.962538573882174e-29,0,142,0.039602904300481176,0.1,8,>=0.10,True,limite tabular; transição de API registrada,Compatível com estacionariedade,143,1.3012273759561879
Total (2013–2024),Tipologia | Enxurradas,Tipologia,Brasil,Desastres → inadimplência,Relativa sazonal fixa,I,-6.143283456552321,7.876630254693833e-08,0,130,0.07138951055369934,0.1,5,>=0.10,True,limite tabular; transição de API registrada,Compatível com estacionariedade,131,9.69993191759996
Total (2013–2024),Tipologia | Enxurradas,Tipologia,Brasil,Desastres → inadimplência,Relativa sazonal fixa,D,-6.0718636808799005,1.1457570244399973e-07,12,118,0.0823101381679758,0.1,17,>=0.10,True,limite tabular; transição de API registrada,Compatível com estacionariedade,131,2.597936503851158
Total (2013–2024),Tipologia | Enxurradas,Tipologia,Brasil,Desastres → inadimplência,Sazonal BIC,I,-6.407621742949496,1.9257332083645825e-08,0,130,0.08688154925709489,0.1,5,>=0.10,True,limite tabular; transição de API registrada,Compatível com estacionariedade,131,0.013754424083695004
Total (2013–2024),Tipologia | Enxurradas,Tipologia,Brasil,Desastres → inadimplência,Sazonal BIC,D,-6.0718636808799005,1.1457570244399973e-07,12,118,0.0823101381679758,0.1,17,>=0.10,True,limite tabular; transição de API registrada,Compatível com estacionariedade,131,2.597936503851158
Total (2013–2024),Tipologia | Erosão,Tipologia,Brasil,Desastres → inadimplência,Principal sazonal fixa,I,-6.407621742949496,1.9257332083645825e-08,0,130,0.08688154925709489,0.1,5,>=0.10,True,limite tabular; transição de API registrada,Compatível com estacionariedade,131,0.013754424083695004
Total (2013–2024),Tipologia | Erosão,Tipologia,Brasil,Desastres → inadimplência,Principal sazonal fixa,D,-3.0927466148797413,0.027094648976913827,10,120,0.11955277710223505,0.1,24,>=0.10,True,limite tabular; transição de API registrada,Compatível com estacionariedade,131,1.362636768669108
Total (2013–2024),Tipologia | Erosão,Tipologia,Brasil,Desastres → inadimplência,Simples fixa com dummies,I,-4.170540726589192,0.0007387805409210193,6,136,0.1611438212774098,0.1,6,>=0.10,True,limite tabular; transição de API registrada,Compatível com estacionariedade,143,0.009952658321423082
Total (2013–2024),Tipologia | Erosão,Tipologia,Brasil,Desastres → inadimplência,Simples fixa com dummies,D,-14.957491235882458,1.2537808174318107e-27,1,141,0.09235483185661683,0.1,16,>=0.10,True,limite tabular; transição de API registrada,Compatível com estacionariedade,143,0.577584388224649
Total (2013–2024),Tipologia | Erosão,Tipologia,Brasil,Desastres → inadimplência,Relativa sazonal fixa,I,-6.143283456552321,7.876630254693833e-08,0,130,0.07138951055369934,0.1,5,>=0.10,True,limite tabular; transição de API registrada,Compatível com estacionariedade,131,9.69993191759996
Total (2013–2024),Tipologia | Erosão,Tipologia,Brasil,Desastres → inadimplência,Relativa sazonal fixa,D,-3.0927466148797413,0.027094648976913827,10,120,0.11955277710223505,0.1,24,>=0.10,True,limite tabular; transição de API registrada,Compatível com estacionariedade,131,1.362636768669108
Total (2013–2024),Tipologia | Erosão,Tipologia,Brasil,Desastres → inadimplência,Sazonal BIC,I,-6.407621742949496,1.9257332083645825e-08,0,130,0.08688154925709489,0.1,5,>=0.10,True,limite tabular; transição de API registrada,Compatível com estacionariedade,131,0.013754424083695004
Total (2013–2024),Tipologia | Erosão,Tipologia,Brasil,Desastres → inadimplência,Sazonal BIC,D,-3.0927466148797413,0.027094648976913827,10,120,0.11955277710223505,0.1,24,>=0.10,True,limite tabular; transição de API registrada,Compatível com estacionariedade,131,1.362636768669108
Total (2013–2024),Tipologia | Estiagem e Seca,Tipologia,Brasil,Desastres → inadimplência,Principal sazonal fixa,I,-6.407621742949496,1.9257332083645825e-08,0,130,0.08688154925709489,0.1,5,>=0.10,True,limite tabular; transição de API registrada,Compatível com estacionariedade,131,0.013754424083695004
Total (2013–2024),Tipologia | Estiagem e Seca,Tipologia,Brasil,Desastres → inadimplência,Principal sazonal fixa,D,-6.501818270871866,1.1567884836463168e-08,12,118,0.2651169346324681,0.1,53,>=0.10,True,limite tabular; transição de API registrada,Compatível com estacionariedade,131,1.8242058965321635
Total (2013–2024),Tipologia | Estiagem e Seca,Tipologia,Brasil,Desastres → inadimplência,Simples fixa com dummies,I,-4.170540726589192,0.0007387805409210193,6,136,0.1611438212774098,0.1,6,>=0.10,True,limite tabular; transição de API registrada,Compatível com estacionariedade,143,0.009952658321423082
Total (2013–2024),Tipologia | Estiagem e Seca,Tipologia,Brasil,Desastres → inadimplência,Simples fixa com dummies,D,-10.942864334898205,9.20184898165199e-20,4,138,0.07805514391662648,0.1,9,>=0.10,True,limite tabular; transição de API registrada,Compatível com estacionariedade,143,1.2073596800709618
Total (2013–2024),Tipologia | Estiagem e Seca,Tipologia,Brasil,Desastres → inadimplência,Relativa sazonal fixa,I,-6.143283456552321,7.876630254693833e-08,0,130,0.07138951055369934,0.1,5,>=0.10,True,limite tabular; transição de API registrada,Compatível com estacionariedade,131,9.69993191759996
Total (2013–2024),Tipologia | Estiagem e Seca,Tipologia,Brasil,Desastres → inadimplência,Relativa sazonal fixa,D,-6.501818270871866,1.1567884836463168e-08,12,118,0.2651169346324681,0.1,53,>=0.10,True,limite tabular; transição de API registrada,Compatível com estacionariedade,131,1.8242058965321635
Total (2013–2024),Tipologia | Estiagem e Seca,Tipologia,Brasil,Desastres → inadimplência,Sazonal BIC,I,-6.407621742949496,1.9257332083645825e-08,0,130,0.08688154925709489,0.1,5,>=0.10,True,limite tabular; transição de API registrada,Compatível com estacionariedade,131,0.013754424083695004
Total (2013–2024),Tipologia | Estiagem e Seca,Tipologia,Brasil,Desastres → inadimplência,Sazonal BIC,D,-6.501818270871866,1.1567884836463168e-08,12,118,0.2651169346324681,0.1,53,>=0.10,True,limite tabular; transição de API registrada,Compatível com estacionariedade,131,1.8242058965321635
Total (2013–2024),Tipologia | Granizo,Tipologia,Brasil,Desastres → inadimplência,Principal sazonal fixa,I,-6.407621742949496,1.9257332083645825e-08,0,130,0.08688154925709489,0.1,5,>=0.10,True,limite tabular; transição de API registrada,Compatível com estacionariedade,131,0.013754424083695004
Total (2013–2024),Tipologia | Granizo,Tipologia,Brasil,Desastres → inadimplência,Principal sazonal fixa,D,-3.158890806733947,0.022491001003166547,10,120,0.17812662090813428,0.1,43,>=0.10,True,limite tabular; transição de API registrada,Compatível com estacionariedade,131,2.553062248695732
Total (2013–2024),Tipologia | Granizo,Tipologia,Brasil,Desastres → inadimplência,Simples fixa com dummies,I,-4.170540726589192,0.0007387805409210193,6,136,0.1611438212774098,0.1,6,>=0.10,True,limite tabular; transição de API registrada,Compatível com estacionariedade,143,0.009952658321423082
Total (2013–2024),Tipologia | Granizo,Tipologia,Brasil,Desastres → inadimplência,Simples fixa com dummies,D,-8.909186361765762,1.1162823652783746e-14,10,132,0.14189323595472464,0.1,40,>=0.10,True,limite tabular; transição de API registrada,Compatível com estacionariedade,143,1.7956024054894044
Total (2013–2024),Tipologia | Granizo,Tipologia,Brasil,Desastres → inadimplência,Relativa sazonal fixa,I,-6.143283456552321,7.876630254693833e-08,0,130,0.07138951055369934,0.1,5,>=0.10,True,limite tabular; transição de API registrada,Compatível com estacionariedade,131,9.69993191759996
Total (2013–2024),Tipologia | Granizo,Tipologia,Brasil,Desastres → inadimplência,Relativa sazonal fixa,D,-3.158890806733947,0.022491001003166547,10,120,0.17812662090813428,0.1,43,>=0.10,True,limite tabular; transição de API registrada,Compatível com estacionariedade,131,2.553062248695732
Total (2013–2024),Tipologia | Granizo,Tipologia,Brasil,Desastres → inadimplência,Sazonal BIC,I,-6.407621742949496,1.9257332083645825e-08,0,130,0.08688154925709489,0.1,5,>=0.10,True,limite tabular; transição de API registrada,Compatível com estacionariedade,131,0.013754424083695004
Total (2013–2024),Tipologia | Granizo,Tipologia,Brasil,Desastres → inadimplência,Sazonal BIC,D,-3.158890806733947,0.022491001003166547,10,120,0.17812662090813428,0.1,43,>=0.10,True,limite tabular; transição de API registrada,Compatível com estacionariedade,131,2.553062248695732
Total (2013–2024),Tipologia | Incêndio Florestal,Tipologia,Brasil,Desastres → inadimplência,Principal sazonal fixa,I,-6.407621742949496,1.9257332083645825e-08,0,130,0.08688154925709489,0.1,5,>=0.10,True,limite tabular; transição de API registrada,Compatível com estacionariedade,131,0.013754424083695004
Total (2013–2024),Tipologia | Incêndio Florestal,Tipologia,Brasil,Desastres → inadimplência,Principal sazonal fixa,D,-5.4644616008496785,2.47664198417159e-06,12,118,0.42122777270070355,0.06800527038762778,115,interpolado,True,transição de API registrada,Compatível com estacionariedade,131,1.883601678104166
Total (2013–2024),Tipologia | Incêndio Florestal,Tipologia,Brasil,Desastres → inadimplência,Simples fixa com dummies,I,-4.170540726589192,0.0007387805409210193,6,136,0.1611438212774098,0.1,6,>=0.10,True,limite tabular; transição de API registrada,Compatível com estacionariedade,143,0.009952658321423082
Total (2013–2024),Tipologia | Incêndio Florestal,Tipologia,Brasil,Desastres → inadimplência,Simples fixa com dummies,D,-9.425872832863778,5.348770445922118e-16,8,134,0.012575241480154436,0.1,4,>=0.10,True,limite tabular; transição de API registrada,Compatível com estacionariedade,143,1.1878490682349454
Total (2013–2024),Tipologia | Incêndio Florestal,Tipologia,Brasil,Desastres → inadimplência,Relativa sazonal fixa,I,-6.143283456552321,7.876630254693833e-08,0,130,0.07138951055369934,0.1,5,>=0.10,True,limite tabular; transição de API registrada,Compatível com estacionariedade,131,9.69993191759996
Total (2013–2024),Tipologia | Incêndio Florestal,Tipologia,Brasil,Desastres → inadimplência,Relativa sazonal fixa,D,-5.4644616008496785,2.47664198417159e-06,12,118,0.42122777270070355,0.06800527038762778,115,interpolado,True,transição de API registrada,Compatível com estacionariedade,131,1.883601678104166
Total (2013–2024),Tipologia | Incêndio Florestal,Tipologia,Brasil,Desastres → inadimplência,Sazonal BIC,I,-6.407621742949496,1.9257332083645825e-08,0,130,0.08688154925709489,0.1,5,>=0.10,True,limite tabular; transição de API registrada,Compatível com estacionariedade,131,0.013754424083695004
Total (2013–2024),Tipologia | Incêndio Florestal,Tipologia,Brasil,Desastres → inadimplência,Sazonal BIC,D,-5.4644616008496785,2.47664198417159e-06,12,118,0.42122777270070355,0.06800527038762778,115,interpolado,True,transição de API registrada,Compatível com estacionariedade,131,1.883601678104166
Total (2013–2024),Tipologia | Inundações,Tipologia,Brasil,Desastres → inadimplência,Principal sazonal fixa,I,-6.407621742949496,1.9257332083645825e-08,0,130,0.08688154925709489,0.1,5,>=0.10,True,limite tabular; transição de API registrada,Compatível com estacionariedade,131,0.013754424083695004
Total (2013–2024),Tipologia | Inundações,Tipologia,Brasil,Desastres → inadimplência,Principal sazonal fixa,D,-4.757510482031827,6.553292575481913e-05,11,119,0.07963001778584029,0.1,13,>=0.10,True,limite tabular; transição de API registrada,Compatível com estacionariedade,131,2.0633011850205527
Total (2013–2024),Tipologia | Inundações,Tipologia,Brasil,Desastres → inadimplência,Simples fixa com dummies,I,-4.170540726589192,0.0007387805409210193,6,136,0.1611438212774098,0.1,6,>=0.10,True,limite tabular; transição de API registrada,Compatível com estacionariedade,143,0.009952658321423082
Total (2013–2024),Tipologia | Inundações,Tipologia,Brasil,Desastres → inadimplência,Simples fixa com dummies,D,-8.271744305957158,4.772760780550563e-13,9,133,0.0308308361789148,0.1,6,>=0.10,True,limite tabular; transição de API registrada,Compatível com estacionariedade,143,1.115462886747067
Total (2013–2024),Tipologia | Inundações,Tipologia,Brasil,Desastres → inadimplência,Relativa sazonal fixa,I,-6.143283456552321,7.876630254693833e-08,0,130,0.07138951055369934,0.1,5,>=0.10,True,limite tabular; transição de API registrada,Compatível com estacionariedade,131,9.69993191759996
Total (2013–2024),Tipologia | Inundações,Tipologia,Brasil,Desastres → inadimplência,Relativa sazonal fixa,D,-4.757510482031827,6.553292575481913e-05,11,119,0.07963001778584029,0.1,13,>=0.10,True,limite tabular; transição de API registrada,Compatível com estacionariedade,131,2.0633011850205527
Total (2013–2024),Tipologia | Inundações,Tipologia,Brasil,Desastres → inadimplência,Sazonal BIC,I,-6.407621742949496,1.9257332083645825e-08,0,130,0.08688154925709489,0.1,5,>=0.10,True,limite tabular; transição de API registrada,Compatível com estacionariedade,131,0.013754424083695004
Total (2013–2024),Tipologia | Inundações,Tipologia,Brasil,Desastres → inadimplência,Sazonal BIC,D,-4.757510482031827,6.553292575481913e-05,11,119,0.07963001778584029,0.1,13,>=0.10,True,limite tabular; transição de API registrada,Compatível com estacionariedade,131,2.0633011850205527
Total (2013–2024),Tipologia | Movimento de Massa,Tipologia,Brasil,Desastres → inadimplência,Principal sazonal fixa,I,-6.407621742949496,1.9257332083645825e-08,0,130,0.08688154925709489,0.1,5,>=0.10,True,limite tabular; transição de API registrada,Compatível com estacionariedade,131,0.013754424083695004
Total (2013–2024),Tipologia | Movimento de Massa,Tipologia,Brasil,Desastres → inadimplência,Principal sazonal fixa,D,-16.02701008498363,6.115685768531746e-29,1,129,0.1451676384068862,0.1,23,>=0.10,True,limite tabular; transição de API registrada,Compatível com estacionariedade,131,1.1713223672569821
Total (2013–2024),Tipologia | Movimento de Massa,Tipologia,Brasil,Desastres → inadimplência,Simples fixa com dummies,I,-4.170540726589192,0.0007387805409210193,6,136,0.1611438212774098,0.1,6,>=0.10,True,limite tabular; transição de API registrada,Compatível com estacionariedade,143,0.009952658321423082
Total (2013–2024),Tipologia | Movimento de Massa,Tipologia,Brasil,Desastres → inadimplência,Simples fixa com dummies,D,-13.422288369156792,4.166881409316351e-25,1,141,0.03973810015591378,0.1,3,>=0.10,True,limite tabular; transição de API registrada,Compatível com estacionariedade,143,0.736889655215382
Total (2013–2024),Tipologia | Movimento de Massa,Tipologia,Brasil,Desastres → inadimplência,Relativa sazonal fixa,I,-6.143283456552321,7.876630254693833e-08,0,130,0.07138951055369934,0.1,5,>=0.10,True,limite tabular; transição de API registrada,Compatível com estacionariedade,131,9.69993191759996
Total (2013–2024),Tipologia | Movimento de Massa,Tipologia,Brasil,Desastres → inadimplência,Relativa sazonal fixa,D,-16.02701008498363,6.115685768531746e-29,1,129,0.1451676384068862,0.1,23,>=0.10,True,limite tabular; transição de API registrada,Compatível com estacionariedade,131,1.1713223672569821
Total (2013–2024),Tipologia | Movimento de Massa,Tipologia,Brasil,Desastres → inadimplência,Sazonal BIC,I,-6.407621742949496,1.9257332083645825e-08,0,130,0.08688154925709489,0.1,5,>=0.10,True,limite tabular; transição de API registrada,Compatível com estacionariedade,131,0.013754424083695004
Total (2013–2024),Tipologia | Movimento de Massa,Tipologia,Brasil,Desastres → inadimplência,Sazonal BIC,D,-16.02701008498363,6.115685768531746e-29,1,129,0.1451676384068862,0.1,23,>=0.10,True,limite tabular; transição de API registrada,Compatível com estacionariedade,131,1.1713223672569821
Total (2013–2024),Tipologia | Onda de Calor e Baixa Umidade,Tipologia,Brasil,Desastres → inadimplência,Principal sazonal fixa,I,-6.407621742949496,1.9257332083645825e-08,0,130,0.08688154925709489,0.1,5,>=0.10,True,limite tabular; transição de API registrada,Compatível com estacionariedade,131,0.013754424083695004
Total (2013–2024),Tipologia | Onda de Calor e Baixa Umidade,Tipologia,Brasil,Desastres → inadimplência,Principal sazonal fixa,D,-8.78904031960072,2.266811373788149e-14,4,126,0.11241088289269585,0.1,18,>=0.10,True,limite tabular; transição de API registrada,Compatível com estacionariedade,131,0.5163200198319275
Total (2013–2024),Tipologia | Onda de Calor e Baixa Umidade,Tipologia,Brasil,Desastres → inadimplência,Simples fixa com dummies,I,-4.170540726589192,0.0007387805409210193,6,136,0.1611438212774098,0.1,6,>=0.10,True,limite tabular; transição de API registrada,Compatível com estacionariedade,143,0.009952658321423082
Total (2013–2024),Tipologia | Onda de Calor e Baixa Umidade,Tipologia,Brasil,Desastres → inadimplência,Simples fixa com dummies,D,-18.60312173050883,2.06834979509541e-30,0,142,0.11643467799637025,0.1,26,>=0.10,True,limite tabular; transição de API registrada,Compatível com estacionariedade,143,0.3352244181586987
Total (2013–2024),Tipologia | Onda de Calor e Baixa Umidade,Tipologia,Brasil,Desastres → inadimplência,Relativa sazonal fixa,I,-6.143283456552321,7.876630254693833e-08,0,130,0.07138951055369934,0.1,5,>=0.10,True,limite tabular; transição de API registrada,Compatível com estacionariedade,131,9.69993191759996
Total (2013–2024),Tipologia | Onda de Calor e Baixa Umidade,Tipologia,Brasil,Desastres → inadimplência,Relativa sazonal fixa,D,-8.78904031960072,2.266811373788149e-14,4,126,0.11241088289269585,0.1,18,>=0.10,True,limite tabular; transição de API registrada,Compatível com estacionariedade,131,0.5163200198319275
Total (2013–2024),Tipologia | Onda de Calor e Baixa Umidade,Tipologia,Brasil,Desastres → inadimplência,Sazonal BIC,I,-6.407621742949496,1.9257332083645825e-08,0,130,0.08688154925709489,0.1,5,>=0.10,True,limite tabular; transição de API registrada,Compatível com estacionariedade,131,0.013754424083695004
Total (2013–2024),Tipologia | Onda de Calor e Baixa Umidade,Tipologia,Brasil,Desastres → inadimplência,Sazonal BIC,D,-8.78904031960072,2.266811373788149e-14,4,126,0.11241088289269585,0.1,18,>=0.10,True,limite tabular; transição de API registrada,Compatível com estacionariedade,131,0.5163200198319275
Total (2013–2024),Tipologia | Onda de Frio,Tipologia,Brasil,Desastres → inadimplência,Principal sazonal fixa,I,-6.407621742949496,1.9257332083645825e-08,0,130,0.08688154925709489,0.1,5,>=0.10,True,limite tabular; transição de API registrada,Compatível com estacionariedade,131,0.013754424083695004
Total (2013–2024),Tipologia | Onda de Frio,Tipologia,Brasil,Desastres → inadimplência,Principal sazonal fixa,D,-4.699011088588091,8.451347843916651e-05,11,119,0.23751713177774622,0.1,47,>=0.10,True,limite tabular; transição de API registrada,Compatível com estacionariedade,131,1.3212325031277026
Total (2013–2024),Tipologia | Onda de Frio,Tipologia,Brasil,Desastres → inadimplência,Simples fixa com dummies,I,-4.170540726589192,0.0007387805409210193,6,136,0.1611438212774098,0.1,6,>=0.10,True,limite tabular; transição de API registrada,Compatível com estacionariedade,143,0.009952658321423082
Total (2013–2024),Tipologia | Onda de Frio,Tipologia,Brasil,Desastres → inadimplência,Simples fixa com dummies,D,-9.709094861716226,1.0229436079770736e-16,3,139,0.14163078148135055,0.1,34,>=0.10,True,limite tabular; transição de API registrada,Compatível com estacionariedade,143,0.6280136654764967
Total (2013–2024),Tipologia | Onda de Frio,Tipologia,Brasil,Desastres → inadimplência,Relativa sazonal fixa,I,-6.143283456552321,7.876630254693833e-08,0,130,0.07138951055369934,0.1,5,>=0.10,True,limite tabular; transição de API registrada,Compatível com estacionariedade,131,9.69993191759996
Total (2013–2024),Tipologia | Onda de Frio,Tipologia,Brasil,Desastres → inadimplência,Relativa sazonal fixa,D,-4.699011088588091,8.451347843916651e-05,11,119,0.23751713177774622,0.1,47,>=0.10,True,limite tabular; transição de API registrada,Compatível com estacionariedade,131,1.3212325031277026
Total (2013–2024),Tipologia | Onda de Frio,Tipologia,Brasil,Desastres → inadimplência,Sazonal BIC,I,-6.407621742949496,1.9257332083645825e-08,0,130,0.08688154925709489,0.1,5,>=0.10,True,limite tabular; transição de API registrada,Compatível com estacionariedade,131,0.013754424083695004
Total (2013–2024),Tipologia | Onda de Frio,Tipologia,Brasil,Desastres → inadimplência,Sazonal BIC,D,-4.699011088588091,8.451347843916651e-05,11,119,0.23751713177774622,0.1,47,>=0.10,True,limite tabular; transição de API registrada,Compatível com estacionariedade,131,1.3212325031277026
Total (2013–2024),Tipologia | Outros,Tipologia,Brasil,Desastres → inadimplência,Principal sazonal fixa,I,-6.407621742949496,1.9257332083645825e-08,0,130,0.08688154925709489,0.1,5,>=0.10,True,limite tabular; transição de API registrada,Compatível com estacionariedade,131,0.013754424083695004
Total (2013–2024),Tipologia | Outros,Tipologia,Brasil,Desastres → inadimplência,Principal sazonal fixa,D,-11.879837826672459,6.215261354900532e-22,2,128,0.11103593978915348,0.1,24,>=0.10,True,limite tabular; transição de API registrada,Compatível com estacionariedade,131,0.8289319121403301
Total (2013–2024),Tipologia | Outros,Tipologia,Brasil,Desastres → inadimplência,Simples fixa com dummies,I,-4.170540726589192,0.0007387805409210193,6,136,0.1611438212774098,0.1,6,>=0.10,True,limite tabular; transição de API registrada,Compatível com estacionariedade,143,0.009952658321423082
Total (2013–2024),Tipologia | Outros,Tipologia,Brasil,Desastres → inadimplência,Simples fixa com dummies,D,-11.767911954415553,1.1076282850026005e-21,2,140,0.171809323771608,0.1,53,>=0.10,True,limite tabular; transição de API registrada,Compatível com estacionariedade,143,0.40528709512182465
Total (2013–2024),Tipologia | Outros,Tipologia,Brasil,Desastres → inadimplência,Relativa sazonal fixa,I,-6.143283456552321,7.876630254693833e-08,0,130,0.07138951055369934,0.1,5,>=0.10,True,limite tabular; transição de API registrada,Compatível com estacionariedade,131,9.69993191759996
Total (2013–2024),Tipologia | Outros,Tipologia,Brasil,Desastres → inadimplência,Relativa sazonal fixa,D,-11.879837826672459,6.215261354900532e-22,2,128,0.11103593978915348,0.1,24,>=0.10,True,limite tabular; transição de API registrada,Compatível com estacionariedade,131,0.8289319121403301
Total (2013–2024),Tipologia | Outros,Tipologia,Brasil,Desastres → inadimplência,Sazonal BIC,I,-6.407621742949496,1.9257332083645825e-08,0,130,0.08688154925709489,0.1,5,>=0.10,True,limite tabular; transição de API registrada,Compatível com estacionariedade,131,0.013754424083695004
Total (2013–2024),Tipologia | Outros,Tipologia,Brasil,Desastres → inadimplência,Sazonal BIC,D,-11.879837826672459,6.215261354900532e-22,2,128,0.11103593978915348,0.1,24,>=0.10,True,limite tabular; transição de API registrada,Compatível com estacionariedade,131,0.8289319121403301
Total (2013–2024),Tipologia | Rompimento/Colapso de barragens,Tipologia,Brasil,Desastres → inadimplência,Principal sazonal fixa,I,-6.407621742949496,1.9257332083645825e-08,0,130,0.08688154925709489,0.1,5,>=0.10,True,limite tabular; transição de API registrada,Compatível com estacionariedade,131,0.013754424083695004
Total (2013–2024),Tipologia | Rompimento/Colapso de barragens,Tipologia,Brasil,Desastres → inadimplência,Principal sazonal fixa,D,-11.121503960873522,3.456709010715956e-20,2,128,0.17820762355744293,0.1,24,>=0.10,True,limite tabular; transição de API registrada,Compatível com estacionariedade,131,0.3914568702591582
Total (2013–2024),Tipologia | Rompimento/Colapso de barragens,Tipologia,Brasil,Desastres → inadimplência,Simples fixa com dummies,I,-4.170540726589192,0.0007387805409210193,6,136,0.1611438212774098,0.1,6,>=0.10,True,limite tabular; transição de API registrada,Compatível com estacionariedade,143,0.009952658321423082
Total (2013–2024),Tipologia | Rompimento/Colapso de barragens,Tipologia,Brasil,Desastres → inadimplência,Simples fixa com dummies,D,-14.72389028727541,2.7250531344522124e-27,1,141,0.13678149310098223,0.1,13,>=0.10,True,limite tabular; transição de API registrada,Compatível com estacionariedade,143,0.1995768445942918
Total (2013–2024),Tipologia | Rompimento/Colapso de barragens,Tipologia,Brasil,Desastres → inadimplência,Relativa sazonal fixa,I,-6.143283456552321,7.876630254693833e-08,0,130,0.07138951055369934,0.1,5,>=0.10,True,limite tabular; transição de API registrada,Compatível com estacionariedade,131,9.69993191759996
Total (2013–2024),Tipologia | Rompimento/Colapso de barragens,Tipologia,Brasil,Desastres → inadimplência,Relativa sazonal fixa,D,-11.121503960873522,3.456709010715956e-20,2,128,0.17820762355744293,0.1,24,>=0.10,True,limite tabular; transição de API registrada,Compatível com estacionariedade,131,0.3914568702591582
Total (2013–2024),Tipologia | Rompimento/Colapso de barragens,Tipologia,Brasil,Desastres → inadimplência,Sazonal BIC,I,-6.407621742949496,1.9257332083645825e-08,0,130,0.08688154925709489,0.1,5,>=0.10,True,limite tabular; transição de API registrada,Compatível com estacionariedade,131,0.013754424083695004
Total (2013–2024),Tipologia | Rompimento/Colapso de barragens,Tipologia,Brasil,Desastres → inadimplência,Sazonal BIC,D,-11.121503960873522,3.456709010715956e-20,2,128,0.17820762355744293,0.1,24,>=0.10,True,limite tabular; transição de API registrada,Compatível com estacionariedade,131,0.3914568702591582
Total (2013–2024),Tipologia | Tornado,Tipologia,Brasil,Desastres → inadimplência,Principal sazonal fixa,I,-6.407621742949496,1.9257332083645825e-08,0,130,0.08688154925709489,0.1,5,>=0.10,True,limite tabular; transição de API registrada,Compatível com estacionariedade,131,0.013754424083695004
Total (2013–2024),Tipologia | Tornado,Tipologia,Brasil,Desastres → inadimplência,Principal sazonal fixa,D,-11.65602160139419,1.9845927700792667e-21,3,127,0.11740202651848179,0.1,27,>=0.10,True,limite tabular; transição de API registrada,Compatível com estacionariedade,131,0.8362025395135579
Total (2013–2024),Tipologia | Tornado,Tipologia,Brasil,Desastres → inadimplência,Simples fixa com dummies,I,-4.170540726589192,0.0007387805409210193,6,136,0.1611438212774098,0.1,6,>=0.10,True,limite tabular; transição de API registrada,Compatível com estacionariedade,143,0.009952658321423082
Total (2013–2024),Tipologia | Tornado,Tipologia,Brasil,Desastres → inadimplência,Simples fixa com dummies,D,-11.352323556967773,9.925178053596434e-21,3,139,0.13823317417687,0.1,35,>=0.10,True,limite tabular; transição de API registrada,Compatível com estacionariedade,143,0.42536645362793046
Total (2013–2024),Tipologia | Tornado,Tipologia,Brasil,Desastres → inadimplência,Relativa sazonal fixa,I,-6.143283456552321,7.876630254693833e-08,0,130,0.07138951055369934,0.1,5,>=0.10,True,limite tabular; transição de API registrada,Compatível com estacionariedade,131,9.69993191759996
Total (2013–2024),Tipologia | Tornado,Tipologia,Brasil,Desastres → inadimplência,Relativa sazonal fixa,D,-11.65602160139419,1.9845927700792667e-21,3,127,0.11740202651848179,0.1,27,>=0.10,True,limite tabular; transição de API registrada,Compatível com estacionariedade,131,0.8362025395135579
Total (2013–2024),Tipologia | Tornado,Tipologia,Brasil,Desastres → inadimplência,Sazonal BIC,I,-6.407621742949496,1.9257332083645825e-08,0,130,0.08688154925709489,0.1,5,>=0.10,True,limite tabular; transição de API registrada,Compatível com estacionariedade,131,0.013754424083695004
Total (2013–2024),Tipologia | Tornado,Tipologia,Brasil,Desastres → inadimplência,Sazonal BIC,D,-11.65602160139419,1.9845927700792667e-21,3,127,0.11740202651848179,0.1,27,>=0.10,True,limite tabular; transição de API registrada,Compatível com estacionariedade,131,0.8362025395135579
Total (2013–2024),Tipologia | Vendavais e Ciclones,Tipologia,Brasil,Desastres → inadimplência,Principal sazonal fixa,I,-6.407621742949496,1.9257332083645825e-08,0,130,0.08688154925709489,0.1,5,>=0.10,True,limite tabular; transição de API registrada,Compatível com estacionariedade,131,0.013754424083695004
Total (2013–2024),Tipologia | Vendavais e Ciclones,Tipologia,Brasil,Desastres → inadimplência,Principal sazonal fixa,D,-10.896298961615164,1.18986697207883e-19,2,128,0.2571006985409204,0.1,38,>=0.10,True,limite tabular; transição de API registrada,Compatível com estacionariedade,131,1.7860308991640605
Total (2013–2024),Tipologia | Vendavais e Ciclones,Tipologia,Brasil,Desastres → inadimplência,Simples fixa com dummies,I,-4.170540726589192,0.0007387805409210193,6,136,0.1611438212774098,0.1,6,>=0.10,True,limite tabular; transição de API registrada,Compatível com estacionariedade,143,0.009952658321423082
Total (2013–2024),Tipologia | Vendavais e Ciclones,Tipologia,Brasil,Desastres → inadimplência,Simples fixa com dummies,D,-12.2468544911412,9.739277700227995e-23,1,141,0.10099834517775054,0.1,20,>=0.10,True,limite tabular; transição de API registrada,Compatível com estacionariedade,143,1.0890293429587472
Total (2013–2024),Tipologia | Vendavais e Ciclones,Tipologia,Brasil,Desastres → inadimplência,Relativa sazonal fixa,I,-6.143283456552321,7.876630254693833e-08,0,130,0.07138951055369934,0.1,5,>=0.10,True,limite tabular; transição de API registrada,Compatível com estacionariedade,131,9.69993191759996
Total (2013–2024),Tipologia | Vendavais e Ciclones,Tipologia,Brasil,Desastres → inadimplência,Relativa sazonal fixa,D,-10.896298961615164,1.18986697207883e-19,2,128,0.2571006985409204,0.1,38,>=0.10,True,limite tabular; transição de API registrada,Compatível com estacionariedade,131,1.7860308991640605
Total (2013–2024),Tipologia | Vendavais e Ciclones,Tipologia,Brasil,Desastres → inadimplência,Sazonal BIC,I,-6.407621742949496,1.9257332083645825e-08,0,130,0.08688154925709489,0.1,5,>=0.10,True,limite tabular; transição de API registrada,Compatível com estacionariedade,131,0.013754424083695004
Total (2013–2024),Tipologia | Vendavais e Ciclones,Tipologia,Brasil,Desastres → inadimplência,Sazonal BIC,D,-10.896298961615164,1.18986697207883e-19,2,128,0.2571006985409204,0.1,38,>=0.10,True,limite tabular; transição de API registrada,Compatível com estacionariedade,131,1.7860308991640605
