Período,Exposição,Nível,Unidade geográfica,Direção,Meses originais,Meses positivos,Protocolos,Ausentes,Variância original,Elegível exposição,Motivo exposição,Especificação,Família,Transformação,Modelo,Controle sazonal,Estacionária I,Estacionária D,Status I,Status D,p,p clássico,p HC3,Triagem básica,Triagem ampliada,Estabilidade p,Interação exposição p,Motivos,BG1 p,BG12 p,BP p,ARCH3 p,CUSUM p,RESET p,ACF12,Raiz própria,Cook máximo,Mês influente,BP LM,BP F,BP F p,ARCH3 LM,ARCH3 F,ARCH3 F p,CUSUM estatística,RESET F,ACF1,BG1 LM,BG1 F,BG1 F p,BG12 LM,BG12 F,BG12 F p,p próprio,q exposição,q0 preferido,ΔBIC ótimo,n efetivo,GL,k,Início amostra,Fim amostra,F HAC,Soma coeficientes,SE soma,IC baixo,IC alto,Δ soma influência,Unidade efeito,Estabilidade status,Motivos básicos,Estabilidade F,Interação exposição F,Estabilidade GL,Família n,p BH,p BY,p Holm,BH p clássico,BH p HC3,p BH global168,p BY global168,p Holm global168,Estabilidade BH84,Interação exposição BH84,Categoria resultado,Interpretação diagnóstica
Pré-pandemia (até jan/2020),Total nacional,Referência,Brasil,Desastres → inadimplência,85,85,18426,0,15717.770868347337,True,,Principal sazonal fixa,PRINCIPAL,Δ12ΔI; Δ12Δlog(1+D),ADL fixo,Diferença sazonal,False,True,Inconclusiva,Compatível com estacionariedade,0.06680725714348165,0.37816758652810617,0.4457379914325079,False,False,,,Estacionariedade I: Inconclusiva,0.1298622262981127,0.28204827137244404,0.8849635427746473,0.3044742371063418,0.20113037480328647,0.38589513201535114,-0.08575829046817984,0.9681846157741555,0.18898128607905895,2015-09-01,3.0004181918273565,0.3910348137041747,0.9034195040828312,3.628502283922972,1.2010819087431381,0.3183713089881999,1.0714309240587112,0.764914268710217,0.10278586760065404,2.2941507126379634,2.0275533206676157,0.16055895510758647,14.298596811855314,1.0428999122113356,0.4310623030047793,3.0,3.0,,,60.0,52.0,8.0,2015-02-01,2020-01-01,2.5352793794166364,0.0440257961659293,0.01835412755111214,0.0071955447557954175,0.08085604757606318,-0.0036213962773474426,pontos percentuais de I,Não aplicável: março2020 fora do pré,Estacionariedade I: Inconclusiva,,,,42.0,0.14029524000131147,0.6070214204826767,1.0,0.6756501319954427,0.7053876162428488,0.16505322353095467,0.941488820724049,1.0,,,Não significativo,Limitado/inconclusivo
Pré-pandemia (até jan/2020),Grupo | Climatológico,Grupo,Brasil,Desastres → inadimplência,85,85,9721,0,8358.25826330532,True,,Principal sazonal fixa,PRINCIPAL,Δ12ΔI; Δ12Δlog(1+D),ADL fixo,Diferença sazonal,False,True,Inconclusiva,Compatível com estacionariedade,0.006302568993693204,0.08842555139465944,0.12842010003533755,False,False,,,Estacionariedade I: Inconclusiva,0.17913608653364693,0.12893096976607274,0.6429019933204432,0.14919377219694327,0.1804679356100521,0.6679670692908732,-0.03335939797252247,0.9653459259538323,0.21420805416727562,2015-09-01,5.139843561195763,0.6959822484031157,0.6750784362212009,5.329590799982176,1.822244212708615,0.1543072487271546,1.0964973203964363,0.18614018842700766,0.09528249585568095,1.8047766973319712,1.581635164199307,0.21425359750989667,17.583606230420333,1.3818247040629696,0.21465930153147667,3.0,3.0,,,60.0,52.0,8.0,2015-02-01,2020-01-01,4.594457199925388,0.03661221978195802,0.021509985726497007,-0.006550724353039709,0.07977516391695574,-0.000710062573043839,pontos percentuais de I,Não aplicável: março2020 fora do pré,Estacionariedade I: Inconclusiva,,,,42.0,0.026470789773511458,0.1145322992388411,0.20798477679187571,0.5305533083679567,0.5859472082595321,0.03651143417036063,0.20826680245690413,0.8823596591170485,,,Ajustado com limitações,Limitado/inconclusivo
Pré-pandemia (até jan/2020),Grupo | Hidrológico,Grupo,Brasil,Desastres → inadimplência,85,85,6344,0,4004.663025210084,True,,Principal sazonal fixa,PRINCIPAL,Δ12ΔI; Δ12Δlog(1+D),ADL fixo,Diferença sazonal,False,True,Inconclusiva,Compatível com estacionariedade,0.7355196253253076,0.8451874692229463,0.8774685295282956,False,False,,,Estacionariedade I: Inconclusiva,0.7120772053860611,0.39690286975823613,0.6260968291691856,0.8504364702739718,0.3068469523638234,0.6490390941959978,-0.09046465357016892,0.9617810637899714,0.12313620440945122,2015-09-01,5.277846490210951,0.7164714311645916,0.6583519669433349,0.7959459113544112,0.25019033464056434,0.8608449693655973,0.9671855441575524,0.2095828724557329,0.023090775897371473,0.1362110249513515,0.11604280970945915,0.7347659516220836,12.62464302068941,0.8882707400110096,0.5654804225366357,3.0,3.0,,,60.0,52.0,8.0,2015-02-01,2020-01-01,0.42551906930297756,0.016137938360526793,0.019885233206871248,-0.02376470132194798,0.05604057804300157,-0.0036330293329688568,pontos percentuais de I,Não aplicável: março2020 fora do pré,Estacionariedade I: Inconclusiva,,,,42.0,0.8581062295461922,1.0,1.0,0.9864923049763924,0.9960453578429301,0.8521882555493219,1.0,1.0,,,Não significativo,Limitado/inconclusivo
Pré-pandemia (até jan/2020),Grupo | Meteorológico,Grupo,Brasil,Desastres → inadimplência,85,85,1584,0,469.09159663865546,True,,Principal sazonal fixa,PRINCIPAL,Δ12ΔI; Δ12Δlog(1+D),ADL fixo,Diferença sazonal,False,True,Inconclusiva,Compatível com estacionariedade,0.48931708699263476,0.8690527448601552,0.8220011744809507,False,False,,,Estacionariedade I: Inconclusiva,0.24669351968435893,0.2346428213169465,0.9390714342130292,0.5980351520824942,0.23270429846389146,0.48070003894334656,-0.12214341221789926,0.9671174867712093,0.11486047011178249,2015-09-01,2.3339799966437247,0.3006647089033666,0.9504145595214236,1.8783505408131358,0.6020174144510859,0.616559858487365,1.0367135671200998,0.5046499791690638,0.07534526936401521,1.3419321342628887,1.166737012273527,0.28515443933387763,15.125538223003446,1.12354463422646,0.36914996071733125,3.0,3.0,,,60.0,52.0,8.0,2015-02-01,2020-01-01,0.8189106518154309,0.015235658454670436,0.0187659400159211,-0.022420955122256923,0.0528922720315978,-0.006996132882601085,pontos percentuais de I,Não aplicável: março2020 fora do pré,Estacionariedade I: Inconclusiva,,,,42.0,0.6044505192261959,1.0,1.0,0.9864923049763924,0.9864014093771407,0.6524227826568464,1.0,1.0,,,Não significativo,Limitado/inconclusivo
Pré-pandemia (até jan/2020),Grupo | Outros,Grupo,Brasil,Desastres → inadimplência,85,82,777,0,181.28935574229692,True,,Principal sazonal fixa,PRINCIPAL,Δ12ΔI; Δ12Δlog(1+D),ADL fixo,Diferença sazonal,False,True,Inconclusiva,Compatível com estacionariedade,2.000803522252811e-05,0.2274325996986575,0.1980349946771008,False,False,,,Estacionariedade I: Inconclusiva; Influência material/inconclusiva,0.18783550800897225,0.18944816029460948,0.3261917010142202,0.8076076656105098,0.20812417679233838,0.9846498648819106,-0.13181010403480575,0.9680234864202385,0.24905356880720472,2015-09-01,8.073105760212032,1.1549245081596742,0.3445268495964948,0.973732032842317,0.3070452462934898,0.8201740581889672,1.0633993175981002,0.0003738152145914819,0.09591263383309723,1.7345134902974046,1.5182261970890403,0.22353874987181568,16.03917934743822,1.2161722725940944,0.30608322169853375,3.0,3.0,,,60.0,52.0,8.0,2015-02-01,2020-01-01,10.293083303371274,0.0011617180694708032,0.01868551420147091,-0.036333509303845594,0.0386569454427872,-0.0192975503770378,pontos percentuais de I,Não aplicável: março2020 fora do pré,Estacionariedade I: Inconclusiva; Influência material/inconclusiva,,,,42.0,0.0008403374793461806,0.003635924143918084,0.0008403374793461806,0.6756501319954427,0.5859472082595321,0.0016806749586923612,0.009586826909702579,0.0033413418821621943,,,Ajustado com limitações,Limitado/inconclusivo
Pré-pandemia (até jan/2020),Tipologia | Alagamentos,Tipologia,Brasil,Desastres → inadimplência,85,81,730,0,50.0546218487395,True,,Principal sazonal fixa,PRINCIPAL,Δ12ΔI; Δ12Δlog(1+D),ADL fixo,Diferença sazonal,False,True,Inconclusiva,Compatível com estacionariedade,0.0024602639596316644,0.060345908521784314,0.04088088698152937,False,False,,,Estacionariedade I: Inconclusiva,0.6727707773445639,0.6431702388290592,0.4563799855994298,0.7320303646684405,0.6234884678247615,0.9602938174539288,-0.06710597071979044,0.9477264654790936,0.22236837870733908,2017-06-01,6.740591006265464,0.9401711867797818,0.484089493622171,1.2878073229887903,0.4083713387127786,0.7476168261859072,0.7521858068368735,0.002503012669686634,-0.02467609036054669,0.1783781223519898,0.15207351379669518,0.6981855795825086,9.689608653118711,0.6419885563541323,0.793655265193066,3.0,3.0,,,60.0,52.0,8.0,2015-02-01,2020-01-01,5.452303086362498,0.05791207950414894,0.03140415074637152,-0.005104959256733092,0.12092911826503097,0.012189743130780258,pontos percentuais de I,Não aplicável: março2020 fora do pré,Estacionariedade I: Inconclusiva,,,,42.0,0.02066621726090598,0.0894174068742567,0.09349003046600325,0.5305533083679567,0.4292493133060584,0.024313196777536447,0.13868619147460368,0.373960121864013,,,Ajustado com limitações,Limitado/inconclusivo
Pré-pandemia (até jan/2020),Tipologia | Chuvas Intensas,Tipologia,Brasil,Desastres → inadimplência,85,83,2185,0,836.3053221288517,True,,Principal sazonal fixa,PRINCIPAL,Δ12ΔI; Δ12Δlog(1+D),ADL fixo,Diferença sazonal,False,True,Inconclusiva,Compatível com estacionariedade,0.7645636926191699,0.8496984336532013,0.9349408810259738,False,False,,,Estacionariedade I: Inconclusiva,0.5903472853262073,0.4456043552803379,0.4317919318511042,0.8156701532158818,0.2765290742989366,0.7071001919335393,-0.0912995089131918,0.9595228043698042,0.14651477490457698,2015-09-01,6.97208703697023,0.9767053550921243,0.4580910646749078,0.9403952809666436,0.29635688740601107,0.8278554046169837,0.9939614225577971,0.1427807660775907,0.032757741086469026,0.2898022432211156,0.24752747369017644,0.6209598428763016,12.000937461749858,0.8334147118106979,0.6166128457567491,3.0,3.0,,,60.0,52.0,8.0,2015-02-01,2020-01-01,0.38454683492649694,0.005072549998975175,0.01691859242247711,-0.028877089431729397,0.03902218942967975,-0.004630350539879169,pontos percentuais de I,Não aplicável: março2020 fora do pré,Estacionariedade I: Inconclusiva,,,,42.0,0.8678831105406793,1.0,1.0,0.9864923049763924,1.0,0.8797719202741133,1.0,1.0,,,Não significativo,Limitado/inconclusivo
Pré-pandemia (até jan/2020),Tipologia | Doenças infecciosas,Tipologia,Brasil,Desastres → inadimplência,85,39,235,0,139.63445378151263,True,,Principal sazonal fixa,PRINCIPAL,Δ12ΔI; Δ12Δlog(1+D),ADL fixo,Diferença sazonal,False,True,Inconclusiva,Compatível com estacionariedade,0.005912669823129977,0.4934170471769972,0.36060222694151345,False,False,,,Estacionariedade I: Inconclusiva,0.5069315676449234,0.21248294123348613,0.8161543579524011,0.9270257286576026,0.2547959391773568,0.6519747091799942,-0.1226664008899048,0.9617994539277024,0.21134910378266974,2016-03-01,3.676848926069549,0.4849468532668115,0.8411721287003315,0.4626094171657392,0.14455506852503078,0.9327219012640007,1.0144842818973192,0.20583714612481036,0.04661742101063606,0.44039562121968245,0.3771041953093644,0.5418868768057495,15.55490362679431,1.1666006598478045,0.3387467909677655,3.0,3.0,,,60.0,52.0,8.0,2015-02-01,2020-01-01,4.651916976385736,-0.016332305007372417,0.017787172983790067,-0.05202487884637433,0.01936026883162949,0.0025171466183404583,pontos percentuais de I,Não aplicável: março2020 fora do pré,Estacionariedade I: Inconclusiva,,,,42.0,0.026470789773511458,0.1145322992388411,0.20103077398641922,0.7970583069782262,0.7053876162428488,0.03651143417036063,0.20826680245690413,0.8395991148844567,,,Ajustado com limitações,Limitado/inconclusivo
Pré-pandemia (até jan/2020),Tipologia | Enxurradas,Tipologia,Brasil,Desastres → inadimplência,85,81,1887,0,567.4238095238094,True,,Principal sazonal fixa,PRINCIPAL,Δ12ΔI; Δ12Δlog(1+D),ADL fixo,Diferença sazonal,False,True,Inconclusiva,Compatível com estacionariedade,0.385278357579717,0.767953993673963,0.6688392996434299,False,False,,,Estacionariedade I: Inconclusiva,0.6132638217268872,0.2867798511276785,0.9640181063186344,0.8236430179207921,0.28938222350977194,0.7581301617187746,-0.11546270248500962,0.9578232370612821,0.10923153016279263,2015-11-01,1.9222468462790787,0.24586949779436243,0.9713174631974391,0.9073943809194155,0.2857887218107174,0.8354400045230701,0.9823676636874804,0.09584926439144026,0.032682668744583546,0.2554494523596951,0.2180604247738878,0.6425106680025406,14.221631142421112,1.0355422948529858,0.437020349809645,3.0,3.0,,,60.0,52.0,8.0,2015-02-01,2020-01-01,1.033947480930498,0.004983182105066045,0.014594709231802344,-0.02430324454573445,0.03426960875586654,-0.0036755109079134136,pontos percentuais de I,Não aplicável: março2020 fora do pré,Estacionariedade I: Inconclusiva,,,,42.0,0.5056778443233786,1.0,1.0,0.9773959919486802,0.9259978682784933,0.5677786322227408,1.0,1.0,,,Não significativo,Limitado/inconclusivo
Pré-pandemia (até jan/2020),Tipologia | Erosão,Tipologia,Brasil,Desastres → inadimplência,85,76,285,0,5.754901960784314,True,,Principal sazonal fixa,PRINCIPAL,Δ12ΔI; Δ12Δlog(1+D),ADL fixo,Diferença sazonal,False,True,Inconclusiva,Compatível com estacionariedade,0.16609677286512073,0.5272258165380668,0.7217609654331605,False,False,,,Estacionariedade I: Inconclusiva,0.2154976789205846,0.20301705709478385,0.7894428668730334,0.8728166954604404,0.2607956153946011,0.9632466006204026,-0.1316984217507401,0.9653802041099158,0.16428429070967418,2015-09-01,3.915625348681573,0.5186382619231393,0.8163805012707422,0.7016461259124659,0.2201795855732638,0.8819647132417906,1.0086949211690934,0.0021443164598295003,0.08730942828556074,1.5341031447585585,1.3382033730946472,0.25274087176713705,15.748741949377953,1.1863121820824392,0.32545816292407687,3.0,3.0,,,60.0,52.0,8.0,2015-02-01,2020-01-01,1.760982364219369,0.0332687454871198,0.03019604306379662,-0.02732404785235283,0.09386153882659243,-0.022019580410075873,pontos percentuais de I,Não aplicável: março2020 fora do pré,Estacionariedade I: Inconclusiva,,,,42.0,0.2906693525139613,1.0,1.0,0.8201290479481038,0.9259978682784933,0.3244681144341894,1.0,1.0,,,Não significativo,Limitado/inconclusivo
Pré-pandemia (até jan/2020),Tipologia | Estiagem e Seca,Tipologia,Brasil,Desastres → inadimplência,85,85,9211,0,8172.32969187675,True,,Principal sazonal fixa,PRINCIPAL,Δ12ΔI; Δ12Δlog(1+D),ADL fixo,Diferença sazonal,False,True,Inconclusiva,Compatível com estacionariedade,0.015210772949150552,0.15955117843562472,0.2326033669208795,False,False,,,Estacionariedade I: Inconclusiva,0.1818026416619423,0.12567099982165741,0.6760251730261495,0.13353125034452473,0.17146037909922937,0.5729952462721718,-0.03859464269681816,0.9673019394822597,0.1713483603583054,2015-09-01,4.868350992628092,0.6559733608414042,0.7077465928406514,5.586920639050039,1.9197890079734303,0.1375574438201857,1.1081332875327228,0.32183587414734754,0.09486873344412426,1.782826414748444,1.5618097127134725,0.21710520591470636,17.68266855842586,1.3928626054661661,0.20948746349369965,3.0,3.0,,,60.0,52.0,8.0,2015-02-01,2020-01-01,3.81229458550343,0.03197308252177111,0.02302051762013757,-0.014220965611544234,0.07816713065508646,-0.0014478518067092098,pontos percentuais de I,Não aplicável: março2020 fora do pré,Estacionariedade I: Inconclusiva,,,,42.0,0.056353702616746694,0.24382797742500845,0.4867447343728177,0.6201034878934341,0.5859472082595321,0.07310750609740112,0.4170163916175184,1.0,,,Apenas nominal,Limitado/inconclusivo
Pré-pandemia (até jan/2020),Tipologia | Granizo,Tipologia,Brasil,Desastres → inadimplência,85,64,509,0,90.51176470588234,True,,Principal sazonal fixa,PRINCIPAL,Δ12ΔI; Δ12Δlog(1+D),ADL fixo,Diferença sazonal,False,True,Inconclusiva,Compatível com estacionariedade,0.06535922074621091,0.3860857897116815,0.42480436591643134,False,False,,,Estacionariedade I: Inconclusiva,0.5714007116538555,0.2346940518214232,0.6076783259791467,0.4943244572199327,0.27964213104105984,0.5210186738760174,-0.14719749655585093,0.9561989699216409,0.13877096426252392,2015-09-01,5.429683800014766,0.7391343270790457,0.6399048506418862,2.3962961951725026,0.7753057606867216,0.5129890917990682,0.9911185356272005,0.417631846210009,0.03459078753861595,0.32034445829144165,0.27375438454811096,0.6030903594511055,15.124581537130151,1.1234496193533594,0.3692191306233497,3.0,3.0,,,60.0,52.0,8.0,2015-02-01,2020-01-01,2.553949322782105,0.032649709052835846,0.01792009177441576,-0.0033095858527077693,0.06860900395837946,-0.0034749378773197073,pontos percentuais de I,Não aplicável: março2020 fora do pré,Estacionariedade I: Inconclusiva,,,,42.0,0.14029524000131147,0.6070214204826767,1.0,0.6756501319954427,0.7053876162428488,0.1639849407597411,0.9353951724756036,1.0,,,Não significativo,Limitado/inconclusivo
Pré-pandemia (até jan/2020),Tipologia | Incêndio Florestal,Tipologia,Brasil,Desastres → inadimplência,85,56,443,0,114.50224089635854,True,,Principal sazonal fixa,PRINCIPAL,Δ12ΔI; Δ12Δlog(1+D),ADL fixo,Diferença sazonal,False,True,Inconclusiva,Compatível com estacionariedade,0.024137198126076315,0.3793677408904457,0.21806414217664508,False,False,,,Estacionariedade I: Inconclusiva,0.5490460309055571,0.36477935536909945,0.9281625891661182,0.7480776434773853,0.2941691996472535,0.5590200667920422,-0.08522842563964492,0.9529975179006688,0.16576107417577218,2017-03-01,2.485799313990509,0.3210674501395658,0.9411051473515926,1.2205594657235728,0.3865800198288574,0.7631056332781118,0.9781435286183289,0.3459331263198752,0.039210776641314955,0.3590289429297533,0.3070117029432036,0.5819412769440495,13.058827999925704,0.927318701508987,0.5299296967527055,3.0,3.0,,,60.0,52.0,8.0,2015-02-01,2020-01-01,3.4095668879099947,0.016413658504312686,0.013817721478350933,-0.011313628153452476,0.04414094516207785,-0.009814509131798136,pontos percentuais de I,Não aplicável: março2020 fora do pré,Estacionariedade I: Inconclusiva,,,,42.0,0.07241159437822894,0.31330634509393934,0.6999787456562131,0.6756501319954427,0.5859472082595321,0.10137623212952053,0.578265526690363,1.0,,,Apenas nominal,Limitado/inconclusivo
Pré-pandemia (até jan/2020),Tipologia | Inundações,Tipologia,Brasil,Desastres → inadimplência,85,78,1075,0,153.65966386554624,True,,Principal sazonal fixa,PRINCIPAL,Δ12ΔI; Δ12Δlog(1+D),ADL fixo,Diferença sazonal,False,True,Inconclusiva,Compatível com estacionariedade,0.9238891899781428,0.9432953877980915,0.9376308686425302,False,False,,,Estacionariedade I: Inconclusiva,0.4168564789667102,0.24181910400512907,0.19771108022625947,0.7613404597717609,0.2504837757594234,0.5460124592554736,-0.11645240053645123,0.9673731673000006,0.103857515419954,2017-06-01,9.841903745725858,1.4576168241636398,0.20309130188201277,1.1652908535711357,0.3687098114143835,0.775873363370659,1.018707572653285,0.36942972357729814,0.0556299936638752,0.659160488364039,0.5665100996755137,0.4551092931379721,14.993006965531126,1.110420548354092,0.3787900558228392,3.0,3.0,,,60.0,52.0,8.0,2015-02-01,2020-01-01,0.15825542815565147,0.008444904393317304,0.014922161280211104,-0.021498602864233538,0.03838841165086814,0.011804747880857844,pontos percentuais de I,Não aplicável: março2020 fora do pré,Estacionariedade I: Inconclusiva,,,,42.0,0.9700836494770501,1.0,1.0,1.0,1.0,1.0,1.0,1.0,,,Não significativo,Limitado/inconclusivo
Pré-pandemia (até jan/2020),Tipologia | Movimento de Massa,Tipologia,Brasil,Desastres → inadimplência,85,76,479,0,24.496358543417365,True,,Principal sazonal fixa,PRINCIPAL,Δ12ΔI; Δ12Δlog(1+D),ADL fixo,Diferença sazonal,False,True,Inconclusiva,Compatível com estacionariedade,0.0021399922502780737,0.17224379669828657,0.14215270557390258,False,False,,,Estacionariedade I: Inconclusiva,0.11392440114774234,0.6309713397662735,0.897882674162118,0.5714531531942226,0.3113499654190221,0.7374429178264684,-0.11445724794270076,0.9686327414761992,0.16637568607538603,2015-09-01,2.857290253471003,0.3714486910792607,0.9148160216102917,2.0045968802157677,0.6439546375662761,0.5901931982584149,0.9633695262943175,0.11362021215201497,0.11756031045796349,2.498919978608285,2.216391741887438,0.1427099370873969,9.828864132862542,0.6530224974303432,0.7840273182592763,3.0,3.0,,,60.0,52.0,8.0,2015-02-01,2020-01-01,5.581657871884772,0.05684116428057989,0.01992273556509391,0.016863270610795338,0.09681905795036444,-0.012682183985112921,pontos percentuais de I,Não aplicável: março2020 fora do pré,Estacionariedade I: Inconclusiva,,,,42.0,0.02066621726090598,0.0894174068742567,0.08345969776084487,0.6201034878934341,0.5859472082595321,0.022844916425468056,0.13031089587244352,0.3295588065428234,,,Ajustado com limitações,Limitado/inconclusivo
Pré-pandemia (até jan/2020),Tipologia | Onda de Calor e Baixa Umidade,Tipologia,Brasil,Desastres → inadimplência,85,14,19,0,0.4375350140056023,False,Rara/constante: menos12 meses positivos ou24 protocolos,Principal sazonal fixa,PRINCIPAL,Δ12ΔI; Δ12Δlog(1+D),ADL fixo,Diferença sazonal,False,True,Inconclusiva,Compatível com estacionariedade,,,,False,False,,,Exposição não elegível,,,,,,,,,,,,,,,,,,,,,,,,,,,,,,,,,,,,,,,,,,,,,,,42.0,1.0,1.0,1.0,1.0,1.0,1.0,1.0,1.0,,,Não estimado,Limitado/inconclusivo
Pré-pandemia (até jan/2020),Tipologia | Onda de Frio,Tipologia,Brasil,Desastres → inadimplência,85,14,60,0,4.971988795518209,True,,Principal sazonal fixa,PRINCIPAL,Δ12ΔI; Δ12Δlog(1+D),ADL fixo,Diferença sazonal,False,True,Inconclusiva,Compatível com estacionariedade,0.18999625563206554,0.34070288138232324,0.11082361605541907,False,False,,,Estacionariedade I: Inconclusiva,0.8157859417757516,0.22445335923081222,0.9899363973013172,0.882022814605551,0.31392753282090663,0.7235705870093977,-0.0698509112668359,0.9623584822480438,0.08343480069774653,2015-09-01,1.2416373291554939,0.15697495928675545,0.9922675506240101,0.6623456596031401,0.20770193795469374,0.8906251088500597,0.9612023796520923,0.12648593984036727,0.015958690760510975,0.054274276623760276,0.046174903621724134,0.8307151419403822,15.318994905950362,1.142841711946365,0.3552908897104281,3.0,3.0,,,60.0,52.0,8.0,2015-02-01,2020-01-01,1.6463446596227327,0.05305210500337345,0.027750892150544652,-0.0026341340681284506,0.10873834407487534,0.0009467171576239344,pontos percentuais de I,Não aplicável: março2020 fora do pré,Estacionariedade I: Inconclusiva,,,,42.0,0.3191937094618701,1.0,1.0,0.6756501319954427,0.5859472082595321,0.3627201243884887,1.0,1.0,,,Não significativo,Limitado/inconclusivo
Pré-pandemia (até jan/2020),Tipologia | Outros,Tipologia,Brasil,Desastres → inadimplência,85,48,223,0,28.189915966386554,True,,Principal sazonal fixa,PRINCIPAL,Δ12ΔI; Δ12Δlog(1+D),ADL fixo,Diferença sazonal,False,True,Inconclusiva,Compatível com estacionariedade,0.017757606625808966,0.32225009410362393,0.38049841644734284,False,False,,,Estacionariedade I: Inconclusiva,0.22929050047353627,0.08840998040088432,0.9729640165775203,0.8399393734992775,0.2362160731344152,0.9815174997906431,-0.14589754146655953,0.9676583163262356,0.10211632474942202,2018-06-01,1.73679313041452,0.22144149831669274,0.9786567986757176,0.8397426704155534,0.2641628537587379,0.8509073281575881,1.0330775419954887,0.0005419744670602002,0.07918553174973794,1.4452572105153205,1.2587898814836544,0.2671349616795965,19.004911837038215,1.5452999118244586,0.1484624916774516,3.0,3.0,,,60.0,52.0,8.0,2015-02-01,2020-01-01,3.676764955351414,-0.005819449259084853,0.03437728874303423,-0.07480252588197762,0.06316362736380791,-0.003987999761119694,pontos percentuais de I,Não aplicável: março2020 fora do pré,Estacionariedade I: Inconclusiva,,,,42.0,0.05737072909876743,0.24822838944026251,0.532728198774269,0.6756501319954427,0.7053876162428488,0.07850731350357648,0.44781771859689473,1.0,,,Apenas nominal,Limitado/inconclusivo
Pré-pandemia (até jan/2020),Tipologia | Rompimento/Colapso de barragens,Tipologia,Brasil,Desastres → inadimplência,85,6,15,0,0.7899159663865545,False,Rara/constante: menos12 meses positivos ou24 protocolos,Principal sazonal fixa,PRINCIPAL,Δ12ΔI; Δ12Δlog(1+D),ADL fixo,Diferença sazonal,False,True,Inconclusiva,Compatível com estacionariedade,,,,False,False,,,Exposição não elegível,,,,,,,,,,,,,,,,,,,,,,,,,,,,,,,,,,,,,,,,,,,,,,,42.0,1.0,1.0,1.0,1.0,1.0,1.0,1.0,1.0,,,Não estimado,Limitado/inconclusivo
Pré-pandemia (até jan/2020),Tipologia | Tornado,Tipologia,Brasil,Desastres → inadimplência,85,25,41,0,1.0859943977591033,True,,Principal sazonal fixa,PRINCIPAL,Δ12ΔI; Δ12Δlog(1+D),ADL fixo,Diferença sazonal,False,True,Inconclusiva,Compatível com estacionariedade,0.08178100911748293,0.18941261517677196,0.1968927640634043,False,False,,,Estacionariedade I: Inconclusiva,0.42996007903792133,0.7969926631683875,0.8991017360374088,0.9760418223845199,0.30754608269404166,0.3850250732725385,-0.10971946845559796,0.9659063250573438,0.10689769914031065,2015-09-01,2.84339363928213,0.36955225465362423,0.9158861288956622,0.20949679984363168,0.06517128607799827,0.9780753027991804,0.96659053654858,0.7677416283026465,0.056202078673520194,0.6229312967885514,0.53504655635682,0.46784064849760515,7.846698912609202,0.5015150047396394,0.9012787839991657,3.0,3.0,,,60.0,52.0,8.0,2015-02-01,2020-01-01,2.363170556517339,0.06953873134216006,0.05340136930265145,-0.03761895575492477,0.17669641843924488,0.005630976821681941,pontos percentuais de I,Não aplicável: março2020 fora do pré,Estacionariedade I: Inconclusiva,,,,42.0,0.16356201823496586,0.7076907858390229,1.0,0.6201034878934341,0.5859472082595321,0.196274421881959,1.0,1.0,,,Não significativo,Limitado/inconclusivo
Pré-pandemia (até jan/2020),Tipologia | Vendavais e Ciclones,Tipologia,Brasil,Desastres → inadimplência,85,84,1029,0,240.2862745098039,True,,Principal sazonal fixa,PRINCIPAL,Δ12ΔI; Δ12Δlog(1+D),ADL fixo,Diferença sazonal,False,True,Inconclusiva,Compatível com estacionariedade,0.3634119363522264,0.7917152081324259,0.7492994072432863,False,False,,,Estacionariedade I: Inconclusiva,0.24823381179805293,0.26471770264891376,0.9355384217983718,0.4679529109698365,0.239171980702838,0.5249645916116921,-0.13425704879281358,0.9665980364065063,0.12691479244220302,2015-09-01,2.384527699635033,0.307445789002649,0.9474097953701971,2.540854908272941,0.824258930932814,0.4863495673015823,1.0300483287187716,0.40974469987793316,0.07617196027129297,1.3332164574574978,1.1589869978303196,0.28674206807651975,14.588451319988494,1.0708326952089298,0.40890361472540293,3.0,3.0,,,60.0,52.0,8.0,2015-02-01,2020-01-01,1.085603393258542,-0.008622337796006031,0.015758979688693553,-0.040245044039354985,0.02300036844734292,-0.0014322838292839379,pontos percentuais de I,Não aplicável: março2020 fora do pré,Estacionariedade I: Inconclusiva,,,,42.0,0.49236455892882286,1.0,1.0,0.9780011394577026,0.9259978682784933,0.5514139403022743,1.0,1.0,,,Não significativo,Limitado/inconclusivo
Total (2013–2024),Total nacional,Referência,Brasil,Desastres → inadimplência,144,144,40339,0,35628.99645493396,True,,Principal sazonal fixa,PRINCIPAL,Δ12ΔI; Δ12Δlog(1+D),ADL fixo,Diferença sazonal,True,True,Compatível com estacionariedade,Compatível com estacionariedade,0.0034591016375594415,0.30843021041545765,0.23716910810504868,False,False,0.03944294750593277,0.1052363063962196,Autocorrelação curta; Mudança após março2020,0.01760082801985073,0.2923896266755751,0.6911920599787065,0.010202852555164154,0.8826813553924524,0.8482468126108719,-0.20382169255488972,0.9706899142003327,0.15050322605922573,2020-06-01,4.743825763767286,0.6583759987440394,0.7066820711891916,11.301408885197096,4.029846634561873,0.009174693238793536,0.5856603231137253,0.03679002277464378,0.08737498025422617,5.635449887444637,5.468195189796424,0.021172713646949923,14.131504279530432,1.1117248274151545,0.3594091064726906,3.0,3.0,,,119.0,111.0,8.0,2015-02-01,2024-12-01,4.810299796073771,0.04214839681281071,0.012831585275145796,0.01672175399101001,0.06757503963461142,-0.0046993532647514255,pontos percentuais de I,Mudança nominal,Autocorrelação curta,2.1290638211607646,2.096644117233671,103.0,42.0,0.02076089437059312,0.08982705037754979,0.12798676058969932,0.6756501319954427,0.5859472082595321,0.02888472260256434,0.16476287368558665,0.5223243472714757,0.06761648143874188,0.37491246344900553,Ajustado com limitações,Limitado/inconclusivo
Total (2013–2024),Grupo | Climatológico,Grupo,Brasil,Desastres → inadimplência,144,144,19518,0,13392.725524475525,True,,Principal sazonal fixa,PRINCIPAL,Δ12ΔI; Δ12Δlog(1+D),ADL fixo,Diferença sazonal,True,True,Compatível com estacionariedade,Compatível com estacionariedade,0.0544119317943251,0.19193679387177723,0.11006444923010578,False,False,0.024380927069353152,0.1587052502830477,Autocorrelação curta; Mudança após março2020,0.019205315635493186,0.3531999467762034,0.616953942727037,0.006425749066949049,0.8580186620919286,0.8301625471364039,-0.1912778672050193,0.970500956269852,0.18445541911037255,2020-06-01,5.353122945052297,0.7469209666931896,0.6327809109023996,12.299098529848894,4.4277951165788405,0.005565263743252276,0.6046853214976203,0.046226590179576525,0.09074701799299321,5.482723310806853,5.31284383997358,0.023045239130699353,13.220778494842733,1.0311233248879068,0.4269464876675294,3.0,3.0,,,119.0,111.0,8.0,2015-02-01,2024-12-01,2.6192027173137435,0.021850465860861312,0.011229277729788665,-0.00040109759444941634,0.04410202931617204,0.0042589131644071646,pontos percentuais de I,Mudança nominal,Autocorrelação curta,2.3278883778960435,1.7640504973870292,103.0,42.0,0.1269611741867586,0.5493283471361844,1.0,0.6201034878934341,0.5859472082595321,0.14743878292655832,0.8410133585817617,1.0,0.049951167654284506,0.3842276731373716,Não significativo,Limitado/inconclusivo
Total (2013–2024),Grupo | Hidrológico,Grupo,Brasil,Desastres → inadimplência,144,144,15409,0,13218.328622766123,True,,Principal sazonal fixa,PRINCIPAL,Δ12ΔI; Δ12Δlog(1+D),ADL fixo,Diferença sazonal,True,True,Compatível com estacionariedade,Compatível com estacionariedade,0.030304799720179503,0.084454262604574,0.1458974042387956,True,True,0.1646203864397583,0.5900593155476909,Sem indicação nos critérios examinados,0.13224062156058458,0.4303577815206936,0.6997795937594027,0.04292854922560296,0.9172799889696547,0.713934679070555,-0.18193920966899121,0.9722294431890613,0.16561801766378884,2020-06-01,4.67314661805623,0.6481657749061696,0.7151661695414766,8.154278664914827,2.8227953758524778,0.04206177607803869,0.5554103306171659,0.1350735807774269,0.054984591867810094,2.266002409607275,2.135284237685649,0.14679450519590348,12.19235405955538,0.9417576813500655,0.5092462684208017,3.0,3.0,,,119.0,111.0,8.0,2015-02-01,2024-12-01,3.083570033490322,0.03256164248131183,0.012282453796769746,0.008223140342324506,0.05690014462029916,-0.007420314703608526,pontos percentuais de I,Sem rejeição nominal,Sem indicação nos critérios examinados,1.5046264748554936,0.6414601067444005,103.0,42.0,0.08113245828283626,0.35103928026095826,0.8485343921650261,0.5305533083679567,0.5859472082595321,0.10837299475821914,0.618176130405074,1.0,0.19476214733717884,0.6608664334134138,Apenas nominal,Triagem favorável
Total (2013–2024),Grupo | Meteorológico,Grupo,Brasil,Desastres → inadimplência,144,144,3716,0,1018.5213675213676,True,,Principal sazonal fixa,PRINCIPAL,Δ12ΔI; Δ12Δlog(1+D),ADL fixo,Diferença sazonal,True,True,Compatível com estacionariedade,Compatível com estacionariedade,0.30376848314273724,0.6703738036935754,0.41044486750292497,False,False,0.0781946345292559,0.1499960347318266,Autocorrelação curta,0.0455627445198555,0.1846530959962719,0.9032286986346886,0.01726404228605726,0.8334670241320884,0.525986645678415,-0.21016580739123328,0.9665106943607998,0.1683449855372075,2021-06-01,2.795792288464005,0.3815118108900539,0.9114739916074724,10.158719565282622,3.583279248066892,0.016106327430051012,0.6222890268749162,0.4047131766473979,0.0674247719337891,3.997687188114414,3.823797799718141,0.0530659811001939,16.145709383479243,1.295056352197603,0.23348417233283103,3.0,3.0,,,119.0,111.0,8.0,2015-02-01,2024-12-01,1.225874994254423,-0.01635371892069466,0.015281988077244213,-0.04663599847657677,0.01392856063518745,-0.0038187495828191885,pontos percentuais de I,Sem rejeição nominal,Autocorrelação curta,1.8383182879519675,1.8099741124050943,103.0,42.0,0.4399405617929298,1.0,1.0,0.9385233251710055,0.7053876162428488,0.5103310516797985,1.0,1.0,0.10597886044082305,0.3842276731373716,Não significativo,Limitado/inconclusivo
Total (2013–2024),Grupo | Outros,Grupo,Brasil,Desastres → inadimplência,144,141,1696,0,133.22299922299922,True,,Principal sazonal fixa,PRINCIPAL,Δ12ΔI; Δ12Δlog(1+D),ADL fixo,Diferença sazonal,True,True,Compatível com estacionariedade,Compatível com estacionariedade,0.2482694306559727,0.6244848484152461,0.6752141614458411,False,False,2.7062066736011707e-07,0.00023791874758858985,Autocorrelação curta; Mudança após março2020,0.016855892951904795,0.06948290322827938,0.6018864398656364,0.011825018369037729,0.859217930740118,0.9748768252945136,-0.22497351320454645,0.9726140764783872,0.18120686587351167,2020-06-01,5.477605412676988,0.7651280776769085,0.6176651754124904,10.98174125026523,3.9039402438921496,0.010750545323260507,0.6037951766833273,0.0009962962190826756,0.09349257181171088,5.7113166040394185,5.545521473213041,0.02030095055541713,19.875250823812507,1.6541864737030043,0.08898204649830221,3.0,3.0,,,119.0,111.0,8.0,2015-02-01,2024-12-01,1.3945446950677132,0.029840521679401363,0.01762651538436888,-0.005087595249333325,0.06476863860813606,-0.010556977352526635,pontos percentuais de I,Mudança nominal,Autocorrelação curta,6.95087002383623,7.035555489928194,103.0,42.0,0.3861968921315131,1.0,1.0,0.9044263321875978,0.9259978682784933,0.4344715036479523,1.0,1.0,7.577378686083278e-06,0.004996293699360387,Não significativo,Limitado/inconclusivo
Total (2013–2024),Tipologia | Alagamentos,Tipologia,Brasil,Desastres → inadimplência,144,138,1504,0,96.24864024864027,True,,Principal sazonal fixa,PRINCIPAL,Δ12ΔI; Δ12Δlog(1+D),ADL fixo,Diferença sazonal,True,False,Compatível com estacionariedade,Inconclusiva,0.003954456070589166,0.051433199952146735,0.027769591401483287,False,False,4.563151511846037e-06,0.44424417993527276,Estacionariedade D: Inconclusiva; Mudança após março2020,0.1527657578538532,0.2478581735986431,0.9642695200022915,0.02376402454537165,0.8942988681195594,0.4151327576293048,-0.2073587988144017,0.9690193388629456,0.1947306948311947,2020-06-01,1.9174129312625485,0.2596858467887546,0.9679989094595216,9.459695163560246,3.3148201829822885,0.022602765920029834,0.5760669942035623,0.6691033806868498,0.05086744199796157,2.044414413601305,1.922828947147747,0.16834897825837009,14.883702260393116,1.1793594885148564,0.30837058325564587,3.0,3.0,,,119.0,111.0,8.0,2015-02-01,2024-12-01,4.703071962872449,0.039001205835678926,0.019320818865778112,0.0007157134517874336,0.07728669821957042,0.0014753667842851287,pontos percentuais de I,Mudança nominal,Estacionariedade D: Inconclusiva,5.764036501255757,0.8994464835426461,103.0,42.0,0.02076089437059312,0.08982705037754979,0.1384059624706208,0.5305533083679567,0.4292493133060584,0.02888472260256434,0.16476287368558665,0.5773505863060182,6.388412116584452e-05,0.60057506267845,Ajustado com limitações,Limitado/inconclusivo
Total (2013–2024),Tipologia | Chuvas Intensas,Tipologia,Brasil,Desastres → inadimplência,144,142,8084,0,6612.0505050505035,True,,Principal sazonal fixa,PRINCIPAL,Δ12ΔI; Δ12Δlog(1+D),ADL fixo,Diferença sazonal,True,True,Compatível com estacionariedade,Compatível com estacionariedade,0.04488762840357674,0.04044307739555289,0.09916628325554962,True,True,0.2915510955180123,0.49260660013799007,Sem indicação nos critérios examinados,0.21955955122331677,0.4302060399694019,0.7453201016585493,0.03650698879850483,0.905848598690826,0.7634441290969433,-0.18139002489235045,0.9704636617022662,0.1617773101242032,2020-06-01,4.2943342986722755,0.5936574452013883,0.7599197769271206,8.513670719231799,2.95706169313003,0.0355075601736964,0.5660066780745718,0.09102786873142928,0.0452251098086186,1.5072476510877464,1.41112739556308,0.23742793913237487,12.194275387386513,0.9419230318489666,0.5090880134583099,3.0,3.0,,,119.0,111.0,8.0,2015-02-01,2024-12-01,2.772020183531595,0.033271772427765314,0.013312146538281174,0.006892865382197622,0.05965067947333301,-0.006938832822772741,pontos percentuais de I,Sem rejeição nominal,Sem indicação nos critérios examinados,1.2257436796090577,0.8073376074468724,103.0,42.0,0.11089884664413077,0.47983078698309,1.0,0.5305533083679567,0.5859472082595321,0.13466288521073022,0.7681376848030534,1.0,0.30234928424090163,0.6171980743819483,Apenas nominal,Triagem favorável
Total (2013–2024),Tipologia | Doenças infecciosas,Tipologia,Brasil,Desastres → inadimplência,144,45,243,0,83.78277972027972,True,,Principal sazonal fixa,PRINCIPAL,Δ12ΔI; Δ12Δlog(1+D),ADL fixo,Diferença sazonal,True,True,Compatível com estacionariedade,Compatível com estacionariedade,0.10385283395108577,0.4319275182267458,0.43931940476533005,True,False,0.00023096028923037004,0.18208056637524112,Mudança após março2020,0.05295421770678063,0.1358398164146097,0.9101403443478517,0.0157100163944346,0.8477564821287338,0.7043938413576548,-0.21230321509465822,0.968952734329917,0.25046156495404587,2021-06-01,2.713995192681387,0.3700893289373644,0.9179493260963048,10.364333339919465,3.6629210908668886,0.014566792500238375,0.6121794914719361,0.14469206933209966,0.07416084190357884,3.7453631978722464,3.574606308232624,0.061300572508913,17.38039059479752,1.4110290646299086,0.17355199689537712,3.0,3.0,,,119.0,111.0,8.0,2015-02-01,2024-12-01,2.1034797531999887,-0.02119287001511568,0.018271708149523676,-0.05739947947918635,0.015013739448954986,-0.007704774879603901,pontos percentuais de I,Mudança nominal,Sem indicação nos critérios examinados,4.180968077794394,1.6518568226876644,103.0,42.0,0.19826450117934555,0.8578395042914544,1.0,0.7256382306209329,0.7053876162428488,0.2295694224181896,1.0,1.0,0.0013857617353822203,0.3842276731373716,Não significativo,Limitado/inconclusivo
Total (2013–2024),Tipologia | Enxurradas,Tipologia,Brasil,Desastres → inadimplência,144,136,2759,0,422.6386460761461,True,,Principal sazonal fixa,PRINCIPAL,Δ12ΔI; Δ12Δlog(1+D),ADL fixo,Diferença sazonal,True,True,Compatível com estacionariedade,Compatível com estacionariedade,0.8279317205642354,0.9134747030158415,0.8499884907552337,False,False,0.0013443269236358482,0.0736194189199709,Autocorrelação curta; Mudança após março2020,0.03152714390980421,0.13758187668790284,0.7412074675525847,0.012409792255921967,0.8534374603033714,0.6792385659683959,-0.21876147429226833,0.9683801793306334,0.1980995424864954,2020-06-01,4.328924962645204,0.5986198483632899,0.7558951527385023,10.877022344855213,3.8628614783603514,0.011321483265373454,0.6080572777142405,0.17189726271280317,0.077893808127462,4.624026683535446,4.447113501552845,0.03722987490608398,17.33050997534457,1.4062892148069182,0.17572376444519966,3.0,3.0,,,119.0,111.0,8.0,2015-02-01,2024-12-01,0.2963973035560257,-0.002120395063227954,0.01068979447923708,-0.023302936443246953,0.019062146316791043,-0.007645052233078914,pontos percentuais de I,Mudança nominal,Autocorrelação curta,3.48487336762851,2.383551616017684,103.0,42.0,0.9150824279920496,1.0,1.0,1.0,0.9916532392144394,0.9183339569310515,1.0,1.0,0.006188273277576678,0.34355728829319754,Não significativo,Limitado/inconclusivo
Total (2013–2024),Tipologia | Erosão,Tipologia,Brasil,Desastres → inadimplência,144,132,480,0,5.174825174825175,True,,Principal sazonal fixa,PRINCIPAL,Δ12ΔI; Δ12Δlog(1+D),ADL fixo,Diferença sazonal,True,True,Compatível com estacionariedade,Compatível com estacionariedade,0.6842130511424707,0.7617566831927964,0.7496173219397326,False,False,0.02424688121804677,0.22094372838105447,Autocorrelação curta; Mudança após março2020,0.02728002789119844,0.09800972975694418,0.4393904144506967,0.018738996535793362,0.8409137243381162,0.7647153717222679,-0.22878857153289167,0.9720300857349133,0.15339456765149825,2020-06-01,6.899765569949082,0.9760065969509543,0.4523941959550951,9.979756756427442,3.51421175970447,0.017573057391280605,0.6170642942699616,0.09002205956439062,0.08376521877864085,4.873000521426309,4.696785684421076,0.03237564752616956,18.624219347392067,1.5307458494171344,0.12577596576887085,3.0,3.0,,,119.0,111.0,8.0,2015-02-01,2024-12-01,0.49830302331678555,0.017360917017707127,0.020538626877876987,-0.023337743239458964,0.05805957727487322,0.0016363565974022547,pontos percentuais de I,Mudança nominal,Autocorrelação curta,2.3301471667248306,1.4927566083873949,103.0,42.0,0.8210556613709648,1.0,1.0,0.9773959919486802,0.9259978682784933,0.8409289345491807,1.0,1.0,0.049951167654284506,0.4199056980810156,Não significativo,Limitado/inconclusivo
Total (2013–2024),Tipologia | Estiagem e Seca,Tipologia,Brasil,Desastres → inadimplência,144,144,16149,0,8320.069493006993,True,,Principal sazonal fixa,PRINCIPAL,Δ12ΔI; Δ12Δlog(1+D),ADL fixo,Diferença sazonal,True,True,Compatível com estacionariedade,Compatível com estacionariedade,0.13445946893813518,0.2846731112475173,0.21934821940659996,False,False,0.015349449751955705,0.09194883889064907,Autocorrelação curta; Mudança após março2020,0.02469852206146842,0.3367542694138712,0.6912762544367779,0.004926222389391769,0.8452057151161707,0.8902688505072529,-0.19548422504482965,0.9678252938067273,0.19544680580133328,2020-06-01,4.743133525483064,0.6582759375854541,0.7067653187735988,12.87005149341718,4.658995077363379,0.0041661839657893916,0.614010281946151,0.019122446752806683,0.08614447527677745,5.044900765372847,4.869804755717202,0.02940820929804724,13.456454479937513,1.0518478312667774,0.40892018214944326,3.0,3.0,,,119.0,111.0,8.0,2015-02-01,2024-12-01,1.8956661977117049,0.023920394686920175,0.011969450427888212,0.0002021296185609478,0.0476386597552794,0.004407584688277979,pontos percentuais de I,Mudança nominal,Autocorrelação curta,2.5162137684172885,2.2052224755156606,103.0,42.0,0.24553468240876855,1.0,1.0,0.6756501319954427,0.5859472082595321,0.27887889853835446,1.0,1.0,0.03792216997541998,0.3677953555625963,Não significativo,Limitado/inconclusivo
Total (2013–2024),Tipologia | Granizo,Tipologia,Brasil,Desastres → inadimplência,144,115,1070,0,104.41472416472418,True,,Principal sazonal fixa,PRINCIPAL,Δ12ΔI; Δ12Δlog(1+D),ADL fixo,Diferença sazonal,True,True,Compatível com estacionariedade,Compatível com estacionariedade,0.00026872619289747274,0.04439216131881739,0.02693619041348346,True,True,0.13604772450093602,0.14597280766862344,Sem indicação nos critérios examinados,0.1806354416308318,0.14147595342254357,0.7898013451283354,0.02288509630803159,0.9202408857720635,0.9787045110496834,-0.21812678363960322,0.9668908807006794,0.16708338814319193,2020-06-01,3.9124775772939078,0.5390742155404794,0.8032216088846582,9.542347418972817,3.3463788495978504,0.021719856266012885,0.5525421001173917,0.0007157703477292699,0.050421137457549045,1.7923883111521524,1.6821664684214321,0.19735069264515473,17.220874441931883,1.395887549307756,0.18056944069988456,3.0,3.0,,,119.0,111.0,8.0,2015-02-01,2024-12-01,6.888835942551938,0.03226158022913504,0.009816423937982354,0.012809680880274923,0.05171347957799516,-0.005482577305064518,pontos percentuais de I,Sem rejeição nominal,Sem indicação nos critérios examinados,1.592480747289069,1.8320662138614088,103.0,42.0,0.005643250050846928,0.024416891563619817,0.011017773908796382,0.5305533083679567,0.4292493133060584,0.006449428629539346,0.03678852690586889,0.04353364324939058,0.1656233167837482,0.3842276731373716,Ajustado + triagem favorável,Triagem favorável
Total (2013–2024),Tipologia | Incêndio Florestal,Tipologia,Brasil,Desastres → inadimplência,144,109,3081,0,4639.765297202797,True,,Principal sazonal fixa,PRINCIPAL,Δ12ΔI; Δ12Δlog(1+D),ADL fixo,Diferença sazonal,True,True,Compatível com estacionariedade,Compatível com estacionariedade,0.22251609683053186,0.30798633704187434,0.39867499900506553,False,False,0.0028332391410528807,0.1818828990645356,Autocorrelação curta; Mudança após março2020,0.03903200873353865,0.09770262625871017,0.5891179294359006,0.04375162477348315,0.8337084920380409,0.9147180288521051,-0.2190089430511248,0.968003359717607,0.17384911564981972,2020-06-01,5.583619052547955,0.7806654050894103,0.604826314232147,8.112061487762993,2.8070820493877684,0.04290358261812155,0.622121008534663,0.01152099572917927,0.08554445659352419,4.259473860468583,4.083492907133518,0.045733191625816974,18.635888521953873,1.531883041078384,0.12538330951532942,3.0,3.0,,,119.0,111.0,8.0,2015-02-01,2024-12-01,1.485129643239712,-0.017517599662162195,0.016799837604778912,-0.05080759938404891,0.015772400059724523,0.004891474260315399,pontos percentuais de I,Mudança nominal,Autocorrelação curta,3.1904112009040304,1.6527461379350326,103.0,42.0,0.35944907949547455,1.0,1.0,0.6756501319954427,0.7053876162428488,0.4063337420383625,1.0,1.0,0.00980719313774358,0.3842276731373716,Não significativo,Limitado/inconclusivo
Total (2013–2024),Tipologia | Inundações,Tipologia,Brasil,Desastres → inadimplência,144,132,2065,0,411.97431041181045,True,,Principal sazonal fixa,PRINCIPAL,Δ12ΔI; Δ12Δlog(1+D),ADL fixo,Diferença sazonal,True,True,Compatível com estacionariedade,Compatível com estacionariedade,0.30298807815738005,0.6222331832849624,0.7188148909447438,False,False,0.18451757343518035,0.2946125662427716,Autocorrelação curta,0.022610244350857043,0.1445896643287131,0.6708205574027906,0.02113987533642533,0.8556691325202532,0.7948165713988141,-0.21431997492381943,0.9729048605980571,0.1694220656080686,2020-06-01,4.911023944403174,0.6825796054414673,0.6865011035461978,9.716127498659251,3.4128924556454825,0.019970471716683445,0.6064202007343429,0.06796090660397765,0.08588993115845392,5.198203502532438,5.0245462099650995,0.026997484663595552,17.134988508818548,1.3877547661199738,0.1844351902806595,3.0,3.0,,,119.0,111.0,8.0,2015-02-01,2024-12-01,1.2280425660339027,0.013986531994870375,0.008982962114523405,-0.0038138071113324613,0.031786871101073214,-0.005389330916453074,pontos percentuais de I,Sem rejeição nominal,Autocorrelação curta,1.4510126090319095,1.2528217217415483,103.0,42.0,0.4399405617929298,1.0,1.0,0.9044263321875978,0.9259978682784933,0.5103310516797985,1.0,1.0,0.20945238065615068,0.505050113559037,Não significativo,Limitado/inconclusivo
Total (2013–2024),Tipologia | Movimento de Massa,Tipologia,Brasil,Desastres → inadimplência,144,135,1103,0,50.54773698523698,True,,Principal sazonal fixa,PRINCIPAL,Δ12ΔI; Δ12Δlog(1+D),ADL fixo,Diferença sazonal,True,True,Compatível com estacionariedade,Compatível com estacionariedade,0.0019563883196163367,0.12121997826494027,0.21538548524669895,False,False,8.847621558908933e-05,0.0023615477122786344,Autocorrelação curta; Mudança após março2020,0.009000908083987697,0.05960538998664034,0.8291914585377844,0.04482834809870803,0.8178476911634069,0.9389718219233897,-0.23077003159433146,0.9727577615191694,0.15483971130772306,2020-06-01,3.556629519020302,0.48853374722222104,0.8411961091409447,8.057987992708632,2.7869737290747207,0.04400532780357242,0.6329769804440565,0.0058886343448673805,0.09865008688663637,6.822646645454774,6.69021962595282,0.01099978952664292,20.41654197098786,1.708567285305415,0.07610104627388019,3.0,3.0,,,119.0,111.0,8.0,2015-02-01,2024-12-01,5.268520490531961,0.04622649606242685,0.015426265049785823,0.01565832205394487,0.07679467007090882,-0.004399853514974565,pontos percentuais de I,Mudança nominal,Autocorrelação curta,4.562683899582881,5.141411839229284,103.0,42.0,0.02066621726090598,0.0894174068742567,0.07825553278465347,0.6201034878934341,0.5859472082595321,0.022844916425468056,0.13031089587244352,0.3032401895405322,0.0007432002109483504,0.03306166797190088,Ajustado com limitações,Limitado/inconclusivo
Total (2013–2024),Tipologia | Onda de Calor e Baixa Umidade,Tipologia,Brasil,Desastres → inadimplência,144,45,103,0,2.988296425796426,True,,Principal sazonal fixa,PRINCIPAL,Δ12ΔI; Δ12Δlog(1+D),ADL fixo,Diferença sazonal,True,True,Compatível com estacionariedade,Compatível com estacionariedade,0.8650702970681937,0.9722192137955616,0.9586200980005265,False,False,0.05304610316932259,0.49439789971399206,Autocorrelação curta,0.027643943765228364,0.12141404873185442,0.842675940789111,0.014281959702234849,0.8562080353934518,0.7186285087864894,-0.22093825343898632,0.9694649760936087,0.16603445303356215,2020-06-01,3.429111055985471,0.47049827499475827,0.8541090053194662,10.571754877141732,3.743577902550644,0.013158072367967547,0.6060233200709612,0.13047923648221935,0.08372208863823252,4.850136548539145,4.673812164183338,0.03279290044443589,17.815324393892777,1.4525561837225893,0.1554724157482358,3.0,3.0,,,119.0,111.0,8.0,2015-02-01,2024-12-01,0.24453122586960196,0.005838038007022536,0.02066294977039004,-0.03510697636109082,0.046783052375135886,-0.004100118940940503,pontos percentuais de I,Sem rejeição nominal,Autocorrelação curta,2.0045401101792075,0.8040697545208321,103.0,42.0,0.9316141660734394,1.0,1.0,1.0,1.0,0.9437130513471205,1.0,1.0,0.08068948039440253,0.6171980743819483,Não significativo,Limitado/inconclusivo
Total (2013–2024),Tipologia | Onda de Frio,Tipologia,Brasil,Desastres → inadimplência,144,40,203,0,38.103681041181034,True,,Principal sazonal fixa,PRINCIPAL,Δ12ΔI; Δ12Δlog(1+D),ADL fixo,Diferença sazonal,True,True,Compatível com estacionariedade,Compatível com estacionariedade,0.016101057890499055,0.3174702520850862,0.26540755291451656,False,False,0.0023515107054911093,0.4929412013693921,Autocorrelação curta; Mudança após março2020,0.04764793661026751,0.12494697864718834,0.7993715942962973,0.012858766587289678,0.868999863635033,0.9288376739256948,-0.22554876323677883,0.9668329393683185,0.16477626758255554,2020-06-01,3.827912054271413,0.5270352337257619,0.8124813715126606,10.799870740769355,3.8326490391329817,0.011760760124751071,0.5964103748246963,0.008012425274144206,0.07470802603896695,3.9223603749080582,3.7492917185782257,0.0553955967371038,17.70496152725039,1.4419850646397625,0.15991597474078545,3.0,3.0,,,119.0,111.0,8.0,2015-02-01,2024-12-01,3.5848942586794306,0.019872694862833544,0.010053499464329596,-4.8985467952306766e-05,0.03979437519361939,0.0018786339596468908,pontos percentuais de I,Mudança nominal,Autocorrelação curta,3.2640906877223395,0.8067264765674323,103.0,42.0,0.056353702616746694,0.24382797742500845,0.4991327946054707,0.6756501319954427,0.619284290133872,0.07310750609740112,0.4170163916175184,1.0,0.008978495420966053,0.6171980743819483,Apenas nominal,Limitado/inconclusivo
Total (2013–2024),Tipologia | Outros,Tipologia,Brasil,Desastres → inadimplência,144,107,836,0,41.360528360528356,True,,Principal sazonal fixa,PRINCIPAL,Δ12ΔI; Δ12Δlog(1+D),ADL fixo,Diferença sazonal,True,True,Compatível com estacionariedade,Compatível com estacionariedade,0.3404600077735067,0.3753182894764931,0.4534634675846886,False,False,0.0010788966091085364,0.0018241169148173354,Autocorrelação curta; Mudança após março2020,0.03095928222341966,0.12055632792629353,0.8396611414036871,0.012739400423830061,0.8615368100806265,0.8309815366082896,-0.22979171333747386,0.9738883352019739,0.2098154452371147,2020-06-01,3.4579305450246576,0.47457085459163667,0.8512260395763225,10.820120395755191,3.8405744802281037,0.011643896386299566,0.6020649188440663,0.04577492765225085,0.08530984776829698,4.655219043456787,4.478333776990339,0.03658272572571004,17.8425252639842,1.4551651651250683,0.1543920637132688,3.0,3.0,,,119.0,111.0,8.0,2015-02-01,2024-12-01,1.1292698852469998,0.05181686387920302,0.0345483229608877,-0.016642944412779553,0.1202766721711856,-0.01999625736482115,pontos percentuais de I,Mudança nominal,Autocorrelação curta,3.5716666708669225,5.351585443917467,103.0,42.0,0.47664401088290936,1.0,1.0,0.6756501319954427,0.7053876162428488,0.5447360124376107,1.0,1.0,0.005570063690840538,0.030645164168931236,Não significativo,Limitado/inconclusivo
Total (2013–2024),Tipologia | Rompimento/Colapso de barragens,Tipologia,Brasil,Desastres → inadimplência,144,22,34,0,0.6012043512043512,True,,Principal sazonal fixa,PRINCIPAL,Δ12ΔI; Δ12Δlog(1+D),ADL fixo,Diferença sazonal,True,True,Compatível com estacionariedade,Compatível com estacionariedade,0.0035074933155741016,0.07931337599825092,0.2850489222114725,True,False,0.0032588348292015225,0.5188584056261069,Mudança após março2020,0.05566987894103577,0.3585460447491052,0.6326379171252676,0.02144205401467261,0.8721949704487573,0.45021544591947965,-0.1686426096336149,0.9677857342374353,0.2930995577346512,2020-06-01,5.224085079528239,0.728089626542238,0.6484743598597857,9.685052749356352,3.4009827591806303,0.020272995138936687,0.5939467814741834,0.5741989990162274,0.07020510059097314,3.6619070456893694,3.4924261768866933,0.06431044030425258,13.14561779929167,1.0245333692328715,0.4327690523945364,3.0,3.0,,,119.0,111.0,8.0,2015-02-01,2024-12-01,4.799162616324647,0.04388015660473556,0.03565146539331131,-0.026765602059656377,0.11452591526912749,-0.007053141647037665,pontos percentuais de I,Mudança nominal,Sem indicação nos critérios examinados,3.135032945059223,0.7603584924411697,103.0,42.0,0.02076089437059312,0.08982705037754979,0.12798676058969932,0.5305533083679567,0.6301081438358865,0.02888472260256434,0.16476287368558665,0.5261239973361153,0.010138597246404736,0.6171980743819483,Ajustado com limitações,Limitado/inconclusivo
Total (2013–2024),Tipologia | Tornado,Tipologia,Brasil,Desastres → inadimplência,144,43,72,0,1.020979020979021,True,,Principal sazonal fixa,PRINCIPAL,Δ12ΔI; Δ12Δlog(1+D),ADL fixo,Diferença sazonal,True,True,Compatível com estacionariedade,Compatível com estacionariedade,0.42465044759782555,0.7073825848922635,0.6471093661985035,False,False,0.000489249316336871,0.05913772542854222,Autocorrelação curta; Mudança após março2020,0.025317332813560387,0.13051358735044705,0.8700623370095738,0.012664373031815737,0.8816360288265241,0.9128239461800095,-0.22237704894705201,0.9707390112576797,0.1539376035477961,2020-06-01,3.1574748121982323,0.4322119971373851,0.8801861885559896,10.832944177321393,3.8455951133141775,0.0115704697180378,0.5865011234508478,0.012040533699890985,0.08434030709563597,5.002048776598964,4.826625035985181,0.030120771180709844,17.536267882822198,1.4258711661246777,0.16689659048334884,3.0,3.0,,,119.0,111.0,8.0,2015-02-01,2024-12-01,0.9385620164166064,0.028587168104089507,0.017077571564045782,-0.0052531799987912305,0.06242751620697025,-0.0022972804607308515,pontos percentuais de I,Mudança nominal,Autocorrelação curta,3.8838736843004513,2.558782228573311,103.0,42.0,0.5404642060335961,1.0,1.0,0.9583893085637117,0.9259978682784933,0.5803047090345355,1.0,1.0,0.0027397961714864774,0.2922099374116204,Não significativo,Limitado/inconclusivo
Total (2013–2024),Tipologia | Vendavais e Ciclones,Tipologia,Brasil,Desastres → inadimplência,144,143,2553,0,776.478583916084,True,,Principal sazonal fixa,PRINCIPAL,Δ12ΔI; Δ12Δlog(1+D),ADL fixo,Diferença sazonal,True,True,Compatível com estacionariedade,Compatível com estacionariedade,0.030907603155366194,0.13620424282545587,0.03421700826539033,True,True,0.12060791008344478,0.16702222613994955,Sem indicação nos critérios examinados,0.07119344939492961,0.27661089827916363,0.9238584904700038,0.026545744494690333,0.8458217586288023,0.30176626183757255,-0.2041531395730011,0.964760482729777,0.2141047576262905,2021-06-01,2.5425575502953772,0.346201131069431,0.9307507827553103,9.216577377680514,3.2222750215676865,0.025404454555576467,0.613569222849392,1.0764596031388374,0.06129698571243836,3.2552875457771853,3.0937191206649195,0.0813757432546272,14.388157669496033,1.1346927664109152,0.3414817711245402,3.0,3.0,,,119.0,111.0,8.0,2015-02-01,2024-12-01,3.0679583956391414,-0.031644788006807076,0.018042925930607485,-0.06739805023126358,0.004108474217649434,-0.004976335188833954,pontos percentuais de I,Sem rejeição nominal,Sem indicação nos critérios examinados,1.6470297436556007,1.7224113624651514,103.0,42.0,0.08113245828283626,0.35103928026095826,0.8485343921650261,0.6201034878934341,0.4292493133060584,0.10837299475821914,0.618176130405074,1.0,0.15586252995399016,0.3842276731373716,Apenas nominal,Triagem favorável
